{
    "asset": {
        "format": "jpg",
        "id": "00d28aae0d619a3040878e599818625a",
        "name": "1_2_3.jpg",
        "path": "file:/Users/kaitomasuda/Desktop/Univ/LeafDetection/dataset/imgs/1_2_3.jpg",
        "size": {
            "width": 2213,
            "height": 2013
        },
        "state": 2,
        "type": 1
    },
    "regions": [
        {
            "id": "KxAR7N3HQ",
            "type": "RECTANGLE",
            "tags": [
                "leaf"
            ],
            "boundingBox": {
                "height": 323.9876986416904,
                "width": 198.7752175008444,
                "left": 333.8023487750749,
                "top": 316.6831429221413
            },
            "points": [
                {
                    "x": 333.8023487750749,
                    "y": 316.6831429221413
                },
                {
                    "x": 532.5775662759194,
                    "y": 316.6831429221413
                },
                {
                    "x": 532.5775662759194,
                    "y": 640.6708415638317
                },
                {
                    "x": 333.8023487750749,
                    "y": 640.6708415638317
                }
            ]
        },
        {
            "id": "I4vl9LvCb",
            "type": "RECTANGLE",
            "tags": [
                "leaf"
            ],
            "boundingBox": {
                "height": 403.7620780251243,
                "width": 300.32890996717873,
                "left": 651.7506353622093,
                "top": 239.8118008700284
            },
            "points": [
                {
                    "x": 651.7506353622093,
                    "y": 239.8118008700284
                },
                {
                    "x": 952.079545329388,
                    "y": 239.8118008700284
                },
                {
                    "x": 952.079545329388,
                    "y": 643.5738788951527
                },
                {
                    "x": 651.7506353622093,
                    "y": 643.5738788951527
                }
            ]
        },
        {
            "id": "wZmhUx-Cq",
            "type": "RECTANGLE",
            "tags": [
                "leaf"
            ],
            "boundingBox": {
                "height": 470.83909606933594,
                "width": 322.8532354598655,
                "left": 1242.661522886807,
                "top": 232.98829234730115
            },
            "points": [
                {
                    "x": 1242.661522886807,
                    "y": 232.98829234730115
                },
                {
                    "x": 1565.5147583466724,
                    "y": 232.98829234730115
                },
                {
                    "x": 1565.5147583466724,
                    "y": 703.8273884166371
                },
                {
                    "x": 1242.661522886807,
                    "y": 703.8273884166371
                }
            ]
        },
        {
            "id": "qhB34rbI7",
            "type": "RECTANGLE",
            "tags": [
                "leaf"
            ],
            "boundingBox": {
                "height": 531.1885611794212,
                "width": 423.844048292117,
                "left": 1686.0867750124826,
                "top": 200.0892333984375
            },
            "points": [
                {
                    "x": 1686.0867750124826,
                    "y": 200.0892333984375
                },
                {
                    "x": 2109.9308233045995,
                    "y": 200.0892333984375
                },
                {
                    "x": 2109.9308233045995,
                    "y": 731.2777945778587
                },
                {
                    "x": 1686.0867750124826,
                    "y": 731.2777945778587
                }
            ]
        },
        {
            "id": "MMNreGAWS",
            "type": "RECTANGLE",
            "tags": [
                "leaf"
            ],
            "boundingBox": {
                "height": 482.97823957963425,
                "width": 377.63383919852123,
                "left": 338.22871031797024,
                "top": 941.8018174604937
            },
            "points": [
                {
                    "x": 338.22871031797024,
                    "y": 941.8018174604937
                },
                {
                    "x": 715.8625495164914,
                    "y": 941.8018174604937
                },
                {
                    "x": 715.8625495164914,
                    "y": 1424.7800570401278
                },
                {
                    "x": 338.22871031797024,
                    "y": 1424.7800570401278
                }
            ]
        },
        {
            "id": "qOavdFt9t",
            "type": "RECTANGLE",
            "tags": [
                "leaf"
            ],
            "boundingBox": {
                "height": 194.86092307350853,
                "width": 156.07938815238782,
                "left": 888.8334045410156,
                "top": 1050.4415671608665
            },
            "points": [
                {
                    "x": 888.8334045410156,
                    "y": 1050.4415671608665
                },
                {
                    "x": 1044.9127926934034,
                    "y": 1050.4415671608665
                },
                {
                    "x": 1044.9127926934034,
                    "y": 1245.302490234375
                },
                {
                    "x": 888.8334045410156,
                    "y": 1245.302490234375
                }
            ]
        },
        {
            "id": "6jPGJh2_a",
            "type": "RECTANGLE",
            "tags": [
                "leaf"
            ],
            "boundingBox": {
                "height": 150.60991183194247,
                "width": 109.93950727649202,
                "left": 1143.7978212743774,
                "top": 1119.0094507390802
            },
            "points": [
                {
                    "x": 1143.7978212743774,
                    "y": 1119.0094507390802
                },
                {
                    "x": 1253.7373285508695,
                    "y": 1119.0094507390802
                },
                {
                    "x": 1253.7373285508695,
                    "y": 1269.6193625710227
                },
                {
                    "x": 1143.7978212743774,
                    "y": 1269.6193625710227
                }
            ]
        },
        {
            "id": "E3__9U9G9",
            "type": "RECTANGLE",
            "tags": [
                "leaf"
            ],
            "boundingBox": {
                "height": 148.45395729758522,
                "width": 82.45107596261161,
                "left": 1353.125064247533,
                "top": 1141.027704412287
            },
            "points": [
                {
                    "x": 1353.125064247533,
                    "y": 1141.027704412287
                },
                {
                    "x": 1435.5761402101446,
                    "y": 1141.027704412287
                },
                {
                    "x": 1435.5761402101446,
                    "y": 1289.4816617098722
                },
                {
                    "x": 1353.125064247533,
                    "y": 1289.4816617098722
                }
            ]
        },
        {
            "id": "V5ueafx_n",
            "type": "RECTANGLE",
            "tags": [
                "leaf"
            ],
            "boundingBox": {
                "height": 140.67317754572088,
                "width": 97.41295996644443,
                "left": 1866.8627927392947,
                "top": 1154.901917891069
            },
            "points": [
                {
                    "x": 1866.8627927392947,
                    "y": 1154.901917891069
                },
                {
                    "x": 1964.275752705739,
                    "y": 1154.901917891069
                },
                {
                    "x": 1964.275752705739,
                    "y": 1295.5750954367898
                },
                {
                    "x": 1866.8627927392947,
                    "y": 1295.5750954367898
                }
            ]
        },
        {
            "id": "YZqzCorz5",
            "type": "RECTANGLE",
            "tags": [
                "leaf"
            ],
            "boundingBox": {
                "height": 119.89752335981889,
                "width": 76.13321542381344,
                "left": 1684.650251345527,
                "top": 1153.04296875
            },
            "points": [
                {
                    "x": 1684.650251345527,
                    "y": 1153.04296875
                },
                {
                    "x": 1760.7834667693405,
                    "y": 1153.04296875
                },
                {
                    "x": 1760.7834667693405,
                    "y": 1272.940492109819
                },
                {
                    "x": 1684.650251345527,
                    "y": 1272.940492109819
                }
            ]
        },
        {
            "id": "rDlMOqP3U",
            "type": "RECTANGLE",
            "tags": [
                "leaf"
            ],
            "boundingBox": {
                "height": 132.5446222478693,
                "width": 92.86879231158953,
                "left": 1499.2041352924548,
                "top": 1149.247392134233
            },
            "points": [
                {
                    "x": 1499.2041352924548,
                    "y": 1149.247392134233
                },
                {
                    "x": 1592.0729276040445,
                    "y": 1149.247392134233
                },
                {
                    "x": 1592.0729276040445,
                    "y": 1281.7920143821023
                },
                {
                    "x": 1499.2041352924548,
                    "y": 1281.7920143821023
                }
            ]
        }
    ],
    "version": "2.2.0"
}