{
    "asset": {
        "format": "jpg",
        "id": "02d4b7459e9892e1a13349c8676cc445",
        "name": "3_2_2.jpg",
        "path": "file:/Users/kaitomasuda/Desktop/Univ/LeafDetection/dataset/imgs/3_2_2.jpg",
        "size": {
            "width": 2218,
            "height": 2018
        },
        "state": 2,
        "type": 1
    },
    "regions": [
        {
            "id": "meiMhmk5D",
            "type": "RECTANGLE",
            "tags": [
                "leaf"
            ],
            "boundingBox": {
                "height": 364.69404479278916,
                "width": 254.70282450287183,
                "left": 351.2992440997931,
                "top": 299.8639996408046
            },
            "points": [
                {
                    "x": 351.2992440997931,
                    "y": 299.8639996408046
                },
                {
                    "x": 606.002068602665,
                    "y": 299.8639996408046
                },
                {
                    "x": 606.002068602665,
                    "y": 664.5580444335938
                },
                {
                    "x": 351.2992440997931,
                    "y": 664.5580444335938
                }
            ]
        },
        {
            "id": "XoZhGykBp",
            "type": "RECTANGLE",
            "tags": [
                "leaf"
            ],
            "boundingBox": {
                "height": 415.11214356404156,
                "width": 372.89194820816095,
                "left": 688.3057095730346,
                "top": 256.24709182680795
            },
            "points": [
                {
                    "x": 688.3057095730346,
                    "y": 256.24709182680795
                },
                {
                    "x": 1061.1976577811956,
                    "y": 256.24709182680795
                },
                {
                    "x": 1061.1976577811956,
                    "y": 671.3592353908496
                },
                {
                    "x": 688.3057095730346,
                    "y": 671.3592353908496
                }
            ]
        },
        {
            "id": "N14SkH3UX",
            "type": "RECTANGLE",
            "tags": [
                "leaf"
            ],
            "boundingBox": {
                "height": 523.3959330708589,
                "width": 442.65444361457423,
                "left": 1188.9916362695992,
                "top": 226.78847787206658
            },
            "points": [
                {
                    "x": 1188.9916362695992,
                    "y": 226.78847787206658
                },
                {
                    "x": 1631.6460798841736,
                    "y": 226.78847787206658
                },
                {
                    "x": 1631.6460798841736,
                    "y": 750.1844109429254
                },
                {
                    "x": 1188.9916362695992,
                    "y": 750.1844109429254
                }
            ]
        },
        {
            "id": "MnpmTAhAR",
            "type": "RECTANGLE",
            "tags": [
                "leaf"
            ],
            "boundingBox": {
                "height": 563.8890215994298,
                "width": 466.47872871638174,
                "left": 1716.5103079234266,
                "top": 226.26961099325013
            },
            "points": [
                {
                    "x": 1716.5103079234266,
                    "y": 226.26961099325013
                },
                {
                    "x": 2182.9890366398085,
                    "y": 226.26961099325013
                },
                {
                    "x": 2182.9890366398085,
                    "y": 790.15863259268
                },
                {
                    "x": 1716.5103079234266,
                    "y": 790.15863259268
                }
            ]
        },
        {
            "id": "-4rDzCzCh",
            "type": "RECTANGLE",
            "tags": [
                "leaf"
            ],
            "boundingBox": {
                "height": 489.04725243579384,
                "width": 362.1132846526568,
                "left": 247.95006324688316,
                "top": 850.1970046470906
            },
            "points": [
                {
                    "x": 247.95006324688316,
                    "y": 850.1970046470906
                },
                {
                    "x": 610.06334789954,
                    "y": 850.1970046470906
                },
                {
                    "x": 610.06334789954,
                    "y": 1339.2442570828844
                },
                {
                    "x": 247.95006324688316,
                    "y": 1339.2442570828844
                }
            ]
        },
        {
            "id": "rN4_M0aLo",
            "type": "RECTANGLE",
            "tags": [
                "leaf"
            ],
            "boundingBox": {
                "height": 545.1948307665829,
                "width": 447.00581428979746,
                "left": 751.3810090918989,
                "top": 889.6667527238985
            },
            "points": [
                {
                    "x": 751.3810090918989,
                    "y": 889.6667527238985
                },
                {
                    "x": 1198.3868233816963,
                    "y": 889.6667527238985
                },
                {
                    "x": 1198.3868233816963,
                    "y": 1434.8615834904815
                },
                {
                    "x": 751.3810090918989,
                    "y": 1434.8615834904815
                }
            ]
        },
        {
            "id": "6-JRp3UUD",
            "type": "RECTANGLE",
            "tags": [
                "leaf"
            ],
            "boundingBox": {
                "height": 407.2706233349797,
                "width": 317.7307188452744,
                "left": 1268.5078056946863,
                "top": 995.5266859266494
            },
            "points": [
                {
                    "x": 1268.5078056946863,
                    "y": 995.5266859266494
                },
                {
                    "x": 1586.2385245399607,
                    "y": 995.5266859266494
                },
                {
                    "x": 1586.2385245399607,
                    "y": 1402.797309261629
                },
                {
                    "x": 1268.5078056946863,
                    "y": 1402.797309261629
                }
            ]
        },
        {
            "id": "fm6DwbssC",
            "type": "RECTANGLE",
            "tags": [
                "leaf"
            ],
            "boundingBox": {
                "height": 324.25451823852075,
                "width": 233.09054512263174,
                "left": 1656.3264883220818,
                "top": 1011.5992894665949
            },
            "points": [
                {
                    "x": 1656.3264883220818,
                    "y": 1011.5992894665949
                },
                {
                    "x": 1889.4170334447135,
                    "y": 1011.5992894665949
                },
                {
                    "x": 1889.4170334447135,
                    "y": 1335.8538077051155
                },
                {
                    "x": 1656.3264883220818,
                    "y": 1335.8538077051155
                }
            ]
        },
        {
            "id": "qM9ASUapt",
            "type": "RECTANGLE",
            "tags": [
                "leaf"
            ],
            "boundingBox": {
                "height": 224.393054245989,
                "width": 153.78097736212436,
                "left": 609.4008546623203,
                "top": 1386.7690654184628
            },
            "points": [
                {
                    "x": 609.4008546623203,
                    "y": 1386.7690654184628
                },
                {
                    "x": 763.1818320244447,
                    "y": 1386.7690654184628
                },
                {
                    "x": 763.1818320244447,
                    "y": 1611.1621196644517
                },
                {
                    "x": 609.4008546623203,
                    "y": 1611.1621196644517
                }
            ]
        },
        {
            "id": "odRvJIP8h",
            "type": "RECTANGLE",
            "tags": [
                "leaf"
            ],
            "boundingBox": {
                "height": 105.91963002873564,
                "width": 69.86579623870318,
                "left": 1207.6754078084168,
                "top": 1431.4949656519398
            },
            "points": [
                {
                    "x": 1207.6754078084168,
                    "y": 1431.4949656519398
                },
                {
                    "x": 1277.54120404712,
                    "y": 1431.4949656519398
                },
                {
                    "x": 1277.54120404712,
                    "y": 1537.4145956806753
                },
                {
                    "x": 1207.6754078084168,
                    "y": 1537.4145956806753
                }
            ]
        }
    ],
    "version": "2.2.0"
}