{
    "asset": {
        "format": "jpg",
        "id": "05b57aca21d3e5c89dd1d9f04a08a404",
        "name": "3_2_5.jpg",
        "path": "file:/Users/kaitomasuda/Desktop/Univ/LeafDetection/dataset/imgs/3_2_5.jpg",
        "size": {
            "width": 2215,
            "height": 2019
        },
        "state": 2,
        "type": 1
    },
    "regions": [
        {
            "id": "8uG9oc2DI",
            "type": "RECTANGLE",
            "tags": [
                "leaf"
            ],
            "boundingBox": {
                "height": 303.2976099309684,
                "width": 198.90733991350447,
                "left": 374.31184668989545,
                "top": 414.5722795125403
            },
            "points": [
                {
                    "x": 374.31184668989545,
                    "y": 414.5722795125403
                },
                {
                    "x": 573.2191866034,
                    "y": 414.5722795125403
                },
                {
                    "x": 573.2191866034,
                    "y": 717.8698894435088
                },
                {
                    "x": 374.31184668989545,
                    "y": 717.8698894435088
                }
            ]
        },
        {
            "id": "S36Z8AzOd",
            "type": "RECTANGLE",
            "tags": [
                "leaf"
            ],
            "boundingBox": {
                "height": 350.36097731872906,
                "width": 282.4673685213415,
                "left": 662.032894971894,
                "top": 374.44077524218
            },
            "points": [
                {
                    "x": 662.032894971894,
                    "y": 374.44077524218
                },
                {
                    "x": 944.5002634932355,
                    "y": 374.44077524218
                },
                {
                    "x": 944.5002634932355,
                    "y": 724.8017525609091
                },
                {
                    "x": 662.032894971894,
                    "y": 724.8017525609091
                }
            ]
        },
        {
            "id": "tJUdKJhjo",
            "type": "RECTANGLE",
            "tags": [
                "leaf"
            ],
            "boundingBox": {
                "height": 427.4306093292528,
                "width": 403.69957368963685,
                "left": 1022.7105170592198,
                "top": 344.558683085396
            },
            "points": [
                {
                    "x": 1022.7105170592198,
                    "y": 344.558683085396
                },
                {
                    "x": 1426.4100907488566,
                    "y": 344.558683085396
                },
                {
                    "x": 1426.4100907488566,
                    "y": 771.9892924146488
                },
                {
                    "x": 1022.7105170592198,
                    "y": 771.9892924146488
                }
            ]
        },
        {
            "id": "wvChJZ9MY",
            "type": "RECTANGLE",
            "tags": [
                "leaf"
            ],
            "boundingBox": {
                "height": 538.120820083764,
                "width": 439.6750090595737,
                "left": 1572.2040613686165,
                "top": 295.14404997087115
            },
            "points": [
                {
                    "x": 1572.2040613686165,
                    "y": 295.14404997087115
                },
                {
                    "x": 2011.8790704281903,
                    "y": 295.14404997087115
                },
                {
                    "x": 2011.8790704281903,
                    "y": 833.2648700546353
                },
                {
                    "x": 1572.2040613686165,
                    "y": 833.2648700546353
                }
            ]
        },
        {
            "id": "HHlaMIvQ7",
            "type": "RECTANGLE",
            "tags": [
                "leaf"
            ],
            "boundingBox": {
                "height": 504.53864762432033,
                "width": 432.7608593664934,
                "left": 232.99384353052864,
                "top": 1033.9115528230684
            },
            "points": [
                {
                    "x": 232.99384353052864,
                    "y": 1033.9115528230684
                },
                {
                    "x": 665.754702897022,
                    "y": 1033.9115528230684
                },
                {
                    "x": 665.754702897022,
                    "y": 1538.4502004473889
                },
                {
                    "x": 232.99384353052864,
                    "y": 1538.4502004473889
                }
            ]
        },
        {
            "id": "2cZElNXm3",
            "type": "RECTANGLE",
            "tags": [
                "leaf"
            ],
            "boundingBox": {
                "height": 444.8800216879033,
                "width": 385.43487548828125,
                "left": 741.2257698936329,
                "top": 1065.9299061995846
            },
            "points": [
                {
                    "x": 741.2257698936329,
                    "y": 1065.9299061995846
                },
                {
                    "x": 1126.6606453819143,
                    "y": 1065.9299061995846
                },
                {
                    "x": 1126.6606453819143,
                    "y": 1510.809927887488
                },
                {
                    "x": 741.2257698936329,
                    "y": 1510.809927887488
                }
            ]
        },
        {
            "id": "lLDiuvW_u",
            "type": "RECTANGLE",
            "tags": [
                "leaf"
            ],
            "boundingBox": {
                "height": 370.81833218342945,
                "width": 310.6572018932382,
                "left": 1173.1415560519654,
                "top": 1045.4030430285013
            },
            "points": [
                {
                    "x": 1173.1415560519654,
                    "y": 1045.4030430285013
                },
                {
                    "x": 1483.7987579452035,
                    "y": 1045.4030430285013
                },
                {
                    "x": 1483.7987579452035,
                    "y": 1416.2213752119308
                },
                {
                    "x": 1173.1415560519654,
                    "y": 1416.2213752119308
                }
            ]
        },
        {
            "id": "EjQmdc0go",
            "type": "RECTANGLE",
            "tags": [
                "leaf"
            ],
            "boundingBox": {
                "height": 246.65976786567876,
                "width": 191.3855288834522,
                "left": 1536.9060035200484,
                "top": 1116.858053232926
            },
            "points": [
                {
                    "x": 1536.9060035200484,
                    "y": 1116.858053232926
                },
                {
                    "x": 1728.2915324035007,
                    "y": 1116.858053232926
                },
                {
                    "x": 1728.2915324035007,
                    "y": 1363.5178210986048
                },
                {
                    "x": 1536.9060035200484,
                    "y": 1363.5178210986048
                }
            ]
        },
        {
            "id": "xvhPcaLb1",
            "type": "RECTANGLE",
            "tags": [
                "leaf"
            ],
            "boundingBox": {
                "height": 152.20999618150992,
                "width": 123.66379262678299,
                "left": 1781.4001911442454,
                "top": 1151.4364328767329
            },
            "points": [
                {
                    "x": 1781.4001911442454,
                    "y": 1151.4364328767329
                },
                {
                    "x": 1905.0639837710285,
                    "y": 1151.4364328767329
                },
                {
                    "x": 1905.0639837710285,
                    "y": 1303.6464290582426
                },
                {
                    "x": 1781.4001911442454,
                    "y": 1303.6464290582426
                }
            ]
        },
        {
            "id": "Ng6S6HTWr",
            "type": "RECTANGLE",
            "tags": [
                "leaf"
            ],
            "boundingBox": {
                "height": 86.4245075641581,
                "width": 70.94234134262031,
                "left": 2020.7217205193815,
                "top": 1200.7034491982104
            },
            "points": [
                {
                    "x": 2020.7217205193815,
                    "y": 1200.7034491982104
                },
                {
                    "x": 2091.6640618620017,
                    "y": 1200.7034491982104
                },
                {
                    "x": 2091.6640618620017,
                    "y": 1287.1279567623685
                },
                {
                    "x": 2020.7217205193815,
                    "y": 1287.1279567623685
                }
            ]
        },
        {
            "id": "GQdu8bvbA",
            "type": "RECTANGLE",
            "tags": [
                "mark"
            ],
            "boundingBox": {
                "height": 61.03253418902366,
                "width": 55.456398355836235,
                "left": 2088.979046652126,
                "top": 43.163715778299775
            },
            "points": [
                {
                    "x": 2088.979046652126,
                    "y": 43.163715778299775
                },
                {
                    "x": 2144.4354450079622,
                    "y": 43.163715778299775
                },
                {
                    "x": 2144.4354450079622,
                    "y": 104.19624996732344
                },
                {
                    "x": 2088.979046652126,
                    "y": 104.19624996732344
                }
            ]
        },
        {
            "id": "IuU4byjTu",
            "type": "RECTANGLE",
            "tags": [
                "tag"
            ],
            "boundingBox": {
                "height": 139.2729688246893,
                "width": 319.465464947531,
                "left": 1708.7187136341054,
                "top": 1778.244903856208
            },
            "points": [
                {
                    "x": 1708.7187136341054,
                    "y": 1778.244903856208
                },
                {
                    "x": 2028.1841785816366,
                    "y": 1778.244903856208
                },
                {
                    "x": 2028.1841785816366,
                    "y": 1917.5178726808974
                },
                {
                    "x": 1708.7187136341054,
                    "y": 1917.5178726808974
                }
            ]
        },
        {
            "id": "HS_2Qr47i",
            "type": "RECTANGLE",
            "tags": [
                "scale"
            ],
            "boundingBox": {
                "height": 1435.9981377275221,
                "width": 739.3545027144694,
                "left": 168.3012283803694,
                "top": 389.8639615644232
            },
            "points": [
                {
                    "x": 168.3012283803694,
                    "y": 389.8639615644232
                },
                {
                    "x": 907.6557310948389,
                    "y": 389.8639615644232
                },
                {
                    "x": 907.6557310948389,
                    "y": 1825.8620992919455
                },
                {
                    "x": 168.3012283803694,
                    "y": 1825.8620992919455
                }
            ]
        }
    ],
    "version": "2.2.0"
}