{
    "asset": {
        "format": "jpg",
        "id": "0e3bc36db3b87327b45ed491e18304f1",
        "name": "1_3_10.jpg",
        "path": "file:/Users/kaitomasuda/Desktop/Univ/LeafDetection/dataset/imgs/1_3_10.jpg",
        "size": {
            "width": 2208,
            "height": 2006
        },
        "state": 2,
        "type": 1
    },
    "regions": [
        {
            "id": "hY4bqLX_0",
            "type": "RECTANGLE",
            "tags": [
                "leaf"
            ],
            "boundingBox": {
                "height": 334.4214217223489,
                "width": 241.46833514450188,
                "left": 386.39609888980266,
                "top": 250.83884886431645
            },
            "points": [
                {
                    "x": 386.39609888980266,
                    "y": 250.83884886431645
                },
                {
                    "x": 627.8644340343045,
                    "y": 250.83884886431645
                },
                {
                    "x": 627.8644340343045,
                    "y": 585.2602705866653
                },
                {
                    "x": 386.39609888980266,
                    "y": 585.2602705866653
                }
            ]
        },
        {
            "id": "FlOaUhP2d",
            "type": "RECTANGLE",
            "tags": [
                "leaf"
            ],
            "boundingBox": {
                "height": 441.32511039402175,
                "width": 322.7150346569549,
                "left": 779.9712538181392,
                "top": 285.6527744079969
            },
            "points": [
                {
                    "x": 779.9712538181392,
                    "y": 285.6527744079969
                },
                {
                    "x": 1102.686288475094,
                    "y": 285.6527744079969
                },
                {
                    "x": 1102.686288475094,
                    "y": 726.9778848020186
                },
                {
                    "x": 779.9712538181392,
                    "y": 726.9778848020186
                }
            ]
        },
        {
            "id": "WcIu353NA",
            "type": "RECTANGLE",
            "tags": [
                "leaf"
            ],
            "boundingBox": {
                "height": 500.68312278099927,
                "width": 396.5453183740602,
                "left": 1163.248744419643,
                "top": 244.977231991217
            },
            "points": [
                {
                    "x": 1163.248744419643,
                    "y": 244.977231991217
                },
                {
                    "x": 1559.794062793703,
                    "y": 244.977231991217
                },
                {
                    "x": 1559.794062793703,
                    "y": 745.6603547722162
                },
                {
                    "x": 1163.248744419643,
                    "y": 745.6603547722162
                }
            ]
        },
        {
            "id": "uCswRmB-A",
            "type": "RECTANGLE",
            "tags": [
                "leaf"
            ],
            "boundingBox": {
                "height": 489.9111168902853,
                "width": 394.3515771851504,
                "left": 1630.9700716635339,
                "top": 270.5259067069423
            },
            "points": [
                {
                    "x": 1630.9700716635339,
                    "y": 270.5259067069423
                },
                {
                    "x": 2025.3216488486844,
                    "y": 270.5259067069423
                },
                {
                    "x": 2025.3216488486844,
                    "y": 760.4370235972276
                },
                {
                    "x": 1630.9700716635339,
                    "y": 760.4370235972276
                }
            ]
        },
        {
            "id": "UKOo0DDOV",
            "type": "RECTANGLE",
            "tags": [
                "leaf"
            ],
            "boundingBox": {
                "height": 542.7168740851045,
                "width": 447.0781213287124,
                "left": 340.27079050164474,
                "top": 812.8166611318015
            },
            "points": [
                {
                    "x": 340.27079050164474,
                    "y": 812.8166611318015
                },
                {
                    "x": 787.3489118303572,
                    "y": 812.8166611318015
                },
                {
                    "x": 787.3489118303572,
                    "y": 1355.533535216906
                },
                {
                    "x": 340.27079050164474,
                    "y": 1355.533535216906
                }
            ]
        },
        {
            "id": "DHdiYUDDh",
            "type": "RECTANGLE",
            "tags": [
                "leaf"
            ],
            "boundingBox": {
                "height": 394.5979590248124,
                "width": 288.64111695253763,
                "left": 934.2252041235903,
                "top": 969.4067640600738
            },
            "points": [
                {
                    "x": 934.2252041235903,
                    "y": 969.4067640600738
                },
                {
                    "x": 1222.8663210761279,
                    "y": 969.4067640600738
                },
                {
                    "x": 1222.8663210761279,
                    "y": 1364.004723084886
                },
                {
                    "x": 934.2252041235903,
                    "y": 1364.004723084886
                }
            ]
        },
        {
            "id": "CKTr1HV8k",
            "type": "RECTANGLE",
            "tags": [
                "leaf"
            ],
            "boundingBox": {
                "height": 295.3501019527206,
                "width": 226.32012159304512,
                "left": 1360.6813983200188,
                "top": 1034.1736570243756
            },
            "points": [
                {
                    "x": 1360.6813983200188,
                    "y": 1034.1736570243756
                },
                {
                    "x": 1587.001519913064,
                    "y": 1034.1736570243756
                },
                {
                    "x": 1587.001519913064,
                    "y": 1329.5237589770963
                },
                {
                    "x": 1360.6813983200188,
                    "y": 1329.5237589770963
                }
            ]
        },
        {
            "id": "RVUbBLsE4",
            "type": "RECTANGLE",
            "tags": [
                "leaf"
            ],
            "boundingBox": {
                "height": 211.7041561529503,
                "width": 148.25434680451127,
                "left": 1678.6041470864664,
                "top": 1160.437652651074
            },
            "points": [
                {
                    "x": 1678.6041470864664,
                    "y": 1160.437652651074
                },
                {
                    "x": 1826.8584938909776,
                    "y": 1160.437652651074
                },
                {
                    "x": 1826.8584938909776,
                    "y": 1372.1418088040243
                },
                {
                    "x": 1678.6041470864664,
                    "y": 1372.1418088040243
                }
            ]
        },
        {
            "id": "IuA_ScCu2",
            "type": "RECTANGLE",
            "tags": [
                "leaf"
            ],
            "boundingBox": {
                "height": 132.908775313794,
                "width": 114.35775229088347,
                "left": 1913.1753700657896,
                "top": 1160.198609914839
            },
            "points": [
                {
                    "x": 1913.1753700657896,
                    "y": 1160.198609914839
                },
                {
                    "x": 2027.533122356673,
                    "y": 1160.198609914839
                },
                {
                    "x": 2027.533122356673,
                    "y": 1293.107385228633
                },
                {
                    "x": 1913.1753700657896,
                    "y": 1293.107385228633
                }
            ]
        },
        {
            "id": "9Ti-0yt0C",
            "type": "RECTANGLE",
            "tags": [
                "mark"
            ],
            "boundingBox": {
                "height": 63.65051522264816,
                "width": 63.24712905310151,
                "left": 2081.2453301221803,
                "top": 34.463980159404116
            },
            "points": [
                {
                    "x": 2081.2453301221803,
                    "y": 34.463980159404116
                },
                {
                    "x": 2144.492459175282,
                    "y": 34.463980159404116
                },
                {
                    "x": 2144.492459175282,
                    "y": 98.11449538205227
                },
                {
                    "x": 2081.2453301221803,
                    "y": 98.11449538205227
                }
            ]
        },
        {
            "id": "3ZsoWAgoJ",
            "type": "RECTANGLE",
            "tags": [
                "tag"
            ],
            "boundingBox": {
                "height": 139.5238964641563,
                "width": 311.4367730850564,
                "left": 1621.7766241776317,
                "top": 1794.5736708236284
            },
            "points": [
                {
                    "x": 1621.7766241776317,
                    "y": 1794.5736708236284
                },
                {
                    "x": 1933.213397262688,
                    "y": 1794.5736708236284
                },
                {
                    "x": 1933.213397262688,
                    "y": 1934.0975672877846
                },
                {
                    "x": 1621.7766241776317,
                    "y": 1934.0975672877846
                }
            ]
        },
        {
            "id": "tUpSKtbHr",
            "type": "RECTANGLE",
            "tags": [
                "scale"
            ],
            "boundingBox": {
                "height": 1432.9478929097113,
                "width": 736.8624662241542,
                "left": 168.4372723801692,
                "top": 379.78947698304864
            },
            "points": [
                {
                    "x": 168.4372723801692,
                    "y": 379.78947698304864
                },
                {
                    "x": 905.2997386043234,
                    "y": 379.78947698304864
                },
                {
                    "x": 905.2997386043234,
                    "y": 1812.7373698927602
                },
                {
                    "x": 168.4372723801692,
                    "y": 1812.7373698927602
                }
            ]
        }
    ],
    "version": "2.2.0"
}