{
    "asset": {
        "format": "jpg",
        "id": "0eeba1266641f00fd0df48281cd51fa8",
        "name": "2_3_5.jpg",
        "path": "file:/Users/kaitomasuda/Desktop/Univ/LeafDetection/dataset/imgs/2_3_5.jpg",
        "size": {
            "width": 2211,
            "height": 2013
        },
        "state": 2,
        "type": 1
    },
    "regions": [
        {
            "id": "cWclIGjVn",
            "type": "RECTANGLE",
            "tags": [
                "leaf"
            ],
            "boundingBox": {
                "height": 306.986616734096,
                "width": 201.4605890368739,
                "left": 391.64913074682795,
                "top": 266.37016819545204
            },
            "points": [
                {
                    "x": 391.64913074682795,
                    "y": 266.37016819545204
                },
                {
                    "x": 593.1097197837018,
                    "y": 266.37016819545204
                },
                {
                    "x": 593.1097197837018,
                    "y": 573.356784929548
                },
                {
                    "x": 391.64913074682795,
                    "y": 573.356784929548
                }
            ]
        },
        {
            "id": "vw5m1J5IM",
            "type": "RECTANGLE",
            "tags": [
                "leaf"
            ],
            "boundingBox": {
                "height": 396.95648411342074,
                "width": 340.01832071940106,
                "left": 686.9893723075272,
                "top": 229.02436915806362
            },
            "points": [
                {
                    "x": 686.9893723075272,
                    "y": 229.02436915806362
                },
                {
                    "x": 1027.0076930269283,
                    "y": 229.02436915806362
                },
                {
                    "x": 1027.0076930269283,
                    "y": 625.9808532714844
                },
                {
                    "x": 686.9893723075272,
                    "y": 625.9808532714844
                }
            ]
        },
        {
            "id": "cElOvfOLj",
            "type": "RECTANGLE",
            "tags": [
                "leaf"
            ],
            "boundingBox": {
                "height": 475.78412344796317,
                "width": 484.16302555165396,
                "left": 1126.285135255638,
                "top": 227.72456621442524
            },
            "points": [
                {
                    "x": 1126.285135255638,
                    "y": 227.72456621442524
                },
                {
                    "x": 1610.4481608072917,
                    "y": 227.72456621442524
                },
                {
                    "x": 1610.4481608072917,
                    "y": 703.5086896623884
                },
                {
                    "x": 1126.285135255638,
                    "y": 703.5086896623884
                }
            ]
        },
        {
            "id": "hX-G9zMFG",
            "type": "RECTANGLE",
            "tags": [
                "leaf"
            ],
            "boundingBox": {
                "height": 515.1416571480887,
                "width": 435.5851514018174,
                "left": 1658.5302658622147,
                "top": 210.58159986223492
            },
            "points": [
                {
                    "x": 1658.5302658622147,
                    "y": 210.58159986223492
                },
                {
                    "x": 2094.115417264032,
                    "y": 210.58159986223492
                },
                {
                    "x": 2094.115417264032,
                    "y": 725.7232570103237
                },
                {
                    "x": 1658.5302658622147,
                    "y": 725.7232570103237
                }
            ]
        },
        {
            "id": "a2UVYZZOO",
            "type": "RECTANGLE",
            "tags": [
                "leaf"
            ],
            "boundingBox": {
                "height": 490.43594709123886,
                "width": 403.87188071392956,
                "left": 395.2594080715315,
                "top": 940.195210484096
            },
            "points": [
                {
                    "x": 395.2594080715315,
                    "y": 940.195210484096
                },
                {
                    "x": 799.131288785461,
                    "y": 940.195210484096
                },
                {
                    "x": 799.131288785461,
                    "y": 1430.6311575753348
                },
                {
                    "x": 395.2594080715315,
                    "y": 1430.6311575753348
                }
            ]
        },
        {
            "id": "o9MzTJcFo",
            "type": "RECTANGLE",
            "tags": [
                "leaf"
            ],
            "boundingBox": {
                "height": 295.525341796875,
                "width": 225.60891463908746,
                "left": 956.9440987228502,
                "top": 1068.1621346609934
            },
            "points": [
                {
                    "x": 956.9440987228502,
                    "y": 1068.1621346609934
                },
                {
                    "x": 1182.5530133619377,
                    "y": 1068.1621346609934
                },
                {
                    "x": 1182.5530133619377,
                    "y": 1363.6874764578683
                },
                {
                    "x": 956.9440987228502,
                    "y": 1363.6874764578683
                }
            ]
        },
        {
            "id": "cRaLdkcO-",
            "type": "RECTANGLE",
            "tags": [
                "leaf"
            ],
            "boundingBox": {
                "height": 265.22171107700893,
                "width": 201.92206265064,
                "left": 1370.5308524057375,
                "top": 1064.0142857142857
            },
            "points": [
                {
                    "x": 1370.5308524057375,
                    "y": 1064.0142857142857
                },
                {
                    "x": 1572.4529150563776,
                    "y": 1064.0142857142857
                },
                {
                    "x": 1572.4529150563776,
                    "y": 1329.2359967912946
                },
                {
                    "x": 1370.5308524057375,
                    "y": 1329.2359967912946
                }
            ]
        },
        {
            "id": "2sBh6KUv7",
            "type": "RECTANGLE",
            "tags": [
                "leaf"
            ],
            "boundingBox": {
                "height": 138.63516932896206,
                "width": 112.64470418294272,
                "left": 1826.420045243933,
                "top": 1116.9301156180245
            },
            "points": [
                {
                    "x": 1826.420045243933,
                    "y": 1116.9301156180245
                },
                {
                    "x": 1939.0647494268758,
                    "y": 1116.9301156180245
                },
                {
                    "x": 1939.0647494268758,
                    "y": 1255.5652849469866
                },
                {
                    "x": 1826.420045243933,
                    "y": 1255.5652849469866
                }
            ]
        },
        {
            "id": "PaKNglxC-",
            "type": "RECTANGLE",
            "tags": [
                "mark"
            ],
            "boundingBox": {
                "height": 67.59150826590403,
                "width": 62.40389798211714,
                "left": 2087.175607018437,
                "top": 35.397251456124444
            },
            "points": [
                {
                    "x": 2087.175607018437,
                    "y": 35.397251456124444
                },
                {
                    "x": 2149.579505000554,
                    "y": 35.397251456124444
                },
                {
                    "x": 2149.579505000554,
                    "y": 102.98875972202846
                },
                {
                    "x": 2087.175607018437,
                    "y": 102.98875972202846
                }
            ]
        },
        {
            "id": "NBgM9LFbM",
            "type": "RECTANGLE",
            "tags": [
                "tag"
            ],
            "boundingBox": {
                "height": 129.04461495535713,
                "width": 313.58783023915396,
                "left": 1682.383490812694,
                "top": 1786.0749258858816
            },
            "points": [
                {
                    "x": 1682.383490812694,
                    "y": 1786.0749258858816
                },
                {
                    "x": 1995.971321051848,
                    "y": 1786.0749258858816
                },
                {
                    "x": 1995.971321051848,
                    "y": 1915.1195408412389
                },
                {
                    "x": 1682.383490812694,
                    "y": 1915.1195408412389
                }
            ]
        },
        {
            "id": "lHbtalCED",
            "type": "RECTANGLE",
            "tags": [
                "scale"
            ],
            "boundingBox": {
                "height": 1439.0114240373885,
                "width": 746.2792406014518,
                "left": 163.13387347282247,
                "top": 379.6225603376116
            },
            "points": [
                {
                    "x": 163.13387347282247,
                    "y": 379.6225603376116
                },
                {
                    "x": 909.4131140742742,
                    "y": 379.6225603376116
                },
                {
                    "x": 909.4131140742742,
                    "y": 1818.633984375
                },
                {
                    "x": 163.13387347282247,
                    "y": 1818.633984375
                }
            ]
        }
    ],
    "version": "2.2.0"
}