{
    "asset": {
        "format": "jpg",
        "id": "11ef2ba5c8b8d6624ab18b24d1c0be62",
        "name": "1_1_2.jpg",
        "path": "file:/Users/kaitomasuda/Desktop/Univ/LeafDetection/dataset/imgs/1_1_2.jpg",
        "size": {
            "width": 2218,
            "height": 2017
        },
        "state": 2,
        "type": 1
    },
    "regions": [
        {
            "id": "rI27Xen2m",
            "type": "RECTANGLE",
            "tags": [
                "leaf"
            ],
            "boundingBox": {
                "height": 376.4035850174126,
                "width": 305.6755927989685,
                "left": 371.218093054279,
                "top": 209.99582816814555
            },
            "points": [
                {
                    "x": 371.218093054279,
                    "y": 209.99582816814555
                },
                {
                    "x": 676.8936858532476,
                    "y": 209.99582816814555
                },
                {
                    "x": 676.8936858532476,
                    "y": 586.3994131855582
                },
                {
                    "x": 371.218093054279,
                    "y": 586.3994131855582
                }
            ]
        },
        {
            "id": "xYyG_mvac",
            "type": "RECTANGLE",
            "tags": [
                "leaf"
            ],
            "boundingBox": {
                "height": 432.9792313192083,
                "width": 401.32747986238763,
                "left": 736.943106777216,
                "top": 225.81647699728782
            },
            "points": [
                {
                    "x": 736.943106777216,
                    "y": 225.81647699728782
                },
                {
                    "x": 1138.2705866396038,
                    "y": 225.81647699728782
                },
                {
                    "x": 1138.2705866396038,
                    "y": 658.7957083164961
                },
                {
                    "x": 736.943106777216,
                    "y": 658.7957083164961
                }
            ]
        },
        {
            "id": "wrx2TOwFr",
            "type": "RECTANGLE",
            "tags": [
                "leaf"
            ],
            "boundingBox": {
                "height": 503.08918615319266,
                "width": 420.80498605366625,
                "left": 1202.8194449231514,
                "top": 200.0552624011862
            },
            "points": [
                {
                    "x": 1202.8194449231514,
                    "y": 200.0552624011862
                },
                {
                    "x": 1623.6244309768178,
                    "y": 200.0552624011862
                },
                {
                    "x": 1623.6244309768178,
                    "y": 703.1444485543789
                },
                {
                    "x": 1202.8194449231514,
                    "y": 703.1444485543789
                }
            ]
        },
        {
            "id": "ni5KISGcA",
            "type": "RECTANGLE",
            "tags": [
                "leaf"
            ],
            "boundingBox": {
                "height": 511.6244026052541,
                "width": 473.47296549479165,
                "left": 1668.9568021088644,
                "top": 250.50208929215356
            },
            "points": [
                {
                    "x": 1668.9568021088644,
                    "y": 250.50208929215356
                },
                {
                    "x": 2142.429767603656,
                    "y": 250.50208929215356
                },
                {
                    "x": 2142.429767603656,
                    "y": 762.1264918974076
                },
                {
                    "x": 1668.9568021088644,
                    "y": 762.1264918974076
                }
            ]
        },
        {
            "id": "vKf8n4dVq",
            "type": "RECTANGLE",
            "tags": [
                "leaf"
            ],
            "boundingBox": {
                "height": 471.9549568877823,
                "width": 366.5406318614685,
                "left": 294.0162704567504,
                "top": 797.2932569569556
            },
            "points": [
                {
                    "x": 294.0162704567504,
                    "y": 797.2932569569556
                },
                {
                    "x": 660.5569023182189,
                    "y": 797.2932569569556
                },
                {
                    "x": 660.5569023182189,
                    "y": 1269.2482138447378
                },
                {
                    "x": 294.0162704567504,
                    "y": 1269.2482138447378
                }
            ]
        },
        {
            "id": "EWJXB8MUS",
            "type": "RECTANGLE",
            "tags": [
                "leaf"
            ],
            "boundingBox": {
                "height": 387.580226722805,
                "width": 337.82482128267975,
                "left": 753.657173426011,
                "top": 873.3681084205365
            },
            "points": [
                {
                    "x": 753.657173426011,
                    "y": 873.3681084205365
                },
                {
                    "x": 1091.4819947086908,
                    "y": 873.3681084205365
                },
                {
                    "x": 1091.4819947086908,
                    "y": 1260.9483351433414
                },
                {
                    "x": 753.657173426011,
                    "y": 1260.9483351433414
                }
            ]
        },
        {
            "id": "2XUCCMmxV",
            "type": "RECTANGLE",
            "tags": [
                "leaf"
            ],
            "boundingBox": {
                "height": 296.37910987590925,
                "width": 238.03980832567402,
                "left": 1191.9612298304737,
                "top": 922.3513485261765
            },
            "points": [
                {
                    "x": 1191.9612298304737,
                    "y": 922.3513485261765
                },
                {
                    "x": 1430.0010381561478,
                    "y": 922.3513485261765
                },
                {
                    "x": 1430.0010381561478,
                    "y": 1218.7304584020856
                },
                {
                    "x": 1191.9612298304737,
                    "y": 1218.7304584020856
                }
            ]
        },
        {
            "id": "Yerk3qMwY",
            "type": "RECTANGLE",
            "tags": [
                "leaf"
            ],
            "boundingBox": {
                "height": 181.74123619342674,
                "width": 135.3650049147263,
                "left": 1563.0336831086602,
                "top": 996.0278951710669
            },
            "points": [
                {
                    "x": 1563.0336831086602,
                    "y": 996.0278951710669
                },
                {
                    "x": 1698.3986880233863,
                    "y": 996.0278951710669
                },
                {
                    "x": 1698.3986880233863,
                    "y": 1177.7691313644937
                },
                {
                    "x": 1563.0336831086602,
                    "y": 1177.7691313644937
                }
            ]
        },
        {
            "id": "LCYp3AYzx",
            "type": "RECTANGLE",
            "tags": [
                "leaf"
            ],
            "boundingBox": {
                "height": 119.99731287462959,
                "width": 104.82383067810457,
                "left": 1814.7321311402166,
                "top": 1043.0508717504042
            },
            "points": [
                {
                    "x": 1814.7321311402166,
                    "y": 1043.0508717504042
                },
                {
                    "x": 1919.555961818321,
                    "y": 1043.0508717504042
                },
                {
                    "x": 1919.555961818321,
                    "y": 1163.0481846250339
                },
                {
                    "x": 1814.7321311402166,
                    "y": 1163.0481846250339
                }
            ]
        }
    ],
    "version": "2.2.0"
}