{
    "asset": {
        "format": "jpg",
        "id": "18c65ea4f0f662105e2c5904495eae48",
        "name": "3_3_7.jpg",
        "path": "file:/Users/kaitomasuda/Desktop/Univ/LeafDetection/dataset/imgs/3_3_7.jpg",
        "size": {
            "width": 2213,
            "height": 2019
        },
        "state": 2,
        "type": 1
    },
    "regions": [
        {
            "id": "RyelCB8Tx",
            "type": "RECTANGLE",
            "tags": [
                "leaf"
            ],
            "boundingBox": {
                "height": 350.11095515826275,
                "width": 223.56829525618605,
                "left": 436.0699621326832,
                "top": 344.5320940672896
            },
            "points": [
                {
                    "x": 436.0699621326832,
                    "y": 344.5320940672896
                },
                {
                    "x": 659.6382573888693,
                    "y": 344.5320940672896
                },
                {
                    "x": 659.6382573888693,
                    "y": 694.6430492255523
                },
                {
                    "x": 436.0699621326832,
                    "y": 694.6430492255523
                }
            ]
        },
        {
            "id": "uQyylf9T9",
            "type": "RECTANGLE",
            "tags": [
                "leaf"
            ],
            "boundingBox": {
                "height": 412.1166832028454,
                "width": 354.53449677258004,
                "left": 738.244757143878,
                "top": 306.2784744146216
            },
            "points": [
                {
                    "x": 738.244757143878,
                    "y": 306.2784744146216
                },
                {
                    "x": 1092.779253916458,
                    "y": 306.2784744146216
                },
                {
                    "x": 1092.779253916458,
                    "y": 718.395157617467
                },
                {
                    "x": 738.244757143878,
                    "y": 718.395157617467
                }
            ]
        },
        {
            "id": "a5d0uFUHD",
            "type": "RECTANGLE",
            "tags": [
                "leaf"
            ],
            "boundingBox": {
                "height": 501.96462616665667,
                "width": 426.08907708889103,
                "left": 1135.9600240993168,
                "top": 214.92366866483033
            },
            "points": [
                {
                    "x": 1135.9600240993168,
                    "y": 214.92366866483033
                },
                {
                    "x": 1562.049101188208,
                    "y": 214.92366866483033
                },
                {
                    "x": 1562.049101188208,
                    "y": 716.888294831487
                },
                {
                    "x": 1135.9600240993168,
                    "y": 716.888294831487
                }
            ]
        },
        {
            "id": "SYnSguXHR",
            "type": "RECTANGLE",
            "tags": [
                "leaf"
            ],
            "boundingBox": {
                "height": 503.0017334450292,
                "width": 409.4927819016088,
                "left": 1669.802185483926,
                "top": 195.64099878209237
            },
            "points": [
                {
                    "x": 1669.802185483926,
                    "y": 195.64099878209237
                },
                {
                    "x": 2079.2949673855346,
                    "y": 195.64099878209237
                },
                {
                    "x": 2079.2949673855346,
                    "y": 698.6427322271215
                },
                {
                    "x": 1669.802185483926,
                    "y": 698.6427322271215
                }
            ]
        },
        {
            "id": "vt2S9G5z5",
            "type": "RECTANGLE",
            "tags": [
                "leaf"
            ],
            "boundingBox": {
                "height": 476.4226258256053,
                "width": 383.7594412029413,
                "left": 334.30234976844923,
                "top": 996.9216054668863
            },
            "points": [
                {
                    "x": 334.30234976844923,
                    "y": 996.9216054668863
                },
                {
                    "x": 718.0617909713905,
                    "y": 996.9216054668863
                },
                {
                    "x": 718.0617909713905,
                    "y": 1473.3442312924915
                },
                {
                    "x": 334.30234976844923,
                    "y": 1473.3442312924915
                }
            ]
        },
        {
            "id": "EvCxjg9hy",
            "type": "RECTANGLE",
            "tags": [
                "leaf"
            ],
            "boundingBox": {
                "height": 363.7412727880114,
                "width": 242.50762173855347,
                "left": 864.2413415144546,
                "top": 1014.9552783529266
            },
            "points": [
                {
                    "x": 864.2413415144546,
                    "y": 1014.9552783529266
                },
                {
                    "x": 1106.748963253008,
                    "y": 1014.9552783529266
                },
                {
                    "x": 1106.748963253008,
                    "y": 1378.696551140938
                },
                {
                    "x": 864.2413415144546,
                    "y": 1378.696551140938
                }
            ]
        },
        {
            "id": "oaUJ8n-ON",
            "type": "RECTANGLE",
            "tags": [
                "leaf"
            ],
            "boundingBox": {
                "height": 231.17238820782143,
                "width": 179.42296895415942,
                "left": 1329.9579325287184,
                "top": 1078.5054966584416
            },
            "points": [
                {
                    "x": 1329.9579325287184,
                    "y": 1078.5054966584416
                },
                {
                    "x": 1509.380901482878,
                    "y": 1078.5054966584416
                },
                {
                    "x": 1509.380901482878,
                    "y": 1309.677884866263
                },
                {
                    "x": 1329.9579325287184,
                    "y": 1309.677884866263
                }
            ]
        },
        {
            "id": "Oe77ea5QB",
            "type": "RECTANGLE",
            "tags": [
                "leaf"
            ],
            "boundingBox": {
                "height": 101.63510225019381,
                "width": 83.84414066753321,
                "left": 1684.039683272199,
                "top": 1198.6810668479395
            },
            "points": [
                {
                    "x": 1684.039683272199,
                    "y": 1198.6810668479395
                },
                {
                    "x": 1767.8838239397323,
                    "y": 1198.6810668479395
                },
                {
                    "x": 1767.8838239397323,
                    "y": 1300.3161690981333
                },
                {
                    "x": 1684.039683272199,
                    "y": 1300.3161690981333
                }
            ]
        },
        {
            "id": "PRU874f9Z",
            "type": "RECTANGLE",
            "tags": [
                "leaf"
            ],
            "boundingBox": {
                "height": 78.10499596049767,
                "width": 58.622139428966136,
                "left": 1947.5199882693407,
                "top": 1187.2597171696086
            },
            "points": [
                {
                    "x": 1947.5199882693407,
                    "y": 1187.2597171696086
                },
                {
                    "x": 2006.142127698307,
                    "y": 1187.2597171696086
                },
                {
                    "x": 2006.142127698307,
                    "y": 1265.3647131301063
                },
                {
                    "x": 1947.5199882693407,
                    "y": 1265.3647131301063
                }
            ]
        },
        {
            "id": "lPgo_yVEg",
            "type": "RECTANGLE",
            "tags": [
                "mark"
            ],
            "boundingBox": {
                "height": 61.06092566570253,
                "width": 62.65449699375272,
                "left": 2091.114839028814,
                "top": 44.20499274566883
            },
            "points": [
                {
                    "x": 2091.114839028814,
                    "y": 44.20499274566883
                },
                {
                    "x": 2153.7693360225667,
                    "y": 44.20499274566883
                },
                {
                    "x": 2153.7693360225667,
                    "y": 105.26591841137136
                },
                {
                    "x": 2091.114839028814,
                    "y": 105.26591841137136
                }
            ]
        },
        {
            "id": "6QI7f8K3o",
            "type": "RECTANGLE",
            "tags": [
                "tag"
            ],
            "boundingBox": {
                "height": 126.84480495307281,
                "width": 317.5081546796739,
                "left": 1651.510210522376,
                "top": 1796.336124565765
            },
            "points": [
                {
                    "x": 1651.510210522376,
                    "y": 1796.336124565765
                },
                {
                    "x": 1969.0183652020498,
                    "y": 1796.336124565765
                },
                {
                    "x": 1969.0183652020498,
                    "y": 1923.180929518838
                },
                {
                    "x": 1651.510210522376,
                    "y": 1923.180929518838
                }
            ]
        },
        {
            "id": "02P6sMtkE",
            "type": "RECTANGLE",
            "tags": [
                "scale"
            ],
            "boundingBox": {
                "height": 1439.826382120147,
                "width": 743.3941549374251,
                "left": 166.85032467725802,
                "top": 389.09207852196147
            },
            "points": [
                {
                    "x": 166.85032467725802,
                    "y": 389.09207852196147
                },
                {
                    "x": 910.2444796146832,
                    "y": 389.09207852196147
                },
                {
                    "x": 910.2444796146832,
                    "y": 1828.9184606421084
                },
                {
                    "x": 166.85032467725802,
                    "y": 1828.9184606421084
                }
            ]
        }
    ],
    "version": "2.2.0"
}