{
    "asset": {
        "format": "jpg",
        "id": "192d2b077dbd6ec5d10d2f2c281c130d",
        "name": "1_2_10.jpg",
        "path": "file:/Users/kaitomasuda/Desktop/Univ/LeafDetection/dataset/imgs/1_2_10.jpg",
        "size": {
            "width": 2214,
            "height": 2011
        },
        "state": 2,
        "type": 1
    },
    "regions": [
        {
            "id": "gUUq3gx0y",
            "type": "RECTANGLE",
            "tags": [
                "leaf"
            ],
            "boundingBox": {
                "height": 350.16056599788527,
                "width": 226.43555980009194,
                "left": 348.2002958409926,
                "top": 199.60921817477663
            },
            "points": [
                {
                    "x": 348.2002958409926,
                    "y": 199.60921817477663
                },
                {
                    "x": 574.6358556410845,
                    "y": 199.60921817477663
                },
                {
                    "x": 574.6358556410845,
                    "y": 549.7697841726618
                },
                {
                    "x": 348.2002958409926,
                    "y": 549.7697841726618
                }
            ]
        },
        {
            "id": "l-WnzKdxs",
            "type": "RECTANGLE",
            "tags": [
                "leaf"
            ],
            "boundingBox": {
                "height": 392.0754870302189,
                "width": 322.5480080511337,
                "left": 741.6472048651904,
                "top": 209.18946576167832
            },
            "points": [
                {
                    "x": 741.6472048651904,
                    "y": 209.18946576167832
                },
                {
                    "x": 1064.1952129163242,
                    "y": 209.18946576167832
                },
                {
                    "x": 1064.1952129163242,
                    "y": 601.2649527918973
                },
                {
                    "x": 741.6472048651904,
                    "y": 601.2649527918973
                }
            ]
        },
        {
            "id": "91SZbFv_m",
            "type": "RECTANGLE",
            "tags": [
                "leaf"
            ],
            "boundingBox": {
                "height": 467.8715357810074,
                "width": 402.08376180318965,
                "left": 1320.7805965108084,
                "top": 160.73800589677958
            },
            "points": [
                {
                    "x": 1320.7805965108084,
                    "y": 160.73800589677958
                },
                {
                    "x": 1722.864358313998,
                    "y": 160.73800589677958
                },
                {
                    "x": 1722.864358313998,
                    "y": 628.609541677787
                },
                {
                    "x": 1320.7805965108084,
                    "y": 628.609541677787
                }
            ]
        },
        {
            "id": "mvwJidO8C",
            "type": "RECTANGLE",
            "tags": [
                "leaf"
            ],
            "boundingBox": {
                "height": 402.7557937274562,
                "width": 330.54440904201425,
                "left": 386.773985210218,
                "top": 713.87448992048
            },
            "points": [
                {
                    "x": 386.773985210218,
                    "y": 713.87448992048
                },
                {
                    "x": 717.3183942522322,
                    "y": 713.87448992048
                },
                {
                    "x": 717.3183942522322,
                    "y": 1116.6302836479363
                },
                {
                    "x": 386.773985210218,
                    "y": 1116.6302836479363
                }
            ]
        },
        {
            "id": "v9fGxXFjN",
            "type": "RECTANGLE",
            "tags": [
                "leaf"
            ],
            "boundingBox": {
                "height": 458.1225920809476,
                "width": 381.71593962934674,
                "left": 825.1637596187737,
                "top": 811.5302508178459
            },
            "points": [
                {
                    "x": 825.1637596187737,
                    "y": 811.5302508178459
                },
                {
                    "x": 1206.8796992481205,
                    "y": 811.5302508178459
                },
                {
                    "x": 1206.8796992481205,
                    "y": 1269.6528428987936
                },
                {
                    "x": 825.1637596187737,
                    "y": 1269.6528428987936
                }
            ]
        },
        {
            "id": "mbf5QOfYd",
            "type": "RECTANGLE",
            "tags": [
                "leaf"
            ],
            "boundingBox": {
                "height": 290.05947338917736,
                "width": 222.44681451553691,
                "left": 1425.5682230784482,
                "top": 806.8808054163836
            },
            "points": [
                {
                    "x": 1425.5682230784482,
                    "y": 806.8808054163836
                },
                {
                    "x": 1648.0150375939852,
                    "y": 806.8808054163836
                },
                {
                    "x": 1648.0150375939852,
                    "y": 1096.940278805561
                },
                {
                    "x": 1425.5682230784482,
                    "y": 1096.940278805561
                }
            ]
        },
        {
            "id": "AhRosZDPk",
            "type": "RECTANGLE",
            "tags": [
                "leaf"
            ],
            "boundingBox": {
                "height": 105.01962754148875,
                "width": 85.08581129948897,
                "left": 1819.7086713977328,
                "top": 891.2755073879077
            },
            "points": [
                {
                    "x": 1819.7086713977328,
                    "y": 891.2755073879077
                },
                {
                    "x": 1904.7944826972218,
                    "y": 891.2755073879077
                },
                {
                    "x": 1904.7944826972218,
                    "y": 996.2951349293965
                },
                {
                    "x": 1819.7086713977328,
                    "y": 996.2951349293965
                }
            ]
        },
        {
            "id": "eKK2YPXkQ",
            "type": "RECTANGLE",
            "tags": [
                "mark"
            ],
            "boundingBox": {
                "height": 60.62359916102566,
                "width": 60.782909421992485,
                "left": 2086.339532149466,
                "top": 39.77161415368627
            },
            "points": [
                {
                    "x": 2086.339532149466,
                    "y": 39.77161415368627
                },
                {
                    "x": 2147.1224415714582,
                    "y": 39.77161415368627
                },
                {
                    "x": 2147.1224415714582,
                    "y": 100.39521331471194
                },
                {
                    "x": 2086.339532149466,
                    "y": 100.39521331471194
                }
            ]
        },
        {
            "id": "S2iw9ozse",
            "type": "RECTANGLE",
            "tags": [
                "tag"
            ],
            "boundingBox": {
                "height": 117.74918695611737,
                "width": 328.6009998751762,
                "left": 1604.8419400552164,
                "top": 1704.383103396335
            },
            "points": [
                {
                    "x": 1604.8419400552164,
                    "y": 1704.383103396335
                },
                {
                    "x": 1933.4429399303926,
                    "y": 1704.383103396335
                },
                {
                    "x": 1933.4429399303926,
                    "y": 1822.1322903524522
                },
                {
                    "x": 1604.8419400552164,
                    "y": 1822.1322903524522
                }
            ]
        },
        {
            "id": "TTxQ2EJ9S",
            "type": "RECTANGLE",
            "tags": [
                "scale"
            ],
            "boundingBox": {
                "height": 1439.8141331011218,
                "width": 742.0683488200482,
                "left": 170.65220424107144,
                "top": 376.3498103613686
            },
            "points": [
                {
                    "x": 170.65220424107144,
                    "y": 376.3498103613686
                },
                {
                    "x": 912.7205530611196,
                    "y": 376.3498103613686
                },
                {
                    "x": 912.7205530611196,
                    "y": 1816.1639434624904
                },
                {
                    "x": 170.65220424107144,
                    "y": 1816.1639434624904
                }
            ]
        }
    ],
    "version": "2.2.0"
}