{
    "asset": {
        "format": "jpg",
        "id": "1bfb8b937758254dc908deaa5d3a4ac5",
        "name": "3_1_4.jpg",
        "path": "file:/Users/kaitomasuda/Desktop/Univ/LeafDetection/dataset/imgs/3_1_4.jpg",
        "size": {
            "width": 2215,
            "height": 2017
        },
        "state": 2,
        "type": 1
    },
    "regions": [
        {
            "id": "pkB2CQ9A5",
            "type": "RECTANGLE",
            "tags": [
                "leaf"
            ],
            "boundingBox": {
                "height": 370.0050609581329,
                "width": 240.87318553326438,
                "left": 375.40422393054496,
                "top": 295.03505063467225
            },
            "points": [
                {
                    "x": 375.40422393054496,
                    "y": 295.03505063467225
                },
                {
                    "x": 616.2774094638094,
                    "y": 295.03505063467225
                },
                {
                    "x": 616.2774094638094,
                    "y": 665.0401115928051
                },
                {
                    "x": 375.40422393054496,
                    "y": 665.0401115928051
                }
            ]
        },
        {
            "id": "kwZuesh6d",
            "type": "RECTANGLE",
            "tags": [
                "leaf"
            ],
            "boundingBox": {
                "height": 426.14885885264175,
                "width": 345.7305663637168,
                "left": 720.8380254552754,
                "top": 285.4274551070671
            },
            "points": [
                {
                    "x": 720.8380254552754,
                    "y": 285.4274551070671
                },
                {
                    "x": 1066.5685918189922,
                    "y": 285.4274551070671
                },
                {
                    "x": 1066.5685918189922,
                    "y": 711.5763139597088
                },
                {
                    "x": 720.8380254552754,
                    "y": 711.5763139597088
                }
            ]
        },
        {
            "id": "AcUT6XRhq",
            "type": "RECTANGLE",
            "tags": [
                "leaf"
            ],
            "boundingBox": {
                "height": 476.68371441988825,
                "width": 425.2253877327417,
                "left": 1156.4770327046358,
                "top": 222.7222174504063
            },
            "points": [
                {
                    "x": 1156.4770327046358,
                    "y": 222.7222174504063
                },
                {
                    "x": 1581.7024204373774,
                    "y": 222.7222174504063
                },
                {
                    "x": 1581.7024204373774,
                    "y": 699.4059318702946
                },
                {
                    "x": 1156.4770327046358,
                    "y": 699.4059318702946
                }
            ]
        },
        {
            "id": "PFXe7ZXFJ",
            "type": "RECTANGLE",
            "tags": [
                "leaf"
            ],
            "boundingBox": {
                "height": 531.6166765785582,
                "width": 476.49033602937175,
                "left": 1706.02333520763,
                "top": 220.13459745738976
            },
            "points": [
                {
                    "x": 1706.02333520763,
                    "y": 220.13459745738976
                },
                {
                    "x": 2182.5136712370017,
                    "y": 220.13459745738976
                },
                {
                    "x": 2182.5136712370017,
                    "y": 751.751274035948
                },
                {
                    "x": 1706.02333520763,
                    "y": 751.751274035948
                }
            ]
        },
        {
            "id": "VR3--AjpB",
            "type": "RECTANGLE",
            "tags": [
                "leaf"
            ],
            "boundingBox": {
                "height": 520.0523008269972,
                "width": 411.2258597450389,
                "left": 346.2433100577431,
                "top": 925.3880373661194
            },
            "points": [
                {
                    "x": 346.2433100577431,
                    "y": 925.3880373661194
                },
                {
                    "x": 757.469169802782,
                    "y": 925.3880373661194
                },
                {
                    "x": 757.469169802782,
                    "y": 1445.4403381931165
                },
                {
                    "x": 346.2433100577431,
                    "y": 1445.4403381931165
                }
            ]
        },
        {
            "id": "jSznffUau",
            "type": "RECTANGLE",
            "tags": [
                "leaf"
            ],
            "boundingBox": {
                "height": 413.435672096267,
                "width": 333.6880376197735,
                "left": 904.9857896545623,
                "top": 985.368188453222
            },
            "points": [
                {
                    "x": 904.9857896545623,
                    "y": 985.368188453222
                },
                {
                    "x": 1238.6738272743357,
                    "y": 985.368188453222
                },
                {
                    "x": 1238.6738272743357,
                    "y": 1398.8038605494892
                },
                {
                    "x": 904.9857896545623,
                    "y": 1398.8038605494892
                }
            ]
        },
        {
            "id": "7GgA6dH3U",
            "type": "RECTANGLE",
            "tags": [
                "leaf"
            ],
            "boundingBox": {
                "height": 327.09206797379153,
                "width": 263.4993847571184,
                "left": 1343.5938584596854,
                "top": 1041.281070745698
            },
            "points": [
                {
                    "x": 1343.5938584596854,
                    "y": 1041.281070745698
                },
                {
                    "x": 1607.0932432168036,
                    "y": 1041.281070745698
                },
                {
                    "x": 1607.0932432168036,
                    "y": 1368.3731387194894
                },
                {
                    "x": 1343.5938584596854,
                    "y": 1368.3731387194894
                }
            ]
        },
        {
            "id": "47yMuKGNf",
            "type": "RECTANGLE",
            "tags": [
                "leaf"
            ],
            "boundingBox": {
                "height": 220.05715481409834,
                "width": 172.138209326342,
                "left": 1758.0862511824232,
                "top": 1083.8368624802074
            },
            "points": [
                {
                    "x": 1758.0862511824232,
                    "y": 1083.8368624802074
                },
                {
                    "x": 1930.224460508765,
                    "y": 1083.8368624802074
                },
                {
                    "x": 1930.224460508765,
                    "y": 1303.8940172943057
                },
                {
                    "x": 1758.0862511824232,
                    "y": 1303.8940172943057
                }
            ]
        },
        {
            "id": "J5zWUSsfy",
            "type": "RECTANGLE",
            "tags": [
                "leaf"
            ],
            "boundingBox": {
                "height": 144.22174060595424,
                "width": 111.88599696142748,
                "left": 1034.708295549665,
                "top": 1478.0020273474845
            },
            "points": [
                {
                    "x": 1034.708295549665,
                    "y": 1478.0020273474845
                },
                {
                    "x": 1146.5942925110926,
                    "y": 1478.0020273474845
                },
                {
                    "x": 1146.5942925110926,
                    "y": 1622.2237679534387
                },
                {
                    "x": 1034.708295549665,
                    "y": 1622.2237679534387
                }
            ]
        },
        {
            "id": "IhsVwreuy",
            "type": "RECTANGLE",
            "tags": [
                "leaf"
            ],
            "boundingBox": {
                "height": 75.93851414055031,
                "width": 54.17748321639536,
                "left": 1399.7219816732904,
                "top": 1516.6489663935529
            },
            "points": [
                {
                    "x": 1399.7219816732904,
                    "y": 1516.6489663935529
                },
                {
                    "x": 1453.8994648896858,
                    "y": 1516.6489663935529
                },
                {
                    "x": 1453.8994648896858,
                    "y": 1592.5874805341032
                },
                {
                    "x": 1399.7219816732904,
                    "y": 1592.5874805341032
                }
            ]
        },
        {
            "id": "g9oHBPPy2",
            "type": "RECTANGLE",
            "tags": [
                "mark"
            ],
            "boundingBox": {
                "height": 69.9741359732575,
                "width": 58.53945529419371,
                "left": 2093.481864264618,
                "top": 38.236657808205365
            },
            "points": [
                {
                    "x": 2093.481864264618,
                    "y": 38.236657808205365
                },
                {
                    "x": 2152.0213195588117,
                    "y": 38.236657808205365
                },
                {
                    "x": 2152.0213195588117,
                    "y": 108.21079378146287
                },
                {
                    "x": 2093.481864264618,
                    "y": 108.21079378146287
                }
            ]
        },
        {
            "id": "Hi3JD58eu",
            "type": "RECTANGLE",
            "tags": [
                "tag"
            ],
            "boundingBox": {
                "height": 126.0062422743263,
                "width": 316.99477989914527,
                "left": 1822.8902709110273,
                "top": 1814.9665023191026
            },
            "points": [
                {
                    "x": 1822.8902709110273,
                    "y": 1814.9665023191026
                },
                {
                    "x": 2139.8850508101727,
                    "y": 1814.9665023191026
                },
                {
                    "x": 2139.8850508101727,
                    "y": 1940.9727445934288
                },
                {
                    "x": 1822.8902709110273,
                    "y": 1940.9727445934288
                }
            ]
        },
        {
            "id": "jf8CtqRMa",
            "type": "RECTANGLE",
            "tags": [
                "scale"
            ],
            "boundingBox": {
                "height": 1440.2341446885644,
                "width": 739.0681010920827,
                "left": 163.27318410840184,
                "top": 382.7981619315211
            },
            "points": [
                {
                    "x": 163.27318410840184,
                    "y": 382.7981619315211
                },
                {
                    "x": 902.3412852004845,
                    "y": 382.7981619315211
                },
                {
                    "x": 902.3412852004845,
                    "y": 1823.0323066200854
                },
                {
                    "x": 163.27318410840184,
                    "y": 1823.0323066200854
                }
            ]
        }
    ],
    "version": "2.2.0"
}