{
    "asset": {
        "format": "jpg",
        "id": "1bff8b34b493d57d7bd15b123ff92a59",
        "name": "3_1_2.jpg",
        "path": "file:/Users/kaitomasuda/Desktop/Univ/LeafDetection/dataset/imgs/3_1_2.jpg",
        "size": {
            "width": 2215,
            "height": 2016
        },
        "state": 2,
        "type": 1
    },
    "regions": [
        {
            "id": "7kyNDp_28",
            "type": "RECTANGLE",
            "tags": [
                "leaf"
            ],
            "boundingBox": {
                "height": 367.7034280711207,
                "width": 255.14733876085447,
                "left": 369.5607829343151,
                "top": 227.98440867456898
            },
            "points": [
                {
                    "x": 369.5607829343151,
                    "y": 227.98440867456898
                },
                {
                    "x": 624.7081216951696,
                    "y": 227.98440867456898
                },
                {
                    "x": 624.7081216951696,
                    "y": 595.6878367456897
                },
                {
                    "x": 369.5607829343151,
                    "y": 595.6878367456897
                }
            ]
        },
        {
            "id": "Zp68HPpzK",
            "type": "RECTANGLE",
            "tags": [
                "leaf"
            ],
            "boundingBox": {
                "height": 455.1660661368535,
                "width": 346.9868708487587,
                "left": 752.2899167795215,
                "top": 98.05963766163794
            },
            "points": [
                {
                    "x": 752.2899167795215,
                    "y": 98.05963766163794
                },
                {
                    "x": 1099.27678762828,
                    "y": 98.05963766163794
                },
                {
                    "x": 1099.27678762828,
                    "y": 553.2257037984914
                },
                {
                    "x": 752.2899167795215,
                    "y": 553.2257037984914
                }
            ]
        },
        {
            "id": "9UGZpOxni",
            "type": "RECTANGLE",
            "tags": [
                "leaf"
            ],
            "boundingBox": {
                "height": 510.903353987069,
                "width": 463.1312077219893,
                "left": 1182.2720209314432,
                "top": 108.8264749461207
            },
            "points": [
                {
                    "x": 1182.2720209314432,
                    "y": 108.8264749461207
                },
                {
                    "x": 1645.4032286534325,
                    "y": 108.8264749461207
                },
                {
                    "x": 1645.4032286534325,
                    "y": 619.7298289331897
                },
                {
                    "x": 1182.2720209314432,
                    "y": 619.7298289331897
                }
            ]
        },
        {
            "id": "k5TYaZ-Xt",
            "type": "RECTANGLE",
            "tags": [
                "leaf"
            ],
            "boundingBox": {
                "height": 585.8470332704742,
                "width": 465.53594502837814,
                "left": 1723.7368987080113,
                "top": 137.46539938038794
            },
            "points": [
                {
                    "x": 1723.7368987080113,
                    "y": 137.46539938038794
                },
                {
                    "x": 2189.2728437363894,
                    "y": 137.46539938038794
                },
                {
                    "x": 2189.2728437363894,
                    "y": 723.3124326508621
                },
                {
                    "x": 1723.7368987080113,
                    "y": 723.3124326508621
                }
            ]
        },
        {
            "id": "3yFKWm4IJ",
            "type": "RECTANGLE",
            "tags": [
                "leaf"
            ],
            "boundingBox": {
                "height": 527.7108028017242,
                "width": 469.00809364451766,
                "left": 278.05687774764533,
                "top": 917.832098599138
            },
            "points": [
                {
                    "x": 278.05687774764533,
                    "y": 917.832098599138
                },
                {
                    "x": 747.064971392163,
                    "y": 917.832098599138
                },
                {
                    "x": 747.064971392163,
                    "y": 1445.542901400862
                },
                {
                    "x": 278.05687774764533,
                    "y": 1445.542901400862
                }
            ]
        },
        {
            "id": "ISMJQEDnS",
            "type": "RECTANGLE",
            "tags": [
                "leaf"
            ],
            "boundingBox": {
                "height": 214.03909617456898,
                "width": 134.10096490840047,
                "left": 682.7032725902385,
                "top": 1418.2345096982758
            },
            "points": [
                {
                    "x": 682.7032725902385,
                    "y": 1418.2345096982758
                },
                {
                    "x": 816.8042374986389,
                    "y": 1418.2345096982758
                },
                {
                    "x": 816.8042374986389,
                    "y": 1632.2736058728449
                },
                {
                    "x": 682.7032725902385,
                    "y": 1632.2736058728449
                }
            ]
        },
        {
            "id": "vVmsmhYmr",
            "type": "RECTANGLE",
            "tags": [
                "leaf"
            ],
            "boundingBox": {
                "height": 473.2366311961209,
                "width": 322.5475797752886,
                "left": 926.3848898219728,
                "top": 950.0689655172414
            },
            "points": [
                {
                    "x": 926.3848898219728,
                    "y": 950.0689655172414
                },
                {
                    "x": 1248.9324695972616,
                    "y": 950.0689655172414
                },
                {
                    "x": 1248.9324695972616,
                    "y": 1423.3055967133623
                },
                {
                    "x": 926.3848898219728,
                    "y": 1423.3055967133623
                }
            ]
        },
        {
            "id": "-pUE1vDSj",
            "type": "RECTANGLE",
            "tags": [
                "leaf"
            ],
            "boundingBox": {
                "height": 349.62520204741384,
                "width": 272.3156557515108,
                "left": 1329.8140777694223,
                "top": 1038.896551724138
            },
            "points": [
                {
                    "x": 1329.8140777694223,
                    "y": 1038.896551724138
                },
                {
                    "x": 1602.129733520933,
                    "y": 1038.896551724138
                },
                {
                    "x": 1602.129733520933,
                    "y": 1388.5217537715519
                },
                {
                    "x": 1329.8140777694223,
                    "y": 1388.5217537715519
                }
            ]
        },
        {
            "id": "mTgMBQRwP",
            "type": "RECTANGLE",
            "tags": [
                "leaf"
            ],
            "boundingBox": {
                "height": 207.63405845905174,
                "width": 153.18859671881805,
                "left": 1717.0253027939214,
                "top": 1103.8770878232758
            },
            "points": [
                {
                    "x": 1717.0253027939214,
                    "y": 1103.8770878232758
                },
                {
                    "x": 1870.2138995127395,
                    "y": 1103.8770878232758
                },
                {
                    "x": 1870.2138995127395,
                    "y": 1311.5111462823277
                },
                {
                    "x": 1717.0253027939214,
                    "y": 1311.5111462823277
                }
            ]
        },
        {
            "id": "ExAvX6Qep",
            "type": "RECTANGLE",
            "tags": [
                "mark"
            ],
            "boundingBox": {
                "height": 64.27478448275862,
                "width": 59.3897101106544,
                "left": 2089.475067883003,
                "top": 35.34344692887931
            },
            "points": [
                {
                    "x": 2089.475067883003,
                    "y": 35.34344692887931
                },
                {
                    "x": 2148.8647779936573,
                    "y": 35.34344692887931
                },
                {
                    "x": 2148.8647779936573,
                    "y": 99.61823141163794
                },
                {
                    "x": 2089.475067883003,
                    "y": 99.61823141163794
                }
            ]
        },
        {
            "id": "XURQwqa7G",
            "type": "RECTANGLE",
            "tags": [
                "tag"
            ],
            "boundingBox": {
                "height": 118.56014278017241,
                "width": 314.8660809985437,
                "left": 1756.6730852824885,
                "top": 1719.9235250538793
            },
            "points": [
                {
                    "x": 1756.6730852824885,
                    "y": 1719.9235250538793
                },
                {
                    "x": 2071.539166281032,
                    "y": 1719.9235250538793
                },
                {
                    "x": 2071.539166281032,
                    "y": 1838.4836678340519
                },
                {
                    "x": 1756.6730852824885,
                    "y": 1838.4836678340519
                }
            ]
        },
        {
            "id": "8sbKGzPxI",
            "type": "RECTANGLE",
            "tags": [
                "scale"
            ],
            "boundingBox": {
                "height": 1439.4624528556035,
                "width": 767.4449434180708,
                "left": 134.8558310266156,
                "top": 355.92251481681035
            },
            "points": [
                {
                    "x": 134.8558310266156,
                    "y": 355.92251481681035
                },
                {
                    "x": 902.3007744446863,
                    "y": 355.92251481681035
                },
                {
                    "x": 902.3007744446863,
                    "y": 1795.384967672414
                },
                {
                    "x": 134.8558310266156,
                    "y": 1795.384967672414
                }
            ]
        }
    ],
    "version": "2.2.0"
}