{
    "asset": {
        "format": "jpg",
        "id": "205db282793e32c8fb37f74435a113e6",
        "name": "1_3_6.jpg",
        "path": "file:/Users/kaitomasuda/Desktop/Univ/LeafDetection/dataset/imgs/1_3_6.jpg",
        "size": {
            "width": 2218,
            "height": 2017
        },
        "state": 2,
        "type": 1
    },
    "regions": [
        {
            "id": "i6aS8HLam",
            "type": "RECTANGLE",
            "tags": [
                "leaf"
            ],
            "boundingBox": {
                "height": 350.7069656750387,
                "width": 217.29600054518622,
                "left": 366.55564868898324,
                "top": 377.63147956280665
            },
            "points": [
                {
                    "x": 366.55564868898324,
                    "y": 377.63147956280665
                },
                {
                    "x": 583.8516492341695,
                    "y": 377.63147956280665
                },
                {
                    "x": 583.8516492341695,
                    "y": 728.3384452378453
                },
                {
                    "x": 366.55564868898324,
                    "y": 728.3384452378453
                }
            ]
        },
        {
            "id": "DBCHakqsq",
            "type": "RECTANGLE",
            "tags": [
                "leaf"
            ],
            "boundingBox": {
                "height": 413.335444237575,
                "width": 305.91866216444436,
                "left": 674.2726229330651,
                "top": 314.19198948883815
            },
            "points": [
                {
                    "x": 674.2726229330651,
                    "y": 314.19198948883815
                },
                {
                    "x": 980.1912850975094,
                    "y": 314.19198948883815
                },
                {
                    "x": 980.1912850975094,
                    "y": 727.5274337264132
                },
                {
                    "x": 674.2726229330651,
                    "y": 727.5274337264132
                }
            ]
        },
        {
            "id": "ws0R2-k85",
            "type": "RECTANGLE",
            "tags": [
                "leaf"
            ],
            "boundingBox": {
                "height": 435.14360355345667,
                "width": 367.36001609859613,
                "left": 1076.8191964285716,
                "top": 333.16574178648386
            },
            "points": [
                {
                    "x": 1076.8191964285716,
                    "y": 333.16574178648386
                },
                {
                    "x": 1444.1792125271677,
                    "y": 333.16574178648386
                },
                {
                    "x": 1444.1792125271677,
                    "y": 768.3093453399406
                },
                {
                    "x": 1076.8191964285716,
                    "y": 768.3093453399406
                }
            ]
        },
        {
            "id": "pNrfbPC_r",
            "type": "RECTANGLE",
            "tags": [
                "leaf"
            ],
            "boundingBox": {
                "height": 510.6902733164385,
                "width": 499.0986539224037,
                "left": 1597.60701573881,
                "top": 312.8772275309917
            },
            "points": [
                {
                    "x": 1597.60701573881,
                    "y": 312.8772275309917
                },
                {
                    "x": 2096.7056696612135,
                    "y": 312.8772275309917
                },
                {
                    "x": 2096.7056696612135,
                    "y": 823.5675008474302
                },
                {
                    "x": 1597.60701573881,
                    "y": 823.5675008474302
                }
            ]
        },
        {
            "id": "4uIjTRsY9",
            "type": "RECTANGLE",
            "tags": [
                "leaf"
            ],
            "boundingBox": {
                "height": 474.81576348927393,
                "width": 394.58992681288186,
                "left": 312.557174338434,
                "top": 1036.4630461133215
            },
            "points": [
                {
                    "x": 312.557174338434,
                    "y": 1036.4630461133215
                },
                {
                    "x": 707.1471011513158,
                    "y": 1036.4630461133215
                },
                {
                    "x": 707.1471011513158,
                    "y": 1511.2788096025954
                },
                {
                    "x": 312.557174338434,
                    "y": 1511.2788096025954
                }
            ]
        },
        {
            "id": "lsIG5hUbx",
            "type": "RECTANGLE",
            "tags": [
                "leaf"
            ],
            "boundingBox": {
                "height": 295.8077053353806,
                "width": 207.1186280214697,
                "left": 921.9526417667705,
                "top": 1081.553861759911
            },
            "points": [
                {
                    "x": 921.9526417667705,
                    "y": 1081.553861759911
                },
                {
                    "x": 1129.0712697882402,
                    "y": 1081.553861759911
                },
                {
                    "x": 1129.0712697882402,
                    "y": 1377.3615670952915
                },
                {
                    "x": 921.9526417667705,
                    "y": 1377.3615670952915
                }
            ]
        },
        {
            "id": "8epuAT3Zp",
            "type": "RECTANGLE",
            "tags": [
                "leaf"
            ],
            "boundingBox": {
                "height": 201.90307718072054,
                "width": 160.33452267754348,
                "left": 1315.4422570709,
                "top": 1171.435353933287
            },
            "points": [
                {
                    "x": 1315.4422570709,
                    "y": 1171.435353933287
                },
                {
                    "x": 1475.7767797484435,
                    "y": 1171.435353933287
                },
                {
                    "x": 1475.7767797484435,
                    "y": 1373.3384311140076
                },
                {
                    "x": 1315.4422570709,
                    "y": 1373.3384311140076
                }
            ]
        },
        {
            "id": "MxbN_JCSd",
            "type": "RECTANGLE",
            "tags": [
                "leaf"
            ],
            "boundingBox": {
                "height": 119.77407672976659,
                "width": 85.1514892578125,
                "left": 1687.7363712626293,
                "top": 1170.4436230620076
            },
            "points": [
                {
                    "x": 1687.7363712626293,
                    "y": 1170.4436230620076
                },
                {
                    "x": 1772.8878605204418,
                    "y": 1170.4436230620076
                },
                {
                    "x": 1772.8878605204418,
                    "y": 1290.2176997917743
                },
                {
                    "x": 1687.7363712626293,
                    "y": 1290.2176997917743
                }
            ]
        }
    ],
    "version": "2.2.0"
}