{
    "asset": {
        "format": "jpg",
        "id": "223ca2b36aa7fb6134669c36871faf38",
        "name": "1_3_2.jpg",
        "path": "file:/Users/kaitomasuda/Desktop/Univ/LeafDetection/dataset/imgs/1_3_2.jpg",
        "size": {
            "width": 2218,
            "height": 2017
        },
        "state": 2,
        "type": 1
    },
    "regions": [
        {
            "id": "xUG6eobhF",
            "type": "RECTANGLE",
            "tags": [
                "leaf"
            ],
            "boundingBox": {
                "height": 358.15957263284474,
                "width": 260.55295098096803,
                "left": 344.516592384281,
                "top": 260.77053278142756
            },
            "points": [
                {
                    "x": 344.516592384281,
                    "y": 260.77053278142756
                },
                {
                    "x": 605.069543365249,
                    "y": 260.77053278142756
                },
                {
                    "x": 605.069543365249,
                    "y": 618.9301054142724
                },
                {
                    "x": 344.516592384281,
                    "y": 618.9301054142724
                }
            ]
        },
        {
            "id": "UaAhUM_SM",
            "type": "RECTANGLE",
            "tags": [
                "leaf"
            ],
            "boundingBox": {
                "height": 428.03094230210485,
                "width": 386.18796441788066,
                "left": 700.421052631579,
                "top": 185.79272839254583
            },
            "points": [
                {
                    "x": 700.421052631579,
                    "y": 185.79272839254583
                },
                {
                    "x": 1086.6090170494597,
                    "y": 185.79272839254583
                },
                {
                    "x": 1086.6090170494597,
                    "y": 613.8236706946507
                },
                {
                    "x": 700.421052631579,
                    "y": 613.8236706946507
                }
            ]
        },
        {
            "id": "ulaEGwXyC",
            "type": "RECTANGLE",
            "tags": [
                "leaf"
            ],
            "boundingBox": {
                "height": 503.6802443827479,
                "width": 405.57522927191025,
                "left": 1156.241635430128,
                "top": 121.40500218415063
            },
            "points": [
                {
                    "x": 1156.241635430128,
                    "y": 121.40500218415063
                },
                {
                    "x": 1561.8168647020384,
                    "y": 121.40500218415063
                },
                {
                    "x": 1561.8168647020384,
                    "y": 625.0852465668985
                },
                {
                    "x": 1156.241635430128,
                    "y": 625.0852465668985
                }
            ]
        },
        {
            "id": "FfKw8uXCx",
            "type": "RECTANGLE",
            "tags": [
                "leaf"
            ],
            "boundingBox": {
                "height": 559.7043905336994,
                "width": 486.3977408731791,
                "left": 1724.1112854462817,
                "top": 130.3332507551209
            },
            "points": [
                {
                    "x": 1724.1112854462817,
                    "y": 130.3332507551209
                },
                {
                    "x": 2210.509026319461,
                    "y": 130.3332507551209
                },
                {
                    "x": 2210.509026319461,
                    "y": 690.0376412888204
                },
                {
                    "x": 1724.1112854462817,
                    "y": 690.0376412888204
                }
            ]
        },
        {
            "id": "7vPed4fDp",
            "type": "RECTANGLE",
            "tags": [
                "leaf"
            ],
            "boundingBox": {
                "height": 526.8128311535544,
                "width": 465.65239032946135,
                "left": 213.3604275122621,
                "top": 775.9623841845299
            },
            "points": [
                {
                    "x": 213.3604275122621,
                    "y": 775.9623841845299
                },
                {
                    "x": 679.0128178417235,
                    "y": 775.9623841845299
                },
                {
                    "x": 679.0128178417235,
                    "y": 1302.7752153380843
                },
                {
                    "x": 213.3604275122621,
                    "y": 1302.7752153380843
                }
            ]
        },
        {
            "id": "IqMwdnowY",
            "type": "RECTANGLE",
            "tags": [
                "leaf"
            ],
            "boundingBox": {
                "height": 438.9862745300797,
                "width": 341.25280991174225,
                "left": 762.4812681728737,
                "top": 795.4482806497368
            },
            "points": [
                {
                    "x": 762.4812681728737,
                    "y": 795.4482806497368
                },
                {
                    "x": 1103.734078084616,
                    "y": 795.4482806497368
                },
                {
                    "x": 1103.734078084616,
                    "y": 1234.4345551798165
                },
                {
                    "x": 762.4812681728737,
                    "y": 1234.4345551798165
                }
            ]
        },
        {
            "id": "QGlNQdcb8",
            "type": "RECTANGLE",
            "tags": [
                "leaf"
            ],
            "boundingBox": {
                "height": 382.499329117704,
                "width": 292.0685801111666,
                "left": 1255.139893495947,
                "top": 841.5259944190664
            },
            "points": [
                {
                    "x": 1255.139893495947,
                    "y": 841.5259944190664
                },
                {
                    "x": 1547.2084736071135,
                    "y": 841.5259944190664
                },
                {
                    "x": 1547.2084736071135,
                    "y": 1224.0253235367704
                },
                {
                    "x": 1255.139893495947,
                    "y": 1224.0253235367704
                }
            ]
        },
        {
            "id": "WCW1SrlJ7",
            "type": "RECTANGLE",
            "tags": [
                "leaf"
            ],
            "boundingBox": {
                "height": 284.57779668382375,
                "width": 198.87545248619597,
                "left": 1677.0248743501822,
                "top": 858.1726511174982
            },
            "points": [
                {
                    "x": 1677.0248743501822,
                    "y": 858.1726511174982
                },
                {
                    "x": 1875.900326836378,
                    "y": 858.1726511174982
                },
                {
                    "x": 1875.900326836378,
                    "y": 1142.750447801322
                },
                {
                    "x": 1677.0248743501822,
                    "y": 1142.750447801322
                }
            ]
        },
        {
            "id": "UoJUEfH3V",
            "type": "RECTANGLE",
            "tags": [
                "leaf"
            ],
            "boundingBox": {
                "height": 161.9138635052137,
                "width": 99.75733569152374,
                "left": 816.8423567463582,
                "top": 1358.108914335897
            },
            "points": [
                {
                    "x": 816.8423567463582,
                    "y": 1358.108914335897
                },
                {
                    "x": 916.5996924378819,
                    "y": 1358.108914335897
                },
                {
                    "x": 916.5996924378819,
                    "y": 1520.0227778411108
                },
                {
                    "x": 816.8423567463582,
                    "y": 1520.0227778411108
                }
            ]
        },
        {
            "id": "FrYIHM4bW",
            "type": "RECTANGLE",
            "tags": [
                "leaf"
            ],
            "boundingBox": {
                "height": 112.98381067701607,
                "width": 70.78789457163417,
                "left": 1108.0060553299754,
                "top": 1392.3575858124032
            },
            "points": [
                {
                    "x": 1108.0060553299754,
                    "y": 1392.3575858124032
                },
                {
                    "x": 1178.7939499016095,
                    "y": 1392.3575858124032
                },
                {
                    "x": 1178.7939499016095,
                    "y": 1505.3413964894191
                },
                {
                    "x": 1108.0060553299754,
                    "y": 1505.3413964894191
                }
            ]
        }
    ],
    "version": "2.2.0"
}