{
    "asset": {
        "format": "jpg",
        "id": "246aa7d195eb85b538f39db388afe22d",
        "name": "3_3_4.jpg",
        "path": "file:/Users/kaitomasuda/Desktop/Univ/LeafDetection/dataset/imgs/3_3_4.jpg",
        "size": {
            "width": 2213,
            "height": 2013
        },
        "state": 2,
        "type": 1
    },
    "regions": [
        {
            "id": "KyfIcFpzB",
            "type": "RECTANGLE",
            "tags": [
                "leaf"
            ],
            "boundingBox": {
                "height": 327.4954960264009,
                "width": 226.11863905212192,
                "left": 376.6797545961387,
                "top": 278.9165267067394
            },
            "points": [
                {
                    "x": 376.6797545961387,
                    "y": 278.9165267067394
                },
                {
                    "x": 602.7983936482606,
                    "y": 278.9165267067394
                },
                {
                    "x": 602.7983936482606,
                    "y": 606.4120227331402
                },
                {
                    "x": 376.6797545961387,
                    "y": 606.4120227331402
                }
            ]
        },
        {
            "id": "sT-1h0n6F",
            "type": "RECTANGLE",
            "tags": [
                "leaf"
            ],
            "boundingBox": {
                "height": 396.1945844628345,
                "width": 333.875723702567,
                "left": 768.5537977052483,
                "top": 236.878876258587
            },
            "points": [
                {
                    "x": 768.5537977052483,
                    "y": 236.878876258587
                },
                {
                    "x": 1102.4295214078152,
                    "y": 236.878876258587
                },
                {
                    "x": 1102.4295214078152,
                    "y": 633.0734607214215
                },
                {
                    "x": 768.5537977052483,
                    "y": 633.0734607214215
                }
            ]
        },
        {
            "id": "ZG6xRhYdc",
            "type": "RECTANGLE",
            "tags": [
                "leaf"
            ],
            "boundingBox": {
                "height": 468.7670591507835,
                "width": 424.47622818896997,
                "left": 1215.7369805844403,
                "top": 265.23016182033496
            },
            "points": [
                {
                    "x": 1215.7369805844403,
                    "y": 265.23016182033496
                },
                {
                    "x": 1640.2132087734103,
                    "y": 265.23016182033496
                },
                {
                    "x": 1640.2132087734103,
                    "y": 733.9972209711184
                },
                {
                    "x": 1215.7369805844403,
                    "y": 733.9972209711184
                }
            ]
        },
        {
            "id": "xU9BOMkrI",
            "type": "RECTANGLE",
            "tags": [
                "leaf"
            ],
            "boundingBox": {
                "height": 532.5513614347611,
                "width": 429.2964203199859,
                "left": 1763.379424517163,
                "top": 209.01363223722612
            },
            "points": [
                {
                    "x": 1763.379424517163,
                    "y": 209.01363223722612
                },
                {
                    "x": 2192.675844837149,
                    "y": 209.01363223722612
                },
                {
                    "x": 2192.675844837149,
                    "y": 741.5649936719873
                },
                {
                    "x": 1763.379424517163,
                    "y": 741.5649936719873
                }
            ]
        },
        {
            "id": "EHo0ye6l-",
            "type": "RECTANGLE",
            "tags": [
                "leaf"
            ],
            "boundingBox": {
                "height": 468.57770301555763,
                "width": 353.7577220105959,
                "left": 307.69857894418965,
                "top": 856.6791662457346
            },
            "points": [
                {
                    "x": 307.69857894418965,
                    "y": 856.6791662457346
                },
                {
                    "x": 661.4563009547855,
                    "y": 856.6791662457346
                },
                {
                    "x": 661.4563009547855,
                    "y": 1325.2568692612922
                },
                {
                    "x": 307.69857894418965,
                    "y": 1325.2568692612922
                }
            ]
        },
        {
            "id": "ubZ58fD5i",
            "type": "RECTANGLE",
            "tags": [
                "leaf"
            ],
            "boundingBox": {
                "height": 550.4115639171381,
                "width": 408.3637406086673,
                "left": 800.5495760714966,
                "top": 811.6044034409797
            },
            "points": [
                {
                    "x": 800.5495760714966,
                    "y": 811.6044034409797
                },
                {
                    "x": 1208.913316680164,
                    "y": 811.6044034409797
                },
                {
                    "x": 1208.913316680164,
                    "y": 1362.0159673581177
                },
                {
                    "x": 800.5495760714966,
                    "y": 1362.0159673581177
                }
            ]
        },
        {
            "id": "eWICj3YVM",
            "type": "RECTANGLE",
            "tags": [
                "leaf"
            ],
            "boundingBox": {
                "height": 348.3096071440598,
                "width": 277.2104636800414,
                "left": 1372.8967989080875,
                "top": 926.2913772758396
            },
            "points": [
                {
                    "x": 1372.8967989080875,
                    "y": 926.2913772758396
                },
                {
                    "x": 1650.1072625881288,
                    "y": 926.2913772758396
                },
                {
                    "x": 1650.1072625881288,
                    "y": 1274.6009844198993
                },
                {
                    "x": 1372.8967989080875,
                    "y": 1274.6009844198993
                }
            ]
        },
        {
            "id": "PKzm6Tmol",
            "type": "RECTANGLE",
            "tags": [
                "leaf"
            ],
            "boundingBox": {
                "height": 256.8024604183504,
                "width": 189.93731306654237,
                "left": 1767.5223801244013,
                "top": 987.3678515204068
            },
            "points": [
                {
                    "x": 1767.5223801244013,
                    "y": 987.3678515204068
                },
                {
                    "x": 1957.4596931909437,
                    "y": 987.3678515204068
                },
                {
                    "x": 1957.4596931909437,
                    "y": 1244.170311938757
                },
                {
                    "x": 1767.5223801244013,
                    "y": 1244.170311938757
                }
            ]
        },
        {
            "id": "Itiaq9TOQ",
            "type": "RECTANGLE",
            "tags": [
                "leaf"
            ],
            "boundingBox": {
                "height": 148.90618124775503,
                "width": 107.70602129893021,
                "left": 343.5603471815794,
                "top": 1455.5258876756689
            },
            "points": [
                {
                    "x": 343.5603471815794,
                    "y": 1455.5258876756689
                },
                {
                    "x": 451.2663684805096,
                    "y": 1455.5258876756689
                },
                {
                    "x": 451.2663684805096,
                    "y": 1604.432068923424
                },
                {
                    "x": 343.5603471815794,
                    "y": 1604.432068923424
                }
            ]
        },
        {
            "id": "Q6czn27tE",
            "type": "RECTANGLE",
            "tags": [
                "leaf"
            ],
            "boundingBox": {
                "height": 89.3961023791083,
                "width": 55.71599937731381,
                "left": 614.0817471281576,
                "top": 1449.3151476629848
            },
            "points": [
                {
                    "x": 614.0817471281576,
                    "y": 1449.3151476629848
                },
                {
                    "x": 669.7977465054715,
                    "y": 1449.3151476629848
                },
                {
                    "x": 669.7977465054715,
                    "y": 1538.711250042093
                },
                {
                    "x": 614.0817471281576,
                    "y": 1538.711250042093
                }
            ]
        }
    ],
    "version": "2.2.0"
}