{
    "asset": {
        "format": "jpg",
        "id": "2596f67d16e92e28870f4a7297b4b760",
        "name": "1_1_9.jpg",
        "path": "file:/Users/kaitomasuda/Desktop/Univ/LeafDetection/dataset/imgs/1_1_9.jpg",
        "size": {
            "width": 2212,
            "height": 2013
        },
        "state": 2,
        "type": 1
    },
    "regions": [
        {
            "id": "UgxWM9lfx",
            "type": "RECTANGLE",
            "tags": [
                "leaf"
            ],
            "boundingBox": {
                "height": 386.0647520525702,
                "width": 230.59844452103758,
                "left": 380.49528696895425,
                "top": 122.33864165996683
            },
            "points": [
                {
                    "x": 380.49528696895425,
                    "y": 122.33864165996683
                },
                {
                    "x": 611.0937314899918,
                    "y": 122.33864165996683
                },
                {
                    "x": 611.0937314899918,
                    "y": 508.403393712537
                },
                {
                    "x": 380.49528696895425,
                    "y": 508.403393712537
                }
            ]
        },
        {
            "id": "Im9CMJPAa",
            "type": "RECTANGLE",
            "tags": [
                "leaf"
            ],
            "boundingBox": {
                "height": 472.63604690288673,
                "width": 362.0037141288807,
                "left": 698.5648820465686,
                "top": 100.80614820019952
            },
            "points": [
                {
                    "x": 698.5648820465686,
                    "y": 100.80614820019952
                },
                {
                    "x": 1060.5685961754493,
                    "y": 100.80614820019952
                },
                {
                    "x": 1060.5685961754493,
                    "y": 573.4421951030863
                },
                {
                    "x": 698.5648820465686,
                    "y": 573.4421951030863
                }
            ]
        },
        {
            "id": "UE_IVWXzj",
            "type": "RECTANGLE",
            "tags": [
                "leaf"
            ],
            "boundingBox": {
                "height": 541.0607513559276,
                "width": 429.23345939287174,
                "left": 1193.6636938955269,
                "top": 70.65024218065984
            },
            "points": [
                {
                    "x": 1193.6636938955269,
                    "y": 70.65024218065984
                },
                {
                    "x": 1622.8971532883986,
                    "y": 70.65024218065984
                },
                {
                    "x": 1622.8971532883986,
                    "y": 611.7109935365874
                },
                {
                    "x": 1193.6636938955269,
                    "y": 611.7109935365874
                }
            ]
        },
        {
            "id": "jZ2AfR0Kk",
            "type": "RECTANGLE",
            "tags": [
                "leaf"
            ],
            "boundingBox": {
                "height": 529.6769200029045,
                "width": 424.27092396854573,
                "left": 1706.2682425704656,
                "top": 147.81976660366715
            },
            "points": [
                {
                    "x": 1706.2682425704656,
                    "y": 147.81976660366715
                },
                {
                    "x": 2130.5391665390116,
                    "y": 147.81976660366715
                },
                {
                    "x": 2130.5391665390116,
                    "y": 677.4966866065715
                },
                {
                    "x": 1706.2682425704656,
                    "y": 677.4966866065715
                }
            ]
        },
        {
            "id": "gLadZBiA2",
            "type": "RECTANGLE",
            "tags": [
                "leaf"
            ],
            "boundingBox": {
                "height": 518.4509491756045,
                "width": 372.65236672794117,
                "left": 360.4875456367443,
                "top": 887.2923985185294
            },
            "points": [
                {
                    "x": 360.4875456367443,
                    "y": 887.2923985185294
                },
                {
                    "x": 733.1399123646854,
                    "y": 887.2923985185294
                },
                {
                    "x": 733.1399123646854,
                    "y": 1405.743347694134
                },
                {
                    "x": 360.4875456367443,
                    "y": 1405.743347694134
                }
            ]
        },
        {
            "id": "4j705Z5dP",
            "type": "RECTANGLE",
            "tags": [
                "leaf"
            ],
            "boundingBox": {
                "height": 433.87124778484474,
                "width": 304.19094413807187,
                "left": 836.4924469592524,
                "top": 932.7276323252711
            },
            "points": [
                {
                    "x": 836.4924469592524,
                    "y": 932.7276323252711
                },
                {
                    "x": 1140.6833910973244,
                    "y": 932.7276323252711
                },
                {
                    "x": 1140.6833910973244,
                    "y": 1366.5988801101157
                },
                {
                    "x": 836.4924469592524,
                    "y": 1366.5988801101157
                }
            ]
        },
        {
            "id": "gtCaPzJ_F",
            "type": "RECTANGLE",
            "tags": [
                "leaf"
            ],
            "boundingBox": {
                "height": 292.09766729946796,
                "width": 216.05003925398285,
                "left": 1274.694260940053,
                "top": 1049.3480335104055
            },
            "points": [
                {
                    "x": 1274.694260940053,
                    "y": 1049.3480335104055
                },
                {
                    "x": 1490.744300194036,
                    "y": 1049.3480335104055
                },
                {
                    "x": 1490.744300194036,
                    "y": 1341.4457008098734
                },
                {
                    "x": 1274.694260940053,
                    "y": 1341.4457008098734
                }
            ]
        },
        {
            "id": "tHUey8FBF",
            "type": "RECTANGLE",
            "tags": [
                "leaf"
            ],
            "boundingBox": {
                "height": 185.52923478751347,
                "width": 127.15731528288399,
                "left": 1551.4189242493871,
                "top": 1164.8166751203867
            },
            "points": [
                {
                    "x": 1551.4189242493871,
                    "y": 1164.8166751203867
                },
                {
                    "x": 1678.5762395322713,
                    "y": 1164.8166751203867
                },
                {
                    "x": 1678.5762395322713,
                    "y": 1350.3459099079
                },
                {
                    "x": 1551.4189242493871,
                    "y": 1350.3459099079
                }
            ]
        },
        {
            "id": "X6ZAyyiiO",
            "type": "RECTANGLE",
            "tags": [
                "leaf"
            ],
            "boundingBox": {
                "height": 129.39231951483364,
                "width": 81.72661739174836,
                "left": 1764.2038449754903,
                "top": 1190.784709535796
            },
            "points": [
                {
                    "x": 1764.2038449754903,
                    "y": 1190.784709535796
                },
                {
                    "x": 1845.9304623672385,
                    "y": 1190.784709535796
                },
                {
                    "x": 1845.9304623672385,
                    "y": 1320.1770290506297
                },
                {
                    "x": 1764.2038449754903,
                    "y": 1320.1770290506297
                }
            ]
        },
        {
            "id": "1DWTX484W",
            "type": "RECTANGLE",
            "tags": [
                "mark"
            ],
            "boundingBox": {
                "height": 68.76959682333059,
                "width": 68.10386731515523,
                "left": 2082.9581954656865,
                "top": 38.71969611069252
            },
            "points": [
                {
                    "x": 2082.9581954656865,
                    "y": 38.71969611069252
                },
                {
                    "x": 2151.0620627808416,
                    "y": 38.71969611069252
                },
                {
                    "x": 2151.0620627808416,
                    "y": 107.4892929340231
                },
                {
                    "x": 2082.9581954656865,
                    "y": 107.4892929340231
                }
            ]
        },
        {
            "id": "ZrSDqa9r9",
            "type": "RECTANGLE",
            "tags": [
                "tag"
            ],
            "boundingBox": {
                "height": 119.95440489670325,
                "width": 315.78766531352125,
                "left": 1792.5315410539215,
                "top": 1788.346951451795
            },
            "points": [
                {
                    "x": 1792.5315410539215,
                    "y": 1788.346951451795
                },
                {
                    "x": 2108.319206367443,
                    "y": 1788.346951451795
                },
                {
                    "x": 2108.319206367443,
                    "y": 1908.301356348498
                },
                {
                    "x": 1792.5315410539215,
                    "y": 1908.301356348498
                }
            ]
        },
        {
            "id": "gS9zlWlj1",
            "type": "RECTANGLE",
            "tags": [
                "scale"
            ],
            "boundingBox": {
                "height": 1439.5245292926656,
                "width": 752.608673534518,
                "left": 167.93644141901552,
                "top": 380.308734499175
            },
            "points": [
                {
                    "x": 167.93644141901552,
                    "y": 380.308734499175
                },
                {
                    "x": 920.5451149535335,
                    "y": 380.308734499175
                },
                {
                    "x": 920.5451149535335,
                    "y": 1819.8332637918406
                },
                {
                    "x": 167.93644141901552,
                    "y": 1819.8332637918406
                }
            ]
        }
    ],
    "version": "2.2.0"
}