{
    "asset": {
        "format": "jpg",
        "id": "2624390347538cf71e2104e79cb4fbfc",
        "name": "2_1_8.jpg",
        "path": "file:/Users/kaitomasuda/Desktop/Univ/LeafDetection/dataset/imgs/2_1_8.jpg",
        "size": {
            "width": 2213,
            "height": 2016
        },
        "state": 2,
        "type": 1
    },
    "regions": [
        {
            "id": "ASCQDVUKv",
            "type": "RECTANGLE",
            "tags": [
                "leaf"
            ],
            "boundingBox": {
                "height": 372.07451893847275,
                "width": 287.4087110659191,
                "left": 325.94172827177294,
                "top": 266.2759112050097
            },
            "points": [
                {
                    "x": 325.94172827177294,
                    "y": 266.2759112050097
                },
                {
                    "x": 613.350439337692,
                    "y": 266.2759112050097
                },
                {
                    "x": 613.350439337692,
                    "y": 638.3504301434825
                },
                {
                    "x": 325.94172827177294,
                    "y": 638.3504301434825
                }
            ]
        },
        {
            "id": "RuG4EkZ0F",
            "type": "RECTANGLE",
            "tags": [
                "leaf"
            ],
            "boundingBox": {
                "height": 462.5188396765564,
                "width": 401.975732356944,
                "left": 732.9798216402671,
                "top": 218.2893854875973
            },
            "points": [
                {
                    "x": 732.9798216402671,
                    "y": 218.2893854875973
                },
                {
                    "x": 1134.9555539972112,
                    "y": 218.2893854875973
                },
                {
                    "x": 1134.9555539972112,
                    "y": 680.8082251641537
                },
                {
                    "x": 732.9798216402671,
                    "y": 680.8082251641537
                }
            ]
        },
        {
            "id": "G3Rhi3-Pa",
            "type": "RECTANGLE",
            "tags": [
                "leaf"
            ],
            "boundingBox": {
                "height": 535.993344555569,
                "width": 468.89525140712726,
                "left": 1345.6917081792303,
                "top": 202.53958497993676
            },
            "points": [
                {
                    "x": 1345.6917081792303,
                    "y": 202.53958497993676
                },
                {
                    "x": 1814.5869595863576,
                    "y": 202.53958497993676
                },
                {
                    "x": 1814.5869595863576,
                    "y": 738.5329295355059
                },
                {
                    "x": 1345.6917081792303,
                    "y": 738.5329295355059
                }
            ]
        },
        {
            "id": "3AwStGQHo",
            "type": "RECTANGLE",
            "tags": [
                "leaf"
            ],
            "boundingBox": {
                "height": 519.0171449416342,
                "width": 433.33666566528603,
                "left": 279.9648091561969,
                "top": 820.6592974829766
            },
            "points": [
                {
                    "x": 279.9648091561969,
                    "y": 820.6592974829766
                },
                {
                    "x": 713.301474821483,
                    "y": 820.6592974829766
                },
                {
                    "x": 713.301474821483,
                    "y": 1339.676442424611
                },
                {
                    "x": 279.9648091561969,
                    "y": 1339.676442424611
                }
            ]
        },
        {
            "id": "vhSJKnJi0",
            "type": "RECTANGLE",
            "tags": [
                "leaf"
            ],
            "boundingBox": {
                "height": 471.7159153088522,
                "width": 405.8205402635795,
                "left": 813.179067553076,
                "top": 891.2146309581713
            },
            "points": [
                {
                    "x": 813.179067553076,
                    "y": 891.2146309581713
                },
                {
                    "x": 1218.9996078166555,
                    "y": 891.2146309581713
                },
                {
                    "x": 1218.9996078166555,
                    "y": 1362.9305462670234
                },
                {
                    "x": 813.179067553076,
                    "y": 1362.9305462670234
                }
            ]
        },
        {
            "id": "YqTiCWXHO",
            "type": "RECTANGLE",
            "tags": [
                "leaf"
            ],
            "boundingBox": {
                "height": 362.8404175279669,
                "width": 237.62769687373023,
                "left": 1363.2625673262503,
                "top": 903.29261536357
            },
            "points": [
                {
                    "x": 1363.2625673262503,
                    "y": 903.29261536357
                },
                {
                    "x": 1600.8902641999805,
                    "y": 903.29261536357
                },
                {
                    "x": 1600.8902641999805,
                    "y": 1266.133032891537
                },
                {
                    "x": 1363.2625673262503,
                    "y": 1266.133032891537
                }
            ]
        },
        {
            "id": "V6xzQqDXo",
            "type": "RECTANGLE",
            "tags": [
                "leaf"
            ],
            "boundingBox": {
                "height": 233.7311299246109,
                "width": 173.15557771146155,
                "left": 427.0004720484956,
                "top": 1395.6988387645915
            },
            "points": [
                {
                    "x": 427.0004720484956,
                    "y": 1395.6988387645915
                },
                {
                    "x": 600.1560497599572,
                    "y": 1395.6988387645915
                },
                {
                    "x": 600.1560497599572,
                    "y": 1629.4299686892023
                },
                {
                    "x": 427.0004720484956,
                    "y": 1629.4299686892023
                }
            ]
        },
        {
            "id": "b_XclnFSh",
            "type": "RECTANGLE",
            "tags": [
                "leaf"
            ],
            "boundingBox": {
                "height": 117.25776690175097,
                "width": 74.0721246525469,
                "left": 797.8418260218122,
                "top": 1451.6972960238327
            },
            "points": [
                {
                    "x": 797.8418260218122,
                    "y": 1451.6972960238327
                },
                {
                    "x": 871.9139506743591,
                    "y": 1451.6972960238327
                },
                {
                    "x": 871.9139506743591,
                    "y": 1568.9550629255837
                },
                {
                    "x": 797.8418260218122,
                    "y": 1568.9550629255837
                }
            ]
        },
        {
            "id": "dP8gvmfMY",
            "type": "RECTANGLE",
            "tags": [
                "mark"
            ],
            "boundingBox": {
                "height": 69.24295317059826,
                "width": 57.6581485107999,
                "left": 2090.315000060602,
                "top": 35.21753974647373
            },
            "points": [
                {
                    "x": 2090.315000060602,
                    "y": 35.21753974647373
                },
                {
                    "x": 2147.973148571402,
                    "y": 35.21753974647373
                },
                {
                    "x": 2147.973148571402,
                    "y": 104.46049291707199
                },
                {
                    "x": 2090.315000060602,
                    "y": 104.46049291707199
                }
            ]
        },
        {
            "id": "gDTh4qaxx",
            "type": "RECTANGLE",
            "tags": [
                "tag"
            ],
            "boundingBox": {
                "height": 123.89176495622569,
                "width": 319.07507042851006,
                "left": 1785.6843627496812,
                "top": 1780.0698261186772
            },
            "points": [
                {
                    "x": 1785.6843627496812,
                    "y": 1780.0698261186772
                },
                {
                    "x": 2104.7594331781916,
                    "y": 1780.0698261186772
                },
                {
                    "x": 2104.7594331781916,
                    "y": 1903.9615910749028
                },
                {
                    "x": 1785.6843627496812,
                    "y": 1903.9615910749028
                }
            ]
        },
        {
            "id": "I7PgTDKYF",
            "type": "RECTANGLE",
            "tags": [
                "scale"
            ],
            "boundingBox": {
                "height": 1432.4696657648346,
                "width": 741.0360125818996,
                "left": 169.86981284139284,
                "top": 385.9025299428502
            },
            "points": [
                {
                    "x": 169.86981284139284,
                    "y": 385.9025299428502
                },
                {
                    "x": 910.9058254232924,
                    "y": 385.9025299428502
                },
                {
                    "x": 910.9058254232924,
                    "y": 1818.3721957076848
                },
                {
                    "x": 169.86981284139284,
                    "y": 1818.3721957076848
                }
            ]
        }
    ],
    "version": "2.2.0"
}