{
    "asset": {
        "format": "jpg",
        "id": "28106f756d44b3a4142149bc4c81ef9c",
        "name": "1_2_9.jpg",
        "path": "file:/Users/kaitomasuda/Desktop/Univ/LeafDetection/dataset/imgs/1_2_9.jpg",
        "size": {
            "width": 2207,
            "height": 2012
        },
        "state": 2,
        "type": 1
    },
    "regions": [
        {
            "id": "ibpfJ01-0",
            "type": "RECTANGLE",
            "tags": [
                "leaf"
            ],
            "boundingBox": {
                "height": 338.45826202077967,
                "width": 240.7981273679805,
                "left": 384.83987220247883,
                "top": 197.17080430492913
            },
            "points": [
                {
                    "x": 384.83987220247883,
                    "y": 197.17080430492913
                },
                {
                    "x": 625.6379995704593,
                    "y": 197.17080430492913
                },
                {
                    "x": 625.6379995704593,
                    "y": 535.6290663257088
                },
                {
                    "x": 384.83987220247883,
                    "y": 535.6290663257088
                }
            ]
        },
        {
            "id": "yYdHMIqU8",
            "type": "RECTANGLE",
            "tags": [
                "leaf"
            ],
            "boundingBox": {
                "height": 415.4625395155445,
                "width": 285.1635398004288,
                "left": 671.9206735711349,
                "top": 146.59405504993558
            },
            "points": [
                {
                    "x": 671.9206735711349,
                    "y": 146.59405504993558
                },
                {
                    "x": 957.0842133715637,
                    "y": 146.59405504993558
                },
                {
                    "x": 957.0842133715637,
                    "y": 562.05659456548
                },
                {
                    "x": 671.9206735711349,
                    "y": 562.05659456548
                }
            ]
        },
        {
            "id": "tveobDmR2",
            "type": "RECTANGLE",
            "tags": [
                "leaf"
            ],
            "boundingBox": {
                "height": 425.3468936251611,
                "width": 354.6797170997562,
                "left": 1062.4191513635162,
                "top": 167.81158233327966
            },
            "points": [
                {
                    "x": 1062.4191513635162,
                    "y": 167.81158233327966
                },
                {
                    "x": 1417.0988684632725,
                    "y": 167.81158233327966
                },
                {
                    "x": 1417.0988684632725,
                    "y": 593.1584759584408
                },
                {
                    "x": 1062.4191513635162,
                    "y": 593.1584759584408
                }
            ]
        },
        {
            "id": "DmLkTb36v",
            "type": "RECTANGLE",
            "tags": [
                "leaf"
            ],
            "boundingBox": {
                "height": 465.32412109375,
                "width": 375.9093630224242,
                "left": 421.13870789950954,
                "top": 773.4926455782861
            },
            "points": [
                {
                    "x": 421.13870789950954,
                    "y": 773.4926455782861
                },
                {
                    "x": 797.0480709219338,
                    "y": 773.4926455782861
                },
                {
                    "x": 797.0480709219338,
                    "y": 1238.8167666720362
                },
                {
                    "x": 421.13870789950954,
                    "y": 1238.8167666720362
                }
            ]
        },
        {
            "id": "eHrUtQLxk",
            "type": "RECTANGLE",
            "tags": [
                "leaf"
            ],
            "boundingBox": {
                "height": 392.8163226884665,
                "width": 307.12291998612255,
                "left": 893.5289673769385,
                "top": 812.3985774403995
            },
            "points": [
                {
                    "x": 893.5289673769385,
                    "y": 812.3985774403995
                },
                {
                    "x": 1200.651887363061,
                    "y": 812.3985774403995
                },
                {
                    "x": 1200.651887363061,
                    "y": 1205.214900128866
                },
                {
                    "x": 893.5289673769385,
                    "y": 1205.214900128866
                }
            ]
        },
        {
            "id": "pRHB651jM",
            "type": "RECTANGLE",
            "tags": [
                "leaf"
            ],
            "boundingBox": {
                "height": 313.4376479945232,
                "width": 236.77167551141036,
                "left": 1321.5958463052161,
                "top": 875.0472152867269
            },
            "points": [
                {
                    "x": 1321.5958463052161,
                    "y": 875.0472152867269
                },
                {
                    "x": 1558.3675218166265,
                    "y": 875.0472152867269
                },
                {
                    "x": 1558.3675218166265,
                    "y": 1188.48486328125
                },
                {
                    "x": 1321.5958463052161,
                    "y": 1188.48486328125
                }
            ]
        },
        {
            "id": "tUjoBtFtn",
            "type": "RECTANGLE",
            "tags": [
                "leaf"
            ],
            "boundingBox": {
                "height": 171.0214179284794,
                "width": 133.08610913269501,
                "left": 1629.0119766579535,
                "top": 963.869800056379
            },
            "points": [
                {
                    "x": 1629.0119766579535,
                    "y": 963.869800056379
                },
                {
                    "x": 1762.0980857906486,
                    "y": 963.869800056379
                },
                {
                    "x": 1762.0980857906486,
                    "y": 1134.8912179848583
                },
                {
                    "x": 1629.0119766579535,
                    "y": 1134.8912179848583
                }
            ]
        },
        {
            "id": "4YHDfnobk",
            "type": "RECTANGLE",
            "tags": [
                "leaf"
            ],
            "boundingBox": {
                "height": 86.35057838675903,
                "width": 50.50763788438381,
                "left": 1888.495048580313,
                "top": 1089.8114736026096
            },
            "points": [
                {
                    "x": 1888.495048580313,
                    "y": 1089.8114736026096
                },
                {
                    "x": 1939.0026864646968,
                    "y": 1089.8114736026096
                },
                {
                    "x": 1939.0026864646968,
                    "y": 1176.1620519893686
                },
                {
                    "x": 1888.495048580313,
                    "y": 1176.1620519893686
                }
            ]
        },
        {
            "id": "h0XtEo8Kw",
            "type": "RECTANGLE",
            "tags": [
                "leaf"
            ],
            "boundingBox": {
                "height": 92.24510963675903,
                "width": 65.10840004368832,
                "left": 1992.5209212912653,
                "top": 1116.4113054727773
            },
            "points": [
                {
                    "x": 1992.5209212912653,
                    "y": 1116.4113054727773
                },
                {
                    "x": 2057.6293213349536,
                    "y": 1116.4113054727773
                },
                {
                    "x": 2057.6293213349536,
                    "y": 1208.6564151095363
                },
                {
                    "x": 1992.5209212912653,
                    "y": 1208.6564151095363
                }
            ]
        }
    ],
    "version": "2.2.0"
}