{
    "asset": {
        "format": "jpg",
        "id": "30d1e058a67e3a3d82a898f42cd360f8",
        "name": "2_3_1.jpg",
        "path": "file:/Users/kaitomasuda/Desktop/Univ/LeafDetection/dataset/imgs/2_3_1.jpg",
        "size": {
            "width": 2212,
            "height": 2018
        },
        "state": 2,
        "type": 1
    },
    "regions": [
        {
            "id": "5aKK22StN",
            "type": "RECTANGLE",
            "tags": [
                "leaf"
            ],
            "boundingBox": {
                "height": 283.15806619120383,
                "width": 228.32816453577496,
                "left": 311.9679910285535,
                "top": 279.13912094195274
            },
            "points": [
                {
                    "x": 311.9679910285535,
                    "y": 279.13912094195274
                },
                {
                    "x": 540.2961555643285,
                    "y": 279.13912094195274
                },
                {
                    "x": 540.2961555643285,
                    "y": 562.2971871331565
                },
                {
                    "x": 311.9679910285535,
                    "y": 562.2971871331565
                }
            ]
        },
        {
            "id": "JHuLA0VP5",
            "type": "RECTANGLE",
            "tags": [
                "leaf"
            ],
            "boundingBox": {
                "height": 417.83529074080866,
                "width": 355.15579577146116,
                "left": 614.4444444444445,
                "top": 162.47040874105662
            },
            "points": [
                {
                    "x": 614.4444444444445,
                    "y": 162.47040874105662
                },
                {
                    "x": 969.6002402159056,
                    "y": 162.47040874105662
                },
                {
                    "x": 969.6002402159056,
                    "y": 580.3056994818653
                },
                {
                    "x": 614.4444444444445,
                    "y": 580.3056994818653
                }
            ]
        },
        {
            "id": "Wm2i-Sp1O",
            "type": "RECTANGLE",
            "tags": [
                "leaf"
            ],
            "boundingBox": {
                "height": 466.01149947408567,
                "width": 413.48974926815526,
                "left": 1082.4508498171542,
                "top": 140.60273572694453
            },
            "points": [
                {
                    "x": 1082.4508498171542,
                    "y": 140.60273572694453
                },
                {
                    "x": 1495.9405990853095,
                    "y": 140.60273572694453
                },
                {
                    "x": 1495.9405990853095,
                    "y": 606.6142352010302
                },
                {
                    "x": 1082.4508498171542,
                    "y": 606.6142352010302
                }
            ]
        },
        {
            "id": "x60yY4V2w",
            "type": "RECTANGLE",
            "tags": [
                "leaf"
            ],
            "boundingBox": {
                "height": 573.4347230585128,
                "width": 455.66370408078456,
                "left": 1719.7684381002512,
                "top": 194.17552319462436
            },
            "points": [
                {
                    "x": 1719.7684381002512,
                    "y": 194.17552319462436
                },
                {
                    "x": 2175.432142181036,
                    "y": 194.17552319462436
                },
                {
                    "x": 2175.432142181036,
                    "y": 767.6102462531371
                },
                {
                    "x": 1719.7684381002512,
                    "y": 767.6102462531371
                }
            ]
        },
        {
            "id": "UhvAksHMu",
            "type": "RECTANGLE",
            "tags": [
                "leaf"
            ],
            "boundingBox": {
                "height": 541.2297134004109,
                "width": 484.7225613064236,
                "left": 252.19696549940898,
                "top": 835.1127314592272
            },
            "points": [
                {
                    "x": 252.19696549940898,
                    "y": 835.1127314592272
                },
                {
                    "x": 736.9195268058326,
                    "y": 835.1127314592272
                },
                {
                    "x": 736.9195268058326,
                    "y": 1376.3424448596381
                },
                {
                    "x": 252.19696549940898,
                    "y": 1376.3424448596381
                }
            ]
        },
        {
            "id": "en8c5Fga1",
            "type": "RECTANGLE",
            "tags": [
                "leaf"
            ],
            "boundingBox": {
                "height": 449.60845125030346,
                "width": 324.21749408983453,
                "left": 904.6713947990544,
                "top": 952.9452067162705
            },
            "points": [
                {
                    "x": 904.6713947990544,
                    "y": 952.9452067162705
                },
                {
                    "x": 1228.888888888889,
                    "y": 952.9452067162705
                },
                {
                    "x": 1228.888888888889,
                    "y": 1402.5536579665738
                },
                {
                    "x": 904.6713947990544,
                    "y": 1402.5536579665738
                }
            ]
        },
        {
            "id": "0l6Q9gzWf",
            "type": "RECTANGLE",
            "tags": [
                "leaf"
            ],
            "boundingBox": {
                "height": 384.47313915509636,
                "width": 296.0575848662825,
                "left": 1308.4074066378546,
                "top": 1024.45961717991
            },
            "points": [
                {
                    "x": 1308.4074066378546,
                    "y": 1024.45961717991
                },
                {
                    "x": 1604.464991504137,
                    "y": 1024.45961717991
                },
                {
                    "x": 1604.464991504137,
                    "y": 1408.9327563350064
                },
                {
                    "x": 1308.4074066378546,
                    "y": 1408.9327563350064
                }
            ]
        },
        {
            "id": "v32L3MRPG",
            "type": "RECTANGLE",
            "tags": [
                "leaf"
            ],
            "boundingBox": {
                "height": 239.64799807849943,
                "width": 179.08518776318707,
                "left": 1707.6284110427748,
                "top": 1094.0071536049325
            },
            "points": [
                {
                    "x": 1707.6284110427748,
                    "y": 1094.0071536049325
                },
                {
                    "x": 1886.713598805962,
                    "y": 1094.0071536049325
                },
                {
                    "x": 1886.713598805962,
                    "y": 1333.6551516834318
                },
                {
                    "x": 1707.6284110427748,
                    "y": 1333.6551516834318
                }
            ]
        },
        {
            "id": "L9Yalb0h0",
            "type": "RECTANGLE",
            "tags": [
                "leaf"
            ],
            "boundingBox": {
                "height": 130.88822391490245,
                "width": 82.84221560791593,
                "left": 818.9994000374003,
                "top": 1481.0716269695697
            },
            "points": [
                {
                    "x": 818.9994000374003,
                    "y": 1481.0716269695697
                },
                {
                    "x": 901.8416156453162,
                    "y": 1481.0716269695697
                },
                {
                    "x": 901.8416156453162,
                    "y": 1611.9598508844722
                },
                {
                    "x": 818.9994000374003,
                    "y": 1611.9598508844722
                }
            ]
        },
        {
            "id": "Mg_m8-Tdo",
            "type": "RECTANGLE",
            "tags": [
                "leaf"
            ],
            "boundingBox": {
                "height": 82.59514827431792,
                "width": 51.22663089400488,
                "left": 1191.2023331301714,
                "top": 1498.6080448763357
            },
            "points": [
                {
                    "x": 1191.2023331301714,
                    "y": 1498.6080448763357
                },
                {
                    "x": 1242.4289640241764,
                    "y": 1498.6080448763357
                },
                {
                    "x": 1242.4289640241764,
                    "y": 1581.2031931506538
                },
                {
                    "x": 1191.2023331301714,
                    "y": 1581.2031931506538
                }
            ]
        }
    ],
    "version": "2.2.0"
}