{
    "asset": {
        "format": "jpg",
        "id": "319b91069a617520c86266e9a68afc50",
        "name": "1_1_7.jpg",
        "path": "file:/Users/kaitomasuda/Desktop/Univ/LeafDetection/dataset/imgs/1_1_7.jpg",
        "size": {
            "width": 2215,
            "height": 2013
        },
        "state": 2,
        "type": 1
    },
    "regions": [
        {
            "id": "q7OC_ldK7",
            "type": "RECTANGLE",
            "tags": [
                "leaf"
            ],
            "boundingBox": {
                "height": 328.9926692386324,
                "width": 232.76306830512152,
                "left": 350.34640522875816,
                "top": 309.9995215107211
            },
            "points": [
                {
                    "x": 350.34640522875816,
                    "y": 309.9995215107211
                },
                {
                    "x": 583.1094735338797,
                    "y": 309.9995215107211
                },
                {
                    "x": 583.1094735338797,
                    "y": 638.9921907493534
                },
                {
                    "x": 350.34640522875816,
                    "y": 638.9921907493534
                }
            ]
        },
        {
            "id": "ufTbogSyC",
            "type": "RECTANGLE",
            "tags": [
                "leaf"
            ],
            "boundingBox": {
                "height": 402.19446116934574,
                "width": 299.6985609266493,
                "left": 751.9326758291207,
                "top": 233.03730271154168
            },
            "points": [
                {
                    "x": 751.9326758291207,
                    "y": 233.03730271154168
                },
                {
                    "x": 1051.63123675577,
                    "y": 233.03730271154168
                },
                {
                    "x": 1051.63123675577,
                    "y": 635.2317638808875
                },
                {
                    "x": 751.9326758291207,
                    "y": 635.2317638808875
                }
            ]
        },
        {
            "id": "423sI6Mfc",
            "type": "RECTANGLE",
            "tags": [
                "leaf"
            ],
            "boundingBox": {
                "height": 480.9724562171552,
                "width": 401.99290954988766,
                "left": 1181.650373870251,
                "top": 258.9875892913599
            },
            "points": [
                {
                    "x": 1181.650373870251,
                    "y": 258.9875892913599
                },
                {
                    "x": 1583.643283420139,
                    "y": 258.9875892913599
                },
                {
                    "x": 1583.643283420139,
                    "y": 739.960045508515
                },
                {
                    "x": 1181.650373870251,
                    "y": 739.960045508515
                }
            ]
        },
        {
            "id": "21DGq1vLF",
            "type": "RECTANGLE",
            "tags": [
                "leaf"
            ],
            "boundingBox": {
                "height": 513.3429051021877,
                "width": 415.2792761310253,
                "left": 1661.8897362004698,
                "top": 237.2840137728684
            },
            "points": [
                {
                    "x": 1661.8897362004698,
                    "y": 237.2840137728684
                },
                {
                    "x": 2077.169012331495,
                    "y": 237.2840137728684
                },
                {
                    "x": 2077.169012331495,
                    "y": 750.6269188750562
                },
                {
                    "x": 1661.8897362004698,
                    "y": 750.6269188750562
                }
            ]
        },
        {
            "id": "MPnAv9z9X",
            "type": "RECTANGLE",
            "tags": [
                "leaf"
            ],
            "boundingBox": {
                "height": 450.23499057687445,
                "width": 349.3747837839563,
                "left": 401.1110632404003,
                "top": 988.968577564706
            },
            "points": [
                {
                    "x": 401.1110632404003,
                    "y": 988.968577564706
                },
                {
                    "x": 750.4858470243566,
                    "y": 988.968577564706
                },
                {
                    "x": 750.4858470243566,
                    "y": 1439.2035681415805
                },
                {
                    "x": 401.1110632404003,
                    "y": 1439.2035681415805
                }
            ]
        },
        {
            "id": "mABF18Y6N",
            "type": "RECTANGLE",
            "tags": [
                "leaf"
            ],
            "boundingBox": {
                "height": 352.28348555530573,
                "width": 268.43083559921365,
                "left": 923.6405228758169,
                "top": 1051.8671375302101
            },
            "points": [
                {
                    "x": 923.6405228758169,
                    "y": 1051.8671375302101
                },
                {
                    "x": 1192.0713584750306,
                    "y": 1051.8671375302101
                },
                {
                    "x": 1192.0713584750306,
                    "y": 1404.1506230855157
                },
                {
                    "x": 923.6405228758169,
                    "y": 1404.1506230855157
                }
            ]
        },
        {
            "id": "mouC-5k2z",
            "type": "RECTANGLE",
            "tags": [
                "leaf"
            ],
            "boundingBox": {
                "height": 255.79458973836554,
                "width": 185.4218825795292,
                "left": 1312.660748650046,
                "top": 1123.556821183678
            },
            "points": [
                {
                    "x": 1312.660748650046,
                    "y": 1123.556821183678
                },
                {
                    "x": 1498.082631229575,
                    "y": 1123.556821183678
                },
                {
                    "x": 1498.082631229575,
                    "y": 1379.3514109220437
                },
                {
                    "x": 1312.660748650046,
                    "y": 1379.3514109220437
                }
            ]
        },
        {
            "id": "FTeVRLOo3",
            "type": "RECTANGLE",
            "tags": [
                "leaf"
            ],
            "boundingBox": {
                "height": 117.13389831103866,
                "width": 79.20181573606004,
                "left": 1554.4469249451083,
                "top": 1243.4842350143322
            },
            "points": [
                {
                    "x": 1554.4469249451083,
                    "y": 1243.4842350143322
                },
                {
                    "x": 1633.6487406811682,
                    "y": 1243.4842350143322
                },
                {
                    "x": 1633.6487406811682,
                    "y": 1360.618133325371
                },
                {
                    "x": 1554.4469249451083,
                    "y": 1360.618133325371
                }
            ]
        },
        {
            "id": "-HThDSVqM",
            "type": "RECTANGLE",
            "tags": [
                "leaf"
            ],
            "boundingBox": {
                "height": 93.81718337244267,
                "width": 61.632751065921155,
                "left": 1714.7464376212724,
                "top": 1258.6067320460038
            },
            "points": [
                {
                    "x": 1714.7464376212724,
                    "y": 1258.6067320460038
                },
                {
                    "x": 1776.3791886871936,
                    "y": 1258.6067320460038
                },
                {
                    "x": 1776.3791886871936,
                    "y": 1352.4239154184465
                },
                {
                    "x": 1714.7464376212724,
                    "y": 1352.4239154184465
                }
            ]
        },
        {
            "id": "KP1Vgbi-R",
            "type": "RECTANGLE",
            "tags": [
                "mark"
            ],
            "boundingBox": {
                "height": 65.093446075659,
                "width": 52.31062825520833,
                "left": 2094.7967489404614,
                "top": 35.582231568261015
            },
            "points": [
                {
                    "x": 2094.7967489404614,
                    "y": 35.582231568261015
                },
                {
                    "x": 2147.10737719567,
                    "y": 35.582231568261015
                },
                {
                    "x": 2147.10737719567,
                    "y": 100.67567764392001
                },
                {
                    "x": 2094.7967489404614,
                    "y": 100.67567764392001
                }
            ]
        },
        {
            "id": "ohQUOdCpe",
            "type": "RECTANGLE",
            "tags": [
                "tag"
            ],
            "boundingBox": {
                "height": 160.6076963136522,
                "width": 320.4131130642361,
                "left": 1822.8957862604677,
                "top": 1812.99422396653
            },
            "points": [
                {
                    "x": 1822.8957862604677,
                    "y": 1812.99422396653
                },
                {
                    "x": 2143.308899324704,
                    "y": 1812.99422396653
                },
                {
                    "x": 2143.308899324704,
                    "y": 1973.601920280182
                },
                {
                    "x": 1822.8957862604677,
                    "y": 1973.601920280182
                }
            ]
        },
        {
            "id": "OhuG3EHJL",
            "type": "RECTANGLE",
            "tags": [
                "scale"
            ],
            "boundingBox": {
                "height": 1438.3153249617103,
                "width": 740.1617064631843,
                "left": 169.536101696538,
                "top": 375.5827874272847
            },
            "points": [
                {
                    "x": 169.536101696538,
                    "y": 375.5827874272847
                },
                {
                    "x": 909.6978081597222,
                    "y": 375.5827874272847
                },
                {
                    "x": 909.6978081597222,
                    "y": 1813.898112388995
                },
                {
                    "x": 169.536101696538,
                    "y": 1813.898112388995
                }
            ]
        }
    ],
    "version": "2.2.0"
}