{
    "asset": {
        "format": "jpg",
        "id": "36c43bf91325ae6d9bd73a63dd3844a1",
        "name": "3_2_6.jpg",
        "path": "file:/Users/kaitomasuda/Desktop/Univ/LeafDetection/dataset/imgs/3_2_6.jpg",
        "size": {
            "width": 2218,
            "height": 2016
        },
        "state": 2,
        "type": 1
    },
    "regions": [
        {
            "id": "Q7t4YYcmB",
            "type": "RECTANGLE",
            "tags": [
                "leaf"
            ],
            "boundingBox": {
                "height": 326.5831425107759,
                "width": 218.47371320026676,
                "left": 340.91255767503264,
                "top": 328.9337621228448
            },
            "points": [
                {
                    "x": 340.91255767503264,
                    "y": 328.9337621228448
                },
                {
                    "x": 559.3862708752995,
                    "y": 328.9337621228448
                },
                {
                    "x": 559.3862708752995,
                    "y": 655.5169046336207
                },
                {
                    "x": 340.91255767503264,
                    "y": 655.5169046336207
                }
            ]
        },
        {
            "id": "V1A_TQkGC",
            "type": "RECTANGLE",
            "tags": [
                "leaf"
            ],
            "boundingBox": {
                "height": 386.52193898168105,
                "width": 344.03422392203834,
                "left": 616.2658789232632,
                "top": 269.67714507004314
            },
            "points": [
                {
                    "x": 616.2658789232632,
                    "y": 269.67714507004314
                },
                {
                    "x": 960.3001028453016,
                    "y": 269.67714507004314
                },
                {
                    "x": 960.3001028453016,
                    "y": 656.1990840517242
                },
                {
                    "x": 616.2658789232632,
                    "y": 656.1990840517242
                }
            ]
        },
        {
            "id": "fEHPs99Um",
            "type": "RECTANGLE",
            "tags": [
                "leaf"
            ],
            "boundingBox": {
                "height": 469.9229694234914,
                "width": 388.18330154684776,
                "left": 1149.5250580152983,
                "top": 255.79665611530174
            },
            "points": [
                {
                    "x": 1149.5250580152983,
                    "y": 255.79665611530174
                },
                {
                    "x": 1537.7083595621461,
                    "y": 255.79665611530174
                },
                {
                    "x": 1537.7083595621461,
                    "y": 725.7196255387931
                },
                {
                    "x": 1149.5250580152983,
                    "y": 725.7196255387931
                }
            ]
        },
        {
            "id": "NbdJMdgMQ",
            "type": "RECTANGLE",
            "tags": [
                "leaf"
            ],
            "boundingBox": {
                "height": 491.1469053071121,
                "width": 409.00667388597014,
                "left": 1675.127239798835,
                "top": 264.07474070581895
            },
            "points": [
                {
                    "x": 1675.127239798835,
                    "y": 264.07474070581895
                },
                {
                    "x": 2084.133913684805,
                    "y": 264.07474070581895
                },
                {
                    "x": 2084.133913684805,
                    "y": 755.221646012931
                },
                {
                    "x": 1675.127239798835,
                    "y": 755.221646012931
                }
            ]
        },
        {
            "id": "biqLBYXSx",
            "type": "RECTANGLE",
            "tags": [
                "leaf"
            ],
            "boundingBox": {
                "height": 501.7163254310345,
                "width": 447.22491582677753,
                "left": 298.24200269320283,
                "top": 1036.7260237068965
            },
            "points": [
                {
                    "x": 298.24200269320283,
                    "y": 1036.7260237068965
                },
                {
                    "x": 745.4669185199804,
                    "y": 1036.7260237068965
                },
                {
                    "x": 745.4669185199804,
                    "y": 1538.4423491379312
                },
                {
                    "x": 298.24200269320283,
                    "y": 1538.4423491379312
                }
            ]
        },
        {
            "id": "S3wXN-SMI",
            "type": "RECTANGLE",
            "tags": [
                "leaf"
            ],
            "boundingBox": {
                "height": 414.8956761853448,
                "width": 314.5232044180096,
                "left": 879.1330068767694,
                "top": 1098.7713496767242
            },
            "points": [
                {
                    "x": 879.1330068767694,
                    "y": 1098.7713496767242
                },
                {
                    "x": 1193.656211294779,
                    "y": 1098.7713496767242
                },
                {
                    "x": 1193.656211294779,
                    "y": 1513.667025862069
                },
                {
                    "x": 879.1330068767694,
                    "y": 1513.667025862069
                }
            ]
        },
        {
            "id": "2csLOByFt",
            "type": "RECTANGLE",
            "tags": [
                "leaf"
            ],
            "boundingBox": {
                "height": 326.2234307650862,
                "width": 244.62910658141877,
                "left": 1316.5525982687282,
                "top": 1192.581155711207
            },
            "points": [
                {
                    "x": 1316.5525982687282,
                    "y": 1192.581155711207
                },
                {
                    "x": 1561.181704850147,
                    "y": 1192.581155711207
                },
                {
                    "x": 1561.181704850147,
                    "y": 1518.8045864762933
                },
                {
                    "x": 1316.5525982687282,
                    "y": 1518.8045864762933
                }
            ]
        },
        {
            "id": "JJ4YLoACj",
            "type": "RECTANGLE",
            "tags": [
                "leaf"
            ],
            "boundingBox": {
                "height": 211.09987877155174,
                "width": 147.7159449348051,
                "left": 1701.5043290301066,
                "top": 1247.408203125
            },
            "points": [
                {
                    "x": 1701.5043290301066,
                    "y": 1247.408203125
                },
                {
                    "x": 1849.2202739649117,
                    "y": 1247.408203125
                },
                {
                    "x": 1849.2202739649117,
                    "y": 1458.5080818965519
                },
                {
                    "x": 1701.5043290301066,
                    "y": 1458.5080818965519
                }
            ]
        },
        {
            "id": "95oalEJu7",
            "type": "RECTANGLE",
            "tags": [
                "leaf"
            ],
            "boundingBox": {
                "height": 123.33422009698276,
                "width": 85.42176951763938,
                "left": 1988.287250585257,
                "top": 1292.5689991918105
            },
            "points": [
                {
                    "x": 1988.287250585257,
                    "y": 1292.5689991918105
                },
                {
                    "x": 2073.7090201028964,
                    "y": 1292.5689991918105
                },
                {
                    "x": 2073.7090201028964,
                    "y": 1415.9032192887933
                },
                {
                    "x": 1988.287250585257,
                    "y": 1415.9032192887933
                }
            ]
        },
        {
            "id": "jxqU91nQV",
            "type": "RECTANGLE",
            "tags": [
                "mark"
            ],
            "boundingBox": {
                "height": 69.01609644396552,
                "width": 59.71778662279508,
                "left": 2087.752744668037,
                "top": 35.00848599137931
            },
            "points": [
                {
                    "x": 2087.752744668037,
                    "y": 35.00848599137931
                },
                {
                    "x": 2147.470531290832,
                    "y": 35.00848599137931
                },
                {
                    "x": 2147.470531290832,
                    "y": 104.02458243534483
                },
                {
                    "x": 2087.752744668037,
                    "y": 104.02458243534483
                }
            ]
        },
        {
            "id": "dw-28NYyd",
            "type": "RECTANGLE",
            "tags": [
                "tag"
            ],
            "boundingBox": {
                "height": 122.65557650862026,
                "width": 330.95369707167333,
                "left": 1727.2578397212546,
                "top": 1769.7582165948281
            },
            "points": [
                {
                    "x": 1727.2578397212546,
                    "y": 1769.7582165948281
                },
                {
                    "x": 2058.2115367929277,
                    "y": 1769.7582165948281
                },
                {
                    "x": 2058.2115367929277,
                    "y": 1892.4137931034484
                },
                {
                    "x": 1727.2578397212546,
                    "y": 1892.4137931034484
                }
            ]
        },
        {
            "id": "ocGcixki2",
            "type": "RECTANGLE",
            "tags": [
                "scale"
            ],
            "boundingBox": {
                "height": 1440.2781687769398,
                "width": 740.4445641281712,
                "left": 169.45888335862642,
                "top": 383.56763537176727
            },
            "points": [
                {
                    "x": 169.45888335862642,
                    "y": 383.56763537176727
                },
                {
                    "x": 909.9034474867977,
                    "y": 383.56763537176727
                },
                {
                    "x": 909.9034474867977,
                    "y": 1823.845804148707
                },
                {
                    "x": 169.45888335862642,
                    "y": 1823.845804148707
                }
            ]
        }
    ],
    "version": "2.2.0"
}