{
    "asset": {
        "format": "jpg",
        "id": "3b0ae28e1df9a8d55a64743b1cec8e2a",
        "name": "3_3_3.jpg",
        "path": "file:/Users/kaitomasuda/Desktop/Univ/LeafDetection/dataset/imgs/3_3_3.jpg",
        "size": {
            "width": 2219,
            "height": 2008
        },
        "state": 2,
        "type": 1
    },
    "regions": [
        {
            "id": "i5vBrMjjV",
            "type": "RECTANGLE",
            "tags": [
                "leaf"
            ],
            "boundingBox": {
                "height": 355.5978561724771,
                "width": 233.04981659679876,
                "left": 332.85816397318024,
                "top": 306.07249518304434
            },
            "points": [
                {
                    "x": 332.85816397318024,
                    "y": 306.07249518304434
                },
                {
                    "x": 565.907980569979,
                    "y": 306.07249518304434
                },
                {
                    "x": 565.907980569979,
                    "y": 661.6703513555215
                },
                {
                    "x": 332.85816397318024,
                    "y": 661.6703513555215
                }
            ]
        },
        {
            "id": "oYdXWA-TR",
            "type": "RECTANGLE",
            "tags": [
                "leaf"
            ],
            "boundingBox": {
                "height": 371.70333056734705,
                "width": 313.8427131466749,
                "left": 642.4761389755621,
                "top": 277.4744273279444
            },
            "points": [
                {
                    "x": 642.4761389755621,
                    "y": 277.4744273279444
                },
                {
                    "x": 956.318852122237,
                    "y": 277.4744273279444
                },
                {
                    "x": 956.318852122237,
                    "y": 649.1777578952914
                },
                {
                    "x": 642.4761389755621,
                    "y": 649.1777578952914
                }
            ]
        },
        {
            "id": "Caktu0WYK",
            "type": "RECTANGLE",
            "tags": [
                "leaf"
            ],
            "boundingBox": {
                "height": 472.7146358306238,
                "width": 357.77692245855565,
                "left": 1038.6985324766576,
                "top": 254.5447534697134
            },
            "points": [
                {
                    "x": 1038.6985324766576,
                    "y": 254.5447534697134
                },
                {
                    "x": 1396.4754549352133,
                    "y": 254.5447534697134
                },
                {
                    "x": 1396.4754549352133,
                    "y": 727.2593893003373
                },
                {
                    "x": 1038.6985324766576,
                    "y": 727.2593893003373
                }
            ]
        },
        {
            "id": "W0vI9lWu8",
            "type": "RECTANGLE",
            "tags": [
                "leaf"
            ],
            "boundingBox": {
                "height": 540.9268763547688,
                "width": 391.7499047256097,
                "left": 1630.8442487018863,
                "top": 265.615171340619
            },
            "points": [
                {
                    "x": 1630.8442487018863,
                    "y": 265.615171340619
                },
                {
                    "x": 2022.5941534274962,
                    "y": 265.615171340619
                },
                {
                    "x": 2022.5941534274962,
                    "y": 806.5420476953879
                },
                {
                    "x": 1630.8442487018863,
                    "y": 806.5420476953879
                }
            ]
        },
        {
            "id": "PJCiGyelI",
            "type": "RECTANGLE",
            "tags": [
                "leaf"
            ],
            "boundingBox": {
                "height": 481.6096976983984,
                "width": 390.6444650045255,
                "left": 315.9087174578411,
                "top": 941.7425958122592
            },
            "points": [
                {
                    "x": 315.9087174578411,
                    "y": 941.7425958122592
                },
                {
                    "x": 706.5531824623666,
                    "y": 941.7425958122592
                },
                {
                    "x": 706.5531824623666,
                    "y": 1423.3522935106575
                },
                {
                    "x": 315.9087174578411,
                    "y": 1423.3522935106575
                }
            ]
        },
        {
            "id": "UMAVDL8ZO",
            "type": "RECTANGLE",
            "tags": [
                "leaf"
            ],
            "boundingBox": {
                "height": 466.4254199783237,
                "width": 308.31834597703886,
                "left": 866.4245411942644,
                "top": 937.0721452011079
            },
            "points": [
                {
                    "x": 866.4245411942644,
                    "y": 937.0721452011079
                },
                {
                    "x": 1174.7428871713032,
                    "y": 937.0721452011079
                },
                {
                    "x": 1174.7428871713032,
                    "y": 1403.4975651794316
                },
                {
                    "x": 866.4245411942644,
                    "y": 1403.4975651794316
                }
            ]
        },
        {
            "id": "2YoUftwiw",
            "type": "RECTANGLE",
            "tags": [
                "leaf"
            ],
            "boundingBox": {
                "height": 245.35403965709298,
                "width": 156.51280398485136,
                "left": 1281.3388939834222,
                "top": 1087.7084641061538
            },
            "points": [
                {
                    "x": 1281.3388939834222,
                    "y": 1087.7084641061538
                },
                {
                    "x": 1437.8516979682736,
                    "y": 1087.7084641061538
                },
                {
                    "x": 1437.8516979682736,
                    "y": 1333.0625037632467
                },
                {
                    "x": 1281.3388939834222,
                    "y": 1333.0625037632467
                }
            ]
        },
        {
            "id": "qS9S1Q1H6",
            "type": "RECTANGLE",
            "tags": [
                "leaf"
            ],
            "boundingBox": {
                "height": 230.0391744565872,
                "width": 120.972622010766,
                "left": 1554.8768265887004,
                "top": 1100.6616559037814
            },
            "points": [
                {
                    "x": 1554.8768265887004,
                    "y": 1100.6616559037814
                },
                {
                    "x": 1675.8494485994663,
                    "y": 1100.6616559037814
                },
                {
                    "x": 1675.8494485994663,
                    "y": 1330.7008303603686
                },
                {
                    "x": 1554.8768265887004,
                    "y": 1330.7008303603686
                }
            ]
        },
        {
            "id": "_iVWIC4A0",
            "type": "RECTANGLE",
            "tags": [
                "leaf"
            ],
            "boundingBox": {
                "height": 194.55716277546966,
                "width": 91.76447426400533,
                "left": 1841.1623550042873,
                "top": 1106.0008655467245
            },
            "points": [
                {
                    "x": 1841.1623550042873,
                    "y": 1106.0008655467245
                },
                {
                    "x": 1932.9268292682925,
                    "y": 1106.0008655467245
                },
                {
                    "x": 1932.9268292682925,
                    "y": 1300.558028322194
                },
                {
                    "x": 1841.1623550042873,
                    "y": 1300.558028322194
                }
            ]
        },
        {
            "id": "2kqqAdZGt",
            "type": "RECTANGLE",
            "tags": [
                "mark"
            ],
            "boundingBox": {
                "height": 62.42695538294798,
                "width": 59.064222382336126,
                "left": 2090.7189703220274,
                "top": 37.022259133399565
            },
            "points": [
                {
                    "x": 2090.7189703220274,
                    "y": 37.022259133399565
                },
                {
                    "x": 2149.7831927043635,
                    "y": 37.022259133399565
                },
                {
                    "x": 2149.7831927043635,
                    "y": 99.44921451634755
                },
                {
                    "x": 2090.7189703220274,
                    "y": 99.44921451634755
                }
            ]
        },
        {
            "id": "Zx0Gi0RUB",
            "type": "RECTANGLE",
            "tags": [
                "tag"
            ],
            "boundingBox": {
                "height": 118.76612551180155,
                "width": 308.51465885813644,
                "left": 1753.763954720846,
                "top": 1787.6797928709057
            },
            "points": [
                {
                    "x": 1753.763954720846,
                    "y": 1787.6797928709057
                },
                {
                    "x": 2062.2786135789825,
                    "y": 1787.6797928709057
                },
                {
                    "x": 2062.2786135789825,
                    "y": 1906.4459183827073
                },
                {
                    "x": 1753.763954720846,
                    "y": 1906.4459183827073
                }
            ]
        },
        {
            "id": "icIyFPXLw",
            "type": "RECTANGLE",
            "tags": [
                "scale"
            ],
            "boundingBox": {
                "height": 1434.7568547537333,
                "width": 744.047055128144,
                "left": 148.4573691763529,
                "top": 379.86693724409923
            },
            "points": [
                {
                    "x": 148.4573691763529,
                    "y": 379.86693724409923
                },
                {
                    "x": 892.504424304497,
                    "y": 379.86693724409923
                },
                {
                    "x": 892.504424304497,
                    "y": 1814.6237919978325
                },
                {
                    "x": 148.4573691763529,
                    "y": 1814.6237919978325
                }
            ]
        }
    ],
    "version": "2.2.0"
}