{
    "asset": {
        "format": "jpg",
        "id": "3feb43d4444e8e67bd2d5cc08af32179",
        "name": "1_3_1.jpg",
        "path": "file:/Users/kaitomasuda/Desktop/Univ/LeafDetection/dataset/imgs/1_3_1.jpg",
        "size": {
            "width": 2218,
            "height": 2016
        },
        "state": 2,
        "type": 1
    },
    "regions": [
        {
            "id": "fWUKFkgQ0",
            "type": "RECTANGLE",
            "tags": [
                "leaf"
            ],
            "boundingBox": {
                "height": 386.7686152182335,
                "width": 272.13268629948897,
                "left": 301.55304138642504,
                "top": 277.8662835743802
            },
            "points": [
                {
                    "x": 301.55304138642504,
                    "y": 277.8662835743802
                },
                {
                    "x": 573.685727685914,
                    "y": 277.8662835743802
                },
                {
                    "x": 573.685727685914,
                    "y": 664.6348987926137
                },
                {
                    "x": 301.55304138642504,
                    "y": 664.6348987926137
                }
            ]
        },
        {
            "id": "JWk9tOyUi",
            "type": "RECTANGLE",
            "tags": [
                "leaf"
            ],
            "boundingBox": {
                "height": 417.8094774987087,
                "width": 334.4524572845689,
                "left": 688.0020880448192,
                "top": 266.9092644305269
            },
            "points": [
                {
                    "x": 688.0020880448192,
                    "y": 266.9092644305269
                },
                {
                    "x": 1022.454545329388,
                    "y": 266.9092644305269
                },
                {
                    "x": 1022.454545329388,
                    "y": 684.7187419292356
                },
                {
                    "x": 688.0020880448192,
                    "y": 684.7187419292356
                }
            ]
        },
        {
            "id": "W_4rvcA2u",
            "type": "RECTANGLE",
            "tags": [
                "leaf"
            ],
            "boundingBox": {
                "height": 509.7895588520145,
                "width": 458.2425913416354,
                "left": 1195.2864081590697,
                "top": 229.47860843879135
            },
            "points": [
                {
                    "x": 1195.2864081590697,
                    "y": 229.47860843879135
                },
                {
                    "x": 1653.528999500705,
                    "y": 229.47860843879135
                },
                {
                    "x": 1653.528999500705,
                    "y": 739.2681672908059
                },
                {
                    "x": 1195.2864081590697,
                    "y": 739.2681672908059
                }
            ]
        },
        {
            "id": "ZpDQBWwFF",
            "type": "RECTANGLE",
            "tags": [
                "leaf"
            ],
            "boundingBox": {
                "height": 523.8366053557595,
                "width": 460.59334937074135,
                "left": 1732.3916130352738,
                "top": 307.59303573734513
            },
            "points": [
                {
                    "x": 1732.3916130352738,
                    "y": 307.59303573734513
                },
                {
                    "x": 2192.9849624060153,
                    "y": 307.59303573734513
                },
                {
                    "x": 2192.9849624060153,
                    "y": 831.4296410931047
                },
                {
                    "x": 1732.3916130352738,
                    "y": 831.4296410931047
                }
            ]
        },
        {
            "id": "asmdyQGoT",
            "type": "RECTANGLE",
            "tags": [
                "leaf"
            ],
            "boundingBox": {
                "height": 562.9226740056819,
                "width": 497.4115435377996,
                "left": 286.0153400163005,
                "top": 985.4514059271695
            },
            "points": [
                {
                    "x": 286.0153400163005,
                    "y": 985.4514059271695
                },
                {
                    "x": 783.4268835541002,
                    "y": 985.4514059271695
                },
                {
                    "x": 783.4268835541002,
                    "y": 1548.3740799328514
                },
                {
                    "x": 286.0153400163005,
                    "y": 1548.3740799328514
                }
            ]
        },
        {
            "id": "pWMdEkbo3",
            "type": "RECTANGLE",
            "tags": [
                "leaf"
            ],
            "boundingBox": {
                "height": 500.09809207128103,
                "width": 445.3610073462465,
                "left": 840.3392494603207,
                "top": 960.7810159478306
            },
            "points": [
                {
                    "x": 840.3392494603207,
                    "y": 960.7810159478306
                },
                {
                    "x": 1285.7002568065673,
                    "y": 960.7810159478306
                },
                {
                    "x": 1285.7002568065673,
                    "y": 1460.8791080191118
                },
                {
                    "x": 840.3392494603207,
                    "y": 1460.8791080191118
                }
            ]
        },
        {
            "id": "q8a3VfT8n",
            "type": "RECTANGLE",
            "tags": [
                "leaf"
            ],
            "boundingBox": {
                "height": 411.9436499225207,
                "width": 308.50403795744245,
                "left": 1371.8818249236374,
                "top": 972.9855371900827
            },
            "points": [
                {
                    "x": 1371.8818249236374,
                    "y": 972.9855371900827
                },
                {
                    "x": 1680.3858628810797,
                    "y": 972.9855371900827
                },
                {
                    "x": 1680.3858628810797,
                    "y": 1384.9291871126034
                },
                {
                    "x": 1371.8818249236374,
                    "y": 1384.9291871126034
                }
            ]
        },
        {
            "id": "f8xjP8knB",
            "type": "RECTANGLE",
            "tags": [
                "leaf"
            ],
            "boundingBox": {
                "height": 271.1648050103306,
                "width": 174.39479374706298,
                "left": 1764.2706197867717,
                "top": 1075.9282307270148
            },
            "points": [
                {
                    "x": 1764.2706197867717,
                    "y": 1075.9282307270148
                },
                {
                    "x": 1938.6654135338347,
                    "y": 1075.9282307270148
                },
                {
                    "x": 1938.6654135338347,
                    "y": 1347.0930357373454
                },
                {
                    "x": 1764.2706197867717,
                    "y": 1347.0930357373454
                }
            ]
        },
        {
            "id": "HqQTOrCTO",
            "type": "RECTANGLE",
            "tags": [
                "leaf"
            ],
            "boundingBox": {
                "height": 179.25133167613637,
                "width": 118.62498072574014,
                "left": 2027.2985082640685,
                "top": 1126.8297230113637
            },
            "points": [
                {
                    "x": 2027.2985082640685,
                    "y": 1126.8297230113637
                },
                {
                    "x": 2145.9234889898084,
                    "y": 1126.8297230113637
                },
                {
                    "x": 2145.9234889898084,
                    "y": 1306.0810546875
                },
                {
                    "x": 2027.2985082640685,
                    "y": 1306.0810546875
                }
            ]
        },
        {
            "id": "i1FGRlbZo",
            "type": "RECTANGLE",
            "tags": [
                "leaf"
            ],
            "boundingBox": {
                "height": 97.97988765495869,
                "width": 68.6259504045759,
                "left": 982.6087132504113,
                "top": 1587.6608624418907
            },
            "points": [
                {
                    "x": 982.6087132504113,
                    "y": 1587.6608624418907
                },
                {
                    "x": 1051.2346636549871,
                    "y": 1587.6608624418907
                },
                {
                    "x": 1051.2346636549871,
                    "y": 1685.6407500968494
                },
                {
                    "x": 982.6087132504113,
                    "y": 1685.6407500968494
                }
            ]
        },
        {
            "id": "5HKx-_Slu",
            "type": "RECTANGLE",
            "tags": [
                "leaf"
            ],
            "boundingBox": {
                "height": 80.4088447507748,
                "width": 60.826563784950665,
                "left": 1334.515001798931,
                "top": 1584.6429090263432
            },
            "points": [
                {
                    "x": 1334.515001798931,
                    "y": 1584.6429090263432
                },
                {
                    "x": 1395.3415655838817,
                    "y": 1584.6429090263432
                },
                {
                    "x": 1395.3415655838817,
                    "y": 1665.051753777118
                },
                {
                    "x": 1334.515001798931,
                    "y": 1665.051753777118
                }
            ]
        }
    ],
    "version": "2.2.0"
}