{
    "asset": {
        "format": "jpg",
        "id": "435e28c227cc0b938f8f61ea5660cfb9",
        "name": "1_2_1.jpg",
        "path": "file:/Users/kaitomasuda/Desktop/Univ/LeafDetection/dataset/imgs/1_2_1.jpg",
        "size": {
            "width": 2215,
            "height": 2016
        },
        "state": 2,
        "type": 1
    },
    "regions": [
        {
            "id": "PpfBc7xbg",
            "type": "RECTANGLE",
            "tags": [
                "leaf"
            ],
            "boundingBox": {
                "height": 363.61306236530174,
                "width": 222.7409468507455,
                "left": 358.85277602251836,
                "top": 348.54830616918105
            },
            "points": [
                {
                    "x": 358.85277602251836,
                    "y": 348.54830616918105
                },
                {
                    "x": 581.5937228732639,
                    "y": 348.54830616918105
                },
                {
                    "x": 581.5937228732639,
                    "y": 712.1613685344828
                },
                {
                    "x": 358.85277602251836,
                    "y": 712.1613685344828
                }
            ]
        },
        {
            "id": "j4tbGx-3M",
            "type": "RECTANGLE",
            "tags": [
                "leaf"
            ],
            "boundingBox": {
                "height": 435.847412109375,
                "width": 345.3214717690461,
                "left": 701.139918907016,
                "top": 293.03728195716593
            },
            "points": [
                {
                    "x": 701.139918907016,
                    "y": 293.03728195716593
                },
                {
                    "x": 1046.4613906760621,
                    "y": 293.03728195716593
                },
                {
                    "x": 1046.4613906760621,
                    "y": 728.884694066541
                },
                {
                    "x": 701.139918907016,
                    "y": 728.884694066541
                }
            ]
        },
        {
            "id": "2UA5cKbOQ",
            "type": "RECTANGLE",
            "tags": [
                "leaf"
            ],
            "boundingBox": {
                "height": 437.3690564385776,
                "width": 399.05842899497037,
                "left": 1120.1043936536203,
                "top": 309.1286663186961
            },
            "points": [
                {
                    "x": 1120.1043936536203,
                    "y": 309.1286663186961
                },
                {
                    "x": 1519.1628226485907,
                    "y": 309.1286663186961
                },
                {
                    "x": 1519.1628226485907,
                    "y": 746.4977227572737
                },
                {
                    "x": 1120.1043936536203,
                    "y": 746.4977227572737
                }
            ]
        },
        {
            "id": "bepldnJKe",
            "type": "RECTANGLE",
            "tags": [
                "leaf"
            ],
            "boundingBox": {
                "height": 567.8596928037446,
                "width": 469.0086342805351,
                "left": 1683.1982533573325,
                "top": 191.5597197433998
            },
            "points": [
                {
                    "x": 1683.1982533573325,
                    "y": 191.5597197433998
                },
                {
                    "x": 2152.2068876378676,
                    "y": 191.5597197433998
                },
                {
                    "x": 2152.2068876378676,
                    "y": 759.4194125471444
                },
                {
                    "x": 1683.1982533573325,
                    "y": 759.4194125471444
                }
            ]
        },
        {
            "id": "jF0Ui2RBi",
            "type": "RECTANGLE",
            "tags": [
                "leaf"
            ],
            "boundingBox": {
                "height": 500.1852816877694,
                "width": 427.54489235472835,
                "left": 267.2255867353452,
                "top": 962.430491480334
            },
            "points": [
                {
                    "x": 267.2255867353452,
                    "y": 962.430491480334
                },
                {
                    "x": 694.7704790900735,
                    "y": 962.430491480334
                },
                {
                    "x": 694.7704790900735,
                    "y": 1462.6157731681035
                },
                {
                    "x": 267.2255867353452,
                    "y": 1462.6157731681035
                }
            ]
        },
        {
            "id": "Cs_Xjr-o4",
            "type": "RECTANGLE",
            "tags": [
                "leaf"
            ],
            "boundingBox": {
                "height": 417.0268091662177,
                "width": 308.76213841656454,
                "left": 834.5420588075725,
                "top": 1030.3274388806574
            },
            "points": [
                {
                    "x": 834.5420588075725,
                    "y": 1030.3274388806574
                },
                {
                    "x": 1143.304197224137,
                    "y": 1030.3274388806574
                },
                {
                    "x": 1143.304197224137,
                    "y": 1447.354248046875
                },
                {
                    "x": 834.5420588075725,
                    "y": 1447.354248046875
                }
            ]
        },
        {
            "id": "P3IVZoMXE",
            "type": "RECTANGLE",
            "tags": [
                "leaf"
            ],
            "boundingBox": {
                "height": 361.8564621497845,
                "width": 285.95006446589053,
                "left": 1255.3815614787582,
                "top": 1075.5741261449355
            },
            "points": [
                {
                    "x": 1255.3815614787582,
                    "y": 1075.5741261449355
                },
                {
                    "x": 1541.3316259446487,
                    "y": 1075.5741261449355
                },
                {
                    "x": 1541.3316259446487,
                    "y": 1437.4305882947199
                },
                {
                    "x": 1255.3815614787582,
                    "y": 1437.4305882947199
                }
            ]
        },
        {
            "id": "NEEH3cIbr",
            "type": "RECTANGLE",
            "tags": [
                "leaf"
            ],
            "boundingBox": {
                "height": 216.26584388469828,
                "width": 147.73629541334762,
                "left": 1658.573357875051,
                "top": 1111.3913742591594
            },
            "points": [
                {
                    "x": 1658.573357875051,
                    "y": 1111.3913742591594
                },
                {
                    "x": 1806.3096532883987,
                    "y": 1111.3913742591594
                },
                {
                    "x": 1806.3096532883987,
                    "y": 1327.6572181438578
                },
                {
                    "x": 1658.573357875051,
                    "y": 1327.6572181438578
                }
            ]
        },
        {
            "id": "0Z1HWWBqP",
            "type": "RECTANGLE",
            "tags": [
                "leaf"
            ],
            "boundingBox": {
                "height": 134.10500572467672,
                "width": 101.62934107562296,
                "left": 1928.9156262765523,
                "top": 1175.1521080280172
            },
            "points": [
                {
                    "x": 1928.9156262765523,
                    "y": 1175.1521080280172
                },
                {
                    "x": 2030.5449673521753,
                    "y": 1175.1521080280172
                },
                {
                    "x": 2030.5449673521753,
                    "y": 1309.257113752694
                },
                {
                    "x": 1928.9156262765523,
                    "y": 1309.257113752694
                }
            ]
        }
    ],
    "version": "2.2.0"
}