{
    "asset": {
        "format": "jpg",
        "id": "489254724b76a0dba9ff161bed48157c",
        "name": "1_1_8.jpg",
        "path": "file:/Users/kaitomasuda/Desktop/Univ/LeafDetection/dataset/imgs/1_1_8.jpg",
        "size": {
            "width": 2215,
            "height": 2011
        },
        "state": 2,
        "type": 1
    },
    "regions": [
        {
            "id": "lbvliszny",
            "type": "RECTANGLE",
            "tags": [
                "leaf"
            ],
            "boundingBox": {
                "height": 291.1933344120602,
                "width": 182.68250389348447,
                "left": 387.5447678908803,
                "top": 264.16155028857776
            },
            "points": [
                {
                    "x": 387.5447678908803,
                    "y": 264.16155028857776
                },
                {
                    "x": 570.2272717843648,
                    "y": 264.16155028857776
                },
                {
                    "x": 570.2272717843648,
                    "y": 555.354884700638
                },
                {
                    "x": 387.5447678908803,
                    "y": 555.354884700638
                }
            ]
        },
        {
            "id": "DmC1f4mbZ",
            "type": "RECTANGLE",
            "tags": [
                "leaf"
            ],
            "boundingBox": {
                "height": 409.6572205028946,
                "width": 318.96964199091093,
                "left": 703.8269876716963,
                "top": 173.9878598000506
            },
            "points": [
                {
                    "x": 703.8269876716963,
                    "y": 173.9878598000506
                },
                {
                    "x": 1022.7966296626072,
                    "y": 173.9878598000506
                },
                {
                    "x": 1022.7966296626072,
                    "y": 583.6450803029452
                },
                {
                    "x": 703.8269876716963,
                    "y": 583.6450803029452
                }
            ]
        },
        {
            "id": "ECXOCT2Yu",
            "type": "RECTANGLE",
            "tags": [
                "leaf"
            ],
            "boundingBox": {
                "height": 446.4943003263405,
                "width": 368.17401521969464,
                "left": 1159.1123968386182,
                "top": 195.86828960171707
            },
            "points": [
                {
                    "x": 1159.1123968386182,
                    "y": 195.86828960171707
                },
                {
                    "x": 1527.2864120583129,
                    "y": 195.86828960171707
                },
                {
                    "x": 1527.2864120583129,
                    "y": 642.3625899280576
                },
                {
                    "x": 1159.1123968386182,
                    "y": 642.3625899280576
                }
            ]
        },
        {
            "id": "Q8brRkDHn",
            "type": "RECTANGLE",
            "tags": [
                "leaf"
            ],
            "boundingBox": {
                "height": 496.55110267254946,
                "width": 410.72795952690973,
                "left": 358.1434110753676,
                "top": 952.2731945888602
            },
            "points": [
                {
                    "x": 358.1434110753676,
                    "y": 952.2731945888602
                },
                {
                    "x": 768.8713706022774,
                    "y": 952.2731945888602
                },
                {
                    "x": 768.8713706022774,
                    "y": 1448.8242972614096
                },
                {
                    "x": 358.1434110753676,
                    "y": 1448.8242972614096
                }
            ]
        },
        {
            "id": "SDCe7MaXl",
            "type": "RECTANGLE",
            "tags": [
                "leaf"
            ],
            "boundingBox": {
                "height": 464.4420507636859,
                "width": 330.11589658649916,
                "left": 952.7564725190206,
                "top": 963.8344030146976
            },
            "points": [
                {
                    "x": 952.7564725190206,
                    "y": 963.8344030146976
                },
                {
                    "x": 1282.8723691055197,
                    "y": 963.8344030146976
                },
                {
                    "x": 1282.8723691055197,
                    "y": 1428.2764537783837
                },
                {
                    "x": 952.7564725190206,
                    "y": 1428.2764537783837
                }
            ]
        },
        {
            "id": "gL75lR6Gt",
            "type": "RECTANGLE",
            "tags": [
                "leaf"
            ],
            "boundingBox": {
                "height": 416.174539821268,
                "width": 317.9368744893791,
                "left": 1402.4721121195873,
                "top": 949.6311574373315
            },
            "points": [
                {
                    "x": 1402.4721121195873,
                    "y": 949.6311574373315
                },
                {
                    "x": 1720.4089866089664,
                    "y": 949.6311574373315
                },
                {
                    "x": 1720.4089866089664,
                    "y": 1365.8056972585994
                },
                {
                    "x": 1402.4721121195873,
                    "y": 1365.8056972585994
                }
            ]
        },
        {
            "id": "_g3Oxo5dY",
            "type": "RECTANGLE",
            "tags": [
                "leaf"
            ],
            "boundingBox": {
                "height": 328.82854434226056,
                "width": 240.32026143790816,
                "left": 1850.1764705882356,
                "top": 998.8267369112526
            },
            "points": [
                {
                    "x": 1850.1764705882356,
                    "y": 998.8267369112526
                },
                {
                    "x": 2090.496732026144,
                    "y": 998.8267369112526
                },
                {
                    "x": 2090.496732026144,
                    "y": 1327.6552812535133
                },
                {
                    "x": 1850.1764705882356,
                    "y": 1327.6552812535133
                }
            ]
        },
        {
            "id": "GGLZe2-6J",
            "type": "RECTANGLE",
            "tags": [
                "leaf"
            ],
            "boundingBox": {
                "height": 130.61871399364884,
                "width": 93.19560331456802,
                "left": 755.4522852679484,
                "top": 1526.7432004201328
            },
            "points": [
                {
                    "x": 755.4522852679484,
                    "y": 1526.7432004201328
                },
                {
                    "x": 848.6478885825163,
                    "y": 1526.7432004201328
                },
                {
                    "x": 848.6478885825163,
                    "y": 1657.3619144137815
                },
                {
                    "x": 755.4522852679484,
                    "y": 1657.3619144137815
                }
            ]
        },
        {
            "id": "-X5dDWA0Q",
            "type": "RECTANGLE",
            "tags": [
                "leaf"
            ],
            "boundingBox": {
                "height": 240.18289970562614,
                "width": 166.8336580563215,
                "left": 1009.3745400422539,
                "top": 1514.9308571794909
            },
            "points": [
                {
                    "x": 1009.3745400422539,
                    "y": 1514.9308571794909
                },
                {
                    "x": 1176.2081980985754,
                    "y": 1514.9308571794909
                },
                {
                    "x": 1176.2081980985754,
                    "y": 1755.113756885117
                },
                {
                    "x": 1009.3745400422539,
                    "y": 1755.113756885117
                }
            ]
        },
        {
            "id": "RgKLmPPN6",
            "type": "RECTANGLE",
            "tags": [
                "leaf"
            ],
            "boundingBox": {
                "height": 516.0797555730977,
                "width": 441.0033702850339,
                "left": 1682.015625,
                "top": 174.64486363612184
            },
            "points": [
                {
                    "x": 1682.015625,
                    "y": 174.64486363612184
                },
                {
                    "x": 2123.0189952850337,
                    "y": 174.64486363612184
                },
                {
                    "x": 2123.0189952850337,
                    "y": 690.7246192092196
                },
                {
                    "x": 1682.015625,
                    "y": 690.7246192092196
                }
            ]
        }
    ],
    "version": "2.2.0"
}