{
    "asset": {
        "format": "jpg",
        "id": "4ce6d5b7a5c540f2476ab94651f67574",
        "name": "1_1_4.jpg",
        "path": "file:/Users/kaitomasuda/Desktop/Univ/LeafDetection/dataset/imgs/1_1_4.jpg",
        "size": {
            "width": 2216,
            "height": 2018
        },
        "state": 2,
        "type": 1
    },
    "regions": [
        {
            "id": "lLli7Lyb7",
            "type": "RECTANGLE",
            "tags": [
                "leaf"
            ],
            "boundingBox": {
                "height": 325.98675904896544,
                "width": 238.39765114379085,
                "left": 346.7422181372549,
                "top": 377.56273879895423
            },
            "points": [
                {
                    "x": 346.7422181372549,
                    "y": 377.56273879895423
                },
                {
                    "x": 585.1398692810458,
                    "y": 377.56273879895423
                },
                {
                    "x": 585.1398692810458,
                    "y": 703.5494978479197
                },
                {
                    "x": 346.7422181372549,
                    "y": 703.5494978479197
                }
            ]
        },
        {
            "id": "d7aR4oub9",
            "type": "RECTANGLE",
            "tags": [
                "leaf"
            ],
            "boundingBox": {
                "height": 424.03352480741967,
                "width": 327.7637082567402,
                "left": 718.9802396088644,
                "top": 285.50194844009206
            },
            "points": [
                {
                    "x": 718.9802396088644,
                    "y": 285.50194844009206
                },
                {
                    "x": 1046.7439478656045,
                    "y": 285.50194844009206
                },
                {
                    "x": 1046.7439478656045,
                    "y": 709.5354732475117
                },
                {
                    "x": 718.9802396088644,
                    "y": 709.5354732475117
                }
            ]
        },
        {
            "id": "LLSsXuyfF",
            "type": "RECTANGLE",
            "tags": [
                "leaf"
            ],
            "boundingBox": {
                "height": 482.51898197737796,
                "width": 433.35280841503265,
                "left": 1182.7665913500816,
                "top": 230.6720642790391
            },
            "points": [
                {
                    "x": 1182.7665913500816,
                    "y": 230.6720642790391
                },
                {
                    "x": 1616.1193997651144,
                    "y": 230.6720642790391
                },
                {
                    "x": 1616.1193997651144,
                    "y": 713.191046256417
                },
                {
                    "x": 1182.7665913500816,
                    "y": 713.191046256417
                }
            ]
        },
        {
            "id": "fHs1m36xL",
            "type": "RECTANGLE",
            "tags": [
                "leaf"
            ],
            "boundingBox": {
                "height": 529.1194311330787,
                "width": 447.54085477941175,
                "left": 1739.9911151960785,
                "top": 282.11736478217193
            },
            "points": [
                {
                    "x": 1739.9911151960785,
                    "y": 282.11736478217193
                },
                {
                    "x": 2187.53196997549,
                    "y": 282.11736478217193
                },
                {
                    "x": 2187.53196997549,
                    "y": 811.2367959152507
                },
                {
                    "x": 1739.9911151960785,
                    "y": 811.2367959152507
                }
            ]
        },
        {
            "id": "EJnOV6RPH",
            "type": "RECTANGLE",
            "tags": [
                "leaf"
            ],
            "boundingBox": {
                "height": 473.0488009788043,
                "width": 414.7924364276961,
                "left": 249.87955856821895,
                "top": 941.0907931663044
            },
            "points": [
                {
                    "x": 249.87955856821895,
                    "y": 941.0907931663044
                },
                {
                    "x": 664.671994995915,
                    "y": 941.0907931663044
                },
                {
                    "x": 664.671994995915,
                    "y": 1414.1395941451085
                },
                {
                    "x": 249.87955856821895,
                    "y": 1414.1395941451085
                }
            ]
        },
        {
            "id": "lKs4IWpir",
            "type": "RECTANGLE",
            "tags": [
                "leaf"
            ],
            "boundingBox": {
                "height": 412.08679978577277,
                "width": 326.1443742340686,
                "left": 775.9606770833333,
                "top": 919.711438653801
            },
            "points": [
                {
                    "x": 775.9606770833333,
                    "y": 919.711438653801
                },
                {
                    "x": 1102.1050513174018,
                    "y": 919.711438653801
                },
                {
                    "x": 1102.1050513174018,
                    "y": 1331.7982384395737
                },
                {
                    "x": 775.9606770833333,
                    "y": 1331.7982384395737
                }
            ]
        },
        {
            "id": "A04s6RQNB",
            "type": "RECTANGLE",
            "tags": [
                "leaf"
            ],
            "boundingBox": {
                "height": 325.6947408536586,
                "width": 243.5146688623366,
                "left": 1335.6349762561274,
                "top": 988.9660497416384
            },
            "points": [
                {
                    "x": 1335.6349762561274,
                    "y": 988.9660497416384
                },
                {
                    "x": 1579.149645118464,
                    "y": 988.9660497416384
                },
                {
                    "x": 1579.149645118464,
                    "y": 1314.660790595297
                },
                {
                    "x": 1335.6349762561274,
                    "y": 1314.660790595297
                }
            ]
        },
        {
            "id": "Q-qX2DLK5",
            "type": "RECTANGLE",
            "tags": [
                "leaf"
            ],
            "boundingBox": {
                "height": 234.23084275452274,
                "width": 171.11015880310458,
                "left": 1697.570539726307,
                "top": 1041.492303528095
            },
            "points": [
                {
                    "x": 1697.570539726307,
                    "y": 1041.492303528095
                },
                {
                    "x": 1868.6806985294118,
                    "y": 1041.492303528095
                },
                {
                    "x": 1868.6806985294118,
                    "y": 1275.7231462826176
                },
                {
                    "x": 1697.570539726307,
                    "y": 1275.7231462826176
                }
            ]
        },
        {
            "id": "TJTB5PpQB",
            "type": "RECTANGLE",
            "tags": [
                "leaf"
            ],
            "boundingBox": {
                "height": 153.00463429345635,
                "width": 101.21801215277777,
                "left": 1971.8781913807188,
                "top": 1098.9497329514886
            },
            "points": [
                {
                    "x": 1971.8781913807188,
                    "y": 1098.9497329514886
                },
                {
                    "x": 2073.0962035334965,
                    "y": 1098.9497329514886
                },
                {
                    "x": 2073.0962035334965,
                    "y": 1251.954367244945
                },
                {
                    "x": 1971.8781913807188,
                    "y": 1251.954367244945
                }
            ]
        }
    ],
    "version": "2.2.0"
}