{
    "asset": {
        "format": "jpg",
        "id": "4f411623bfc5fe0797debbe219af36dd",
        "name": "3_3_6.jpg",
        "path": "file:/Users/kaitomasuda/Desktop/Univ/LeafDetection/dataset/imgs/3_3_6.jpg",
        "size": {
            "width": 2215,
            "height": 2018
        },
        "state": 2,
        "type": 1
    },
    "regions": [
        {
            "id": "DI5GGO9qE",
            "type": "RECTANGLE",
            "tags": [
                "leaf"
            ],
            "boundingBox": {
                "height": 369.8931813577393,
                "width": 252.6938472309179,
                "left": 376.787242291281,
                "top": 292.7341957456979
            },
            "points": [
                {
                    "x": 376.787242291281,
                    "y": 292.7341957456979
                },
                {
                    "x": 629.4810895221989,
                    "y": 292.7341957456979
                },
                {
                    "x": 629.4810895221989,
                    "y": 662.6273771034372
                },
                {
                    "x": 376.787242291281,
                    "y": 662.6273771034372
                }
            ]
        },
        {
            "id": "BPPh_xTAc",
            "type": "RECTANGLE",
            "tags": [
                "leaf"
            ],
            "boundingBox": {
                "height": 435.32591816480937,
                "width": 336.10172497686193,
                "left": 712.9247674709413,
                "top": 271.1198121284208
            },
            "points": [
                {
                    "x": 712.9247674709413,
                    "y": 271.1198121284208
                },
                {
                    "x": 1049.0264924478033,
                    "y": 271.1198121284208
                },
                {
                    "x": 1049.0264924478033,
                    "y": 706.4457302932301
                },
                {
                    "x": 712.9247674709413,
                    "y": 706.4457302932301
                }
            ]
        },
        {
            "id": "iS-r-gJMf",
            "type": "RECTANGLE",
            "tags": [
                "leaf"
            ],
            "boundingBox": {
                "height": 488.7233062802492,
                "width": 453.63897237212814,
                "left": 1082.3494154235627,
                "top": 253.13290702863586
            },
            "points": [
                {
                    "x": 1082.3494154235627,
                    "y": 253.13290702863586
                },
                {
                    "x": 1535.9883877956909,
                    "y": 253.13290702863586
                },
                {
                    "x": 1535.9883877956909,
                    "y": 741.856213308885
                },
                {
                    "x": 1082.3494154235627,
                    "y": 741.856213308885
                }
            ]
        },
        {
            "id": "7yYdnuY5m",
            "type": "RECTANGLE",
            "tags": [
                "leaf"
            ],
            "boundingBox": {
                "height": 514.0541891823763,
                "width": 477.9402442427047,
                "left": 1660.4958404647348,
                "top": 242.87667840844585
            },
            "points": [
                {
                    "x": 1660.4958404647348,
                    "y": 242.87667840844585
                },
                {
                    "x": 2138.4360847074395,
                    "y": 242.87667840844585
                },
                {
                    "x": 2138.4360847074395,
                    "y": 756.9308675908221
                },
                {
                    "x": 1660.4958404647348,
                    "y": 756.9308675908221
                }
            ]
        },
        {
            "id": "9GH_sioe0",
            "type": "RECTANGLE",
            "tags": [
                "leaf"
            ],
            "boundingBox": {
                "height": 512.0841925714029,
                "width": 440.8571223348691,
                "left": 290.3186827337285,
                "top": 1047.666099650454
            },
            "points": [
                {
                    "x": 290.3186827337285,
                    "y": 1047.666099650454
                },
                {
                    "x": 731.1758050685976,
                    "y": 1047.666099650454
                },
                {
                    "x": 731.1758050685976,
                    "y": 1559.750292221857
                },
                {
                    "x": 290.3186827337285,
                    "y": 1559.750292221857
                }
            ]
        },
        {
            "id": "m-8vUKEhy",
            "type": "RECTANGLE",
            "tags": [
                "leaf"
            ],
            "boundingBox": {
                "height": 432.6658928544754,
                "width": 339.8117565194904,
                "left": 843.7368242748938,
                "top": 1008.2122368602862
            },
            "points": [
                {
                    "x": 843.7368242748938,
                    "y": 1008.2122368602862
                },
                {
                    "x": 1183.5485807943842,
                    "y": 1008.2122368602862
                },
                {
                    "x": 1183.5485807943842,
                    "y": 1440.8781297147616
                },
                {
                    "x": 843.7368242748938,
                    "y": 1440.8781297147616
                }
            ]
        },
        {
            "id": "5aI58oxtx",
            "type": "RECTANGLE",
            "tags": [
                "leaf"
            ],
            "boundingBox": {
                "height": 308.9802502838193,
                "width": 239.0096907665505,
                "left": 1302.5550496702826,
                "top": 1013.0217133443624
            },
            "points": [
                {
                    "x": 1302.5550496702826,
                    "y": 1013.0217133443624
                },
                {
                    "x": 1541.564740436833,
                    "y": 1013.0217133443624
                },
                {
                    "x": 1541.564740436833,
                    "y": 1322.0019636281818
                },
                {
                    "x": 1302.5550496702826,
                    "y": 1322.0019636281818
                }
            ]
        },
        {
            "id": "wWFh2K_f7",
            "type": "RECTANGLE",
            "tags": [
                "leaf"
            ],
            "boundingBox": {
                "height": 296.97092485883724,
                "width": 227.296900732592,
                "left": 1577.9179621573523,
                "top": 1089.1347049399499
            },
            "points": [
                {
                    "x": 1577.9179621573523,
                    "y": 1089.1347049399499
                },
                {
                    "x": 1805.2148628899445,
                    "y": 1089.1347049399499
                },
                {
                    "x": 1805.2148628899445,
                    "y": 1386.105629798787
                },
                {
                    "x": 1577.9179621573523,
                    "y": 1386.105629798787
                }
            ]
        },
        {
            "id": "1Y01rdBCT",
            "type": "RECTANGLE",
            "tags": [
                "leaf"
            ],
            "boundingBox": {
                "height": 194.00969373655593,
                "width": 140.5101433199042,
                "left": 1904.2386948854664,
                "top": 1133.358243924026
            },
            "points": [
                {
                    "x": 1904.2386948854664,
                    "y": 1133.358243924026
                },
                {
                    "x": 2044.7488382053707,
                    "y": 1133.358243924026
                },
                {
                    "x": 2044.7488382053707,
                    "y": 1327.367937660582
                },
                {
                    "x": 1904.2386948854664,
                    "y": 1327.367937660582
                }
            ]
        },
        {
            "id": "YKZtohUp7",
            "type": "RECTANGLE",
            "tags": [
                "leaf"
            ],
            "boundingBox": {
                "height": 99.02924505930329,
                "width": 66.28784392353549,
                "left": 2088.177310531563,
                "top": 1234.8979688246893
            },
            "points": [
                {
                    "x": 2088.177310531563,
                    "y": 1234.8979688246893
                },
                {
                    "x": 2154.4651544550984,
                    "y": 1234.8979688246893
                },
                {
                    "x": 2154.4651544550984,
                    "y": 1333.9272138839926
                },
                {
                    "x": 2088.177310531563,
                    "y": 1333.9272138839926
                }
            ]
        }
    ],
    "version": "2.2.0"
}