{
    "asset": {
        "format": "jpg",
        "id": "50736f0db7a5d30ce01bbd33372678e5",
        "name": "2_3_2.jpg",
        "path": "file:/Users/kaitomasuda/Desktop/Univ/LeafDetection/dataset/imgs/2_3_2.jpg",
        "size": {
            "width": 2213,
            "height": 2015
        },
        "state": 2,
        "type": 1
    },
    "regions": [
        {
            "id": "9Cpl_3hKf",
            "type": "RECTANGLE",
            "tags": [
                "leaf"
            ],
            "boundingBox": {
                "height": 345.95629248681007,
                "width": 205.30434419528248,
                "left": 328.72025917720566,
                "top": 271.68865768630786
            },
            "points": [
                {
                    "x": 328.72025917720566,
                    "y": 271.68865768630786
                },
                {
                    "x": 534.0246033724882,
                    "y": 271.68865768630786
                },
                {
                    "x": 534.0246033724882,
                    "y": 617.6449501731179
                },
                {
                    "x": 328.72025917720566,
                    "y": 617.6449501731179
                }
            ]
        },
        {
            "id": "SVTpJanab",
            "type": "RECTANGLE",
            "tags": [
                "leaf"
            ],
            "boundingBox": {
                "height": 403.24700987184207,
                "width": 344.7784371161855,
                "left": 662.7802854136654,
                "top": 247.20888529195415
            },
            "points": [
                {
                    "x": 662.7802854136654,
                    "y": 247.20888529195415
                },
                {
                    "x": 1007.5587225298509,
                    "y": 247.20888529195415
                },
                {
                    "x": 1007.5587225298509,
                    "y": 650.4558951637962
                },
                {
                    "x": 662.7802854136654,
                    "y": 650.4558951637962
                }
            ]
        },
        {
            "id": "x054zzbpw",
            "type": "RECTANGLE",
            "tags": [
                "leaf"
            ],
            "boundingBox": {
                "height": 475.39385768345426,
                "width": 410.58777317200423,
                "left": 1151.0791119514627,
                "top": 256.8656695477374
            },
            "points": [
                {
                    "x": 1151.0791119514627,
                    "y": 256.8656695477374
                },
                {
                    "x": 1561.666885123467,
                    "y": 256.8656695477374
                },
                {
                    "x": 1561.666885123467,
                    "y": 732.2595272311917
                },
                {
                    "x": 1151.0791119514627,
                    "y": 732.2595272311917
                }
            ]
        },
        {
            "id": "FKxOwf0Q3",
            "type": "RECTANGLE",
            "tags": [
                "leaf"
            ],
            "boundingBox": {
                "height": 569.4718359414634,
                "width": 472.73758461233007,
                "left": 1657.8420850244254,
                "top": 218.42912064589464
            },
            "points": [
                {
                    "x": 1657.8420850244254,
                    "y": 218.42912064589464
                },
                {
                    "x": 2130.5796696367556,
                    "y": 218.42912064589464
                },
                {
                    "x": 2130.5796696367556,
                    "y": 787.900956587358
                },
                {
                    "x": 1657.8420850244254,
                    "y": 787.900956587358
                }
            ]
        },
        {
            "id": "DXRaJiVfw",
            "type": "RECTANGLE",
            "tags": [
                "leaf"
            ],
            "boundingBox": {
                "height": 540.8283939113865,
                "width": 533.4733037565335,
                "left": 303.69200700620104,
                "top": 885.2251620602299
            },
            "points": [
                {
                    "x": 303.69200700620104,
                    "y": 885.2251620602299
                },
                {
                    "x": 837.1653107627345,
                    "y": 885.2251620602299
                },
                {
                    "x": 837.1653107627345,
                    "y": 1426.0535559716163
                },
                {
                    "x": 303.69200700620104,
                    "y": 1426.0535559716163
                }
            ]
        },
        {
            "id": "DS49k2M-M",
            "type": "RECTANGLE",
            "tags": [
                "leaf"
            ],
            "boundingBox": {
                "height": 521.3392112038352,
                "width": 423.26367288503803,
                "left": 902.9668235688627,
                "top": 957.7792207792209
            },
            "points": [
                {
                    "x": 902.9668235688627,
                    "y": 957.7792207792209
                },
                {
                    "x": 1326.2304964539005,
                    "y": 957.7792207792209
                },
                {
                    "x": 1326.2304964539005,
                    "y": 1479.118431983056
                },
                {
                    "x": 902.9668235688627,
                    "y": 1479.118431983056
                }
            ]
        },
        {
            "id": "8fSmws9GL",
            "type": "RECTANGLE",
            "tags": [
                "leaf"
            ],
            "boundingBox": {
                "height": 416.89739990234375,
                "width": 327.9962892645076,
                "left": 1436.324534819763,
                "top": 1020.1563609730114
            },
            "points": [
                {
                    "x": 1436.324534819763,
                    "y": 1020.1563609730114
                },
                {
                    "x": 1764.3208240842705,
                    "y": 1020.1563609730114
                },
                {
                    "x": 1764.3208240842705,
                    "y": 1437.0537608753552
                },
                {
                    "x": 1436.324534819763,
                    "y": 1437.0537608753552
                }
            ]
        },
        {
            "id": "jpg4lObJt",
            "type": "RECTANGLE",
            "tags": [
                "leaf"
            ],
            "boundingBox": {
                "height": 330.79581203708403,
                "width": 267.8671114585642,
                "left": 1878.1409645170747,
                "top": 1007.5000000000001
            },
            "points": [
                {
                    "x": 1878.1409645170747,
                    "y": 1007.5000000000001
                },
                {
                    "x": 2146.008075975639,
                    "y": 1007.5000000000001
                },
                {
                    "x": 2146.008075975639,
                    "y": 1338.295812037084
                },
                {
                    "x": 1878.1409645170747,
                    "y": 1338.295812037084
                }
            ]
        },
        {
            "id": "C3nZOUVZF",
            "type": "RECTANGLE",
            "tags": [
                "leaf"
            ],
            "boundingBox": {
                "height": 181.505217713195,
                "width": 129.8953219654994,
                "left": 781.3536088370826,
                "top": 1548.292376629718
            },
            "points": [
                {
                    "x": 781.3536088370826,
                    "y": 1548.292376629718
                },
                {
                    "x": 911.248930802582,
                    "y": 1548.292376629718
                },
                {
                    "x": 911.248930802582,
                    "y": 1729.797594342913
                },
                {
                    "x": 781.3536088370826,
                    "y": 1729.797594342913
                }
            ]
        },
        {
            "id": "mMZocJIpp",
            "type": "RECTANGLE",
            "tags": [
                "leaf"
            ],
            "boundingBox": {
                "height": 112.16484287806921,
                "width": 62.57881290805537,
                "left": 1345.9484384956088,
                "top": 1535.1396000849736
            },
            "points": [
                {
                    "x": 1345.9484384956088,
                    "y": 1535.1396000849736
                },
                {
                    "x": 1408.5272514036642,
                    "y": 1535.1396000849736
                },
                {
                    "x": 1408.5272514036642,
                    "y": 1647.304442963043
                },
                {
                    "x": 1345.9484384956088,
                    "y": 1647.304442963043
                }
            ]
        },
        {
            "id": "qklZ-Cqxi",
            "type": "RECTANGLE",
            "tags": [
                "mark"
            ],
            "boundingBox": {
                "height": 61.28340475899833,
                "width": 56.13229550481124,
                "left": 2091.8545836680887,
                "top": 43.23918587820871
            },
            "points": [
                {
                    "x": 2091.8545836680887,
                    "y": 43.23918587820871
                },
                {
                    "x": 2147.9868791729,
                    "y": 43.23918587820871
                },
                {
                    "x": 2147.9868791729,
                    "y": 104.52259063720703
                },
                {
                    "x": 2091.8545836680887,
                    "y": 104.52259063720703
                }
            ]
        },
        {
            "id": "88ETarucj",
            "type": "RECTANGLE",
            "tags": [
                "tag"
            ],
            "boundingBox": {
                "height": 134.1634957449777,
                "width": 320.2102399244376,
                "left": 1791.9544578894936,
                "top": 1705.8305291510248
            },
            "points": [
                {
                    "x": 1791.9544578894936,
                    "y": 1705.8305291510248
                },
                {
                    "x": 2112.164697813931,
                    "y": 1705.8305291510248
                },
                {
                    "x": 2112.164697813931,
                    "y": 1839.9940248960024
                },
                {
                    "x": 1791.9544578894936,
                    "y": 1839.9940248960024
                }
            ]
        },
        {
            "id": "56tFYCi9H",
            "type": "RECTANGLE",
            "tags": [
                "scale"
            ],
            "boundingBox": {
                "height": 1432.2183409851868,
                "width": 724.9591546385564,
                "left": 169.03935093800789,
                "top": 385.4451289981991
            },
            "points": [
                {
                    "x": 169.03935093800789,
                    "y": 385.4451289981991
                },
                {
                    "x": 893.9985055765643,
                    "y": 385.4451289981991
                },
                {
                    "x": 893.9985055765643,
                    "y": 1817.6634699833858
                },
                {
                    "x": 169.03935093800789,
                    "y": 1817.6634699833858
                }
            ]
        }
    ],
    "version": "2.2.0"
}