{
    "asset": {
        "format": "jpg",
        "id": "53df7d326e4b9c4bd07aa1f7dec69922",
        "name": "2_2_3.jpg",
        "path": "file:/Users/kaitomasuda/Desktop/Univ/LeafDetection/dataset/imgs/2_2_3.jpg",
        "size": {
            "width": 2214,
            "height": 2014
        },
        "state": 2,
        "type": 1
    },
    "regions": [
        {
            "id": "2QJc_mlKf",
            "type": "RECTANGLE",
            "tags": [
                "leaf"
            ],
            "boundingBox": {
                "height": 342.1946389730874,
                "width": 233.79524717939663,
                "left": 384.5807326296543,
                "top": 382.5095049176897
            },
            "points": [
                {
                    "x": 384.5807326296543,
                    "y": 382.5095049176897
                },
                {
                    "x": 618.3759798090509,
                    "y": 382.5095049176897
                },
                {
                    "x": 618.3759798090509,
                    "y": 724.7041438907771
                },
                {
                    "x": 384.5807326296543,
                    "y": 724.7041438907771
                }
            ]
        },
        {
            "id": "g5Ay7rLCz",
            "type": "RECTANGLE",
            "tags": [
                "leaf"
            ],
            "boundingBox": {
                "height": 402.2738179788961,
                "width": 355.8548350232713,
                "left": 633.8130350315824,
                "top": 319.41802962662337
            },
            "points": [
                {
                    "x": 633.8130350315824,
                    "y": 319.41802962662337
                },
                {
                    "x": 989.6678700548538,
                    "y": 319.41802962662337
                },
                {
                    "x": 989.6678700548538,
                    "y": 721.6918476055195
                },
                {
                    "x": 633.8130350315824,
                    "y": 721.6918476055195
                }
            ]
        },
        {
            "id": "DBMvwFfHY",
            "type": "RECTANGLE",
            "tags": [
                "leaf"
            ],
            "boundingBox": {
                "height": 468.06181648551643,
                "width": 429.2531452584774,
                "left": 1091.379015334109,
                "top": 314.14040479783887
            },
            "points": [
                {
                    "x": 1091.379015334109,
                    "y": 314.14040479783887
                },
                {
                    "x": 1520.6321605925866,
                    "y": 314.14040479783887
                },
                {
                    "x": 1520.6321605925866,
                    "y": 782.2022212833552
                },
                {
                    "x": 1091.379015334109,
                    "y": 782.2022212833552
                }
            ]
        },
        {
            "id": "C_keJ3tdm",
            "type": "RECTANGLE",
            "tags": [
                "leaf"
            ],
            "boundingBox": {
                "height": 539.680920727222,
                "width": 483.96428794049206,
                "left": 1639.1561980551862,
                "top": 241.01818562297078
            },
            "points": [
                {
                    "x": 1639.1561980551862,
                    "y": 241.01818562297078
                },
                {
                    "x": 2123.1204859956783,
                    "y": 241.01818562297078
                },
                {
                    "x": 2123.1204859956783,
                    "y": 780.6991063501928
                },
                {
                    "x": 1639.1561980551862,
                    "y": 780.6991063501928
                }
            ]
        },
        {
            "id": "7KorIWgJ4",
            "type": "RECTANGLE",
            "tags": [
                "leaf"
            ],
            "boundingBox": {
                "height": 497.93461937842426,
                "width": 467.0819130755486,
                "left": 287.5560744265293,
                "top": 907.2114794446276
            },
            "points": [
                {
                    "x": 287.5560744265293,
                    "y": 907.2114794446276
                },
                {
                    "x": 754.6379875020779,
                    "y": 907.2114794446276
                },
                {
                    "x": 754.6379875020779,
                    "y": 1405.146098823052
                },
                {
                    "x": 287.5560744265293,
                    "y": 1405.146098823052
                }
            ]
        },
        {
            "id": "8X9-ahUhN",
            "type": "RECTANGLE",
            "tags": [
                "leaf"
            ],
            "boundingBox": {
                "height": 431.1742377739449,
                "width": 339.8469835646608,
                "left": 871.8338674991691,
                "top": 938.0398231407263
            },
            "points": [
                {
                    "x": 871.8338674991691,
                    "y": 938.0398231407263
                },
                {
                    "x": 1211.6808510638298,
                    "y": 938.0398231407263
                },
                {
                    "x": 1211.6808510638298,
                    "y": 1369.214060914671
                },
                {
                    "x": 871.8338674991691,
                    "y": 1369.214060914671
                }
            ]
        },
        {
            "id": "5WTstJWrO",
            "type": "RECTANGLE",
            "tags": [
                "leaf"
            ],
            "boundingBox": {
                "height": 326.9121323622666,
                "width": 301.31540241647275,
                "left": 1299.1335111577462,
                "top": 1005.868453226461
            },
            "points": [
                {
                    "x": 1299.1335111577462,
                    "y": 1005.868453226461
                },
                {
                    "x": 1600.4489135742188,
                    "y": 1005.868453226461
                },
                {
                    "x": 1600.4489135742188,
                    "y": 1332.7805855887277
                },
                {
                    "x": 1299.1335111577462,
                    "y": 1332.7805855887277
                }
            ]
        },
        {
            "id": "YASsLAqKE",
            "type": "RECTANGLE",
            "tags": [
                "leaf"
            ],
            "boundingBox": {
                "height": 225.82627618963068,
                "width": 149.63566686751994,
                "left": 1694.2570826753658,
                "top": 1055.170878462358
            },
            "points": [
                {
                    "x": 1694.2570826753658,
                    "y": 1055.170878462358
                },
                {
                    "x": 1843.8927495428857,
                    "y": 1055.170878462358
                },
                {
                    "x": 1843.8927495428857,
                    "y": 1280.9971546519885
                },
                {
                    "x": 1694.2570826753658,
                    "y": 1280.9971546519885
                }
            ]
        },
        {
            "id": "bKZiB9dDT",
            "type": "RECTANGLE",
            "tags": [
                "leaf"
            ],
            "boundingBox": {
                "height": 142.36097237723214,
                "width": 110.22956231299868,
                "left": 669.3736325527759,
                "top": 1463.2247165432223
            },
            "points": [
                {
                    "x": 669.3736325527759,
                    "y": 1463.2247165432223
                },
                {
                    "x": 779.6031948657746,
                    "y": 1463.2247165432223
                },
                {
                    "x": 779.6031948657746,
                    "y": 1605.5856889204545
                },
                {
                    "x": 669.3736325527759,
                    "y": 1605.5856889204545
                }
            ]
        },
        {
            "id": "EbArVcNQU",
            "type": "RECTANGLE",
            "tags": [
                "mark"
            ],
            "boundingBox": {
                "height": 62.87292456688819,
                "width": 58.62261833028591,
                "left": 2092.1315294630986,
                "top": 41.200523198115356
            },
            "points": [
                {
                    "x": 2092.1315294630986,
                    "y": 41.200523198115356
                },
                {
                    "x": 2150.7541477933846,
                    "y": 41.200523198115356
                },
                {
                    "x": 2150.7541477933846,
                    "y": 104.07344776500355
                },
                {
                    "x": 2092.1315294630986,
                    "y": 104.07344776500355
                }
            ]
        },
        {
            "id": "e0afEUwUm",
            "type": "RECTANGLE",
            "tags": [
                "tag"
            ],
            "boundingBox": {
                "height": 123.67640206473213,
                "width": 300.4686720827793,
                "left": 1655.121082062417,
                "top": 1785.7608855012174
            },
            "points": [
                {
                    "x": 1655.121082062417,
                    "y": 1785.7608855012174
                },
                {
                    "x": 1955.5897541451961,
                    "y": 1785.7608855012174
                },
                {
                    "x": 1955.5897541451961,
                    "y": 1909.4372875659496
                },
                {
                    "x": 1655.121082062417,
                    "y": 1909.4372875659496
                }
            ]
        },
        {
            "id": "X9MI-1oyI",
            "type": "RECTANGLE",
            "tags": [
                "scale"
            ],
            "boundingBox": {
                "height": 1452.1558966302252,
                "width": 736.4655508487783,
                "left": 156.16088932118518,
                "top": 379.1099954976664
            },
            "points": [
                {
                    "x": 156.16088932118518,
                    "y": 379.1099954976664
                },
                {
                    "x": 892.6264401699634,
                    "y": 379.1099954976664
                },
                {
                    "x": 892.6264401699634,
                    "y": 1831.2658921278914
                },
                {
                    "x": 156.16088932118518,
                    "y": 1831.2658921278914
                }
            ]
        }
    ],
    "version": "2.2.0"
}