{
    "asset": {
        "format": "jpg",
        "id": "54438fd7af4b6e321c3325e0914a79f6",
        "name": "3_1_5.jpg",
        "path": "file:/Users/kaitomasuda/Desktop/Univ/LeafDetection/dataset/imgs/3_1_5.jpg",
        "size": {
            "width": 2212,
            "height": 2011
        },
        "state": 2,
        "type": 1
    },
    "regions": [
        {
            "id": "6LQYk8lCI",
            "type": "RECTANGLE",
            "tags": [
                "leaf"
            ],
            "boundingBox": {
                "height": 308.9804775778818,
                "width": 197.4710693359375,
                "left": 371.5925054782774,
                "top": 211.42869047552233
            },
            "points": [
                {
                    "x": 371.5925054782774,
                    "y": 211.42869047552233
                },
                {
                    "x": 569.0635748142149,
                    "y": 211.42869047552233
                },
                {
                    "x": 569.0635748142149,
                    "y": 520.4091680534041
                },
                {
                    "x": 371.5925054782774,
                    "y": 520.4091680534041
                }
            ]
        },
        {
            "id": "lDI32suwG",
            "type": "RECTANGLE",
            "tags": [
                "leaf"
            ],
            "boundingBox": {
                "height": 402.67272013814056,
                "width": 327.7176245712652,
                "left": 693.9431390529726,
                "top": 138.27111068082496
            },
            "points": [
                {
                    "x": 693.9431390529726,
                    "y": 138.27111068082496
                },
                {
                    "x": 1021.6607636242378,
                    "y": 138.27111068082496
                },
                {
                    "x": 1021.6607636242378,
                    "y": 540.9438308189655
                },
                {
                    "x": 693.9431390529726,
                    "y": 540.9438308189655
                }
            ]
        },
        {
            "id": "plB3FWjuS",
            "type": "RECTANGLE",
            "tags": [
                "leaf"
            ],
            "boundingBox": {
                "height": 462.3455253396454,
                "width": 329.16133527057923,
                "left": 1100.7435570693597,
                "top": 137.35348715361962
            },
            "points": [
                {
                    "x": 1100.7435570693597,
                    "y": 137.35348715361962
                },
                {
                    "x": 1429.904892339939,
                    "y": 137.35348715361962
                },
                {
                    "x": 1429.904892339939,
                    "y": 599.6990124932651
                },
                {
                    "x": 1100.7435570693597,
                    "y": 599.6990124932651
                }
            ]
        },
        {
            "id": "3U5tBZ1K-",
            "type": "RECTANGLE",
            "tags": [
                "leaf"
            ],
            "boundingBox": {
                "height": 522.8227354320073,
                "width": 451.02858231707313,
                "left": 1567.9624916634907,
                "top": 78.8105169420498
            },
            "points": [
                {
                    "x": 1567.9624916634907,
                    "y": 78.8105169420498
                },
                {
                    "x": 2018.991073980564,
                    "y": 78.8105169420498
                },
                {
                    "x": 2018.991073980564,
                    "y": 601.6332523740571
                },
                {
                    "x": 1567.9624916634907,
                    "y": 601.6332523740571
                }
            ]
        },
        {
            "id": "ZpILILrxt",
            "type": "RECTANGLE",
            "tags": [
                "leaf"
            ],
            "boundingBox": {
                "height": 500.0426284965427,
                "width": 471.9835562357088,
                "left": 331.2408149533155,
                "top": 816.6898770971773
            },
            "points": [
                {
                    "x": 331.2408149533155,
                    "y": 816.6898770971773
                },
                {
                    "x": 803.2243711890244,
                    "y": 816.6898770971773
                },
                {
                    "x": 803.2243711890244,
                    "y": 1316.7325055937201
                },
                {
                    "x": 331.2408149533155,
                    "y": 1316.7325055937201
                }
            ]
        },
        {
            "id": "rHCTn7K_G",
            "type": "RECTANGLE",
            "tags": [
                "leaf"
            ],
            "boundingBox": {
                "height": 505.7651663009234,
                "width": 488.748993664253,
                "left": 834.704697027439,
                "top": 754.8099551146057
            },
            "points": [
                {
                    "x": 834.704697027439,
                    "y": 754.8099551146057
                },
                {
                    "x": 1323.453690691692,
                    "y": 754.8099551146057
                },
                {
                    "x": 1323.453690691692,
                    "y": 1260.575121415529
                },
                {
                    "x": 834.704697027439,
                    "y": 1260.575121415529
                }
            ]
        },
        {
            "id": "jL8L6z9Ea",
            "type": "RECTANGLE",
            "tags": [
                "leaf"
            ],
            "boundingBox": {
                "height": 463.88508717036336,
                "width": 401.43013409870423,
                "left": 1411.0745581650149,
                "top": 774.3505747126436
            },
            "points": [
                {
                    "x": 1411.0745581650149,
                    "y": 774.3505747126436
                },
                {
                    "x": 1812.5046922637193,
                    "y": 774.3505747126436
                },
                {
                    "x": 1812.5046922637193,
                    "y": 1238.235661883007
                },
                {
                    "x": 1411.0745581650149,
                    "y": 1238.235661883007
                }
            ]
        },
        {
            "id": "eD4kxJMQJ",
            "type": "RECTANGLE",
            "tags": [
                "leaf"
            ],
            "boundingBox": {
                "height": 374.3624177545423,
                "width": 315.11467463795753,
                "left": 1852.035269388338,
                "top": 835.9904214559386
            },
            "points": [
                {
                    "x": 1852.035269388338,
                    "y": 835.9904214559386
                },
                {
                    "x": 2167.1499440262955,
                    "y": 835.9904214559386
                },
                {
                    "x": 2167.1499440262955,
                    "y": 1210.352839210481
                },
                {
                    "x": 1852.035269388338,
                    "y": 1210.352839210481
                }
            ]
        },
        {
            "id": "CAW0-eckx",
            "type": "RECTANGLE",
            "tags": [
                "leaf"
            ],
            "boundingBox": {
                "height": 295.6327880625524,
                "width": 242.71933355564025,
                "left": 658.7766232374238,
                "top": 1325.2567049808429
            },
            "points": [
                {
                    "x": 658.7766232374238,
                    "y": 1325.2567049808429
                },
                {
                    "x": 901.495956793064,
                    "y": 1325.2567049808429
                },
                {
                    "x": 901.495956793064,
                    "y": 1620.8894930433953
                },
                {
                    "x": 658.7766232374238,
                    "y": 1620.8894930433953
                }
            ]
        },
        {
            "id": "gkP0lYnJj",
            "type": "RECTANGLE",
            "tags": [
                "leaf"
            ],
            "boundingBox": {
                "height": 136.02296243134128,
                "width": 113.62412466653963,
                "left": 1052.3046875,
                "top": 1485.5653588305945
            },
            "points": [
                {
                    "x": 1052.3046875,
                    "y": 1485.5653588305945
                },
                {
                    "x": 1165.9288121665395,
                    "y": 1485.5653588305945
                },
                {
                    "x": 1165.9288121665395,
                    "y": 1621.5883212619358
                },
                {
                    "x": 1052.3046875,
                    "y": 1621.5883212619358
                }
            ]
        },
        {
            "id": "LjJeYyzMa",
            "type": "RECTANGLE",
            "tags": [
                "mark"
            ],
            "boundingBox": {
                "height": 57.429712405149964,
                "width": 57.765833412728654,
                "left": 2087.9316703982468,
                "top": 48.19022518464889
            },
            "points": [
                {
                    "x": 2087.9316703982468,
                    "y": 48.19022518464889
                },
                {
                    "x": 2145.6975038109754,
                    "y": 48.19022518464889
                },
                {
                    "x": 2145.6975038109754,
                    "y": 105.61993758979885
                },
                {
                    "x": 2087.9316703982468,
                    "y": 105.61993758979885
                }
            ]
        },
        {
            "id": "CtyjbMldG",
            "type": "RECTANGLE",
            "tags": [
                "tag"
            ],
            "boundingBox": {
                "height": 145.79150870019905,
                "width": 317.0485601657774,
                "left": 1785.0064488852895,
                "top": 1791.9998866991064
            },
            "points": [
                {
                    "x": 1785.0064488852895,
                    "y": 1791.9998866991064
                },
                {
                    "x": 2102.055009051067,
                    "y": 1791.9998866991064
                },
                {
                    "x": 2102.055009051067,
                    "y": 1937.7913953993054
                },
                {
                    "x": 1785.0064488852895,
                    "y": 1937.7913953993054
                }
            ]
        },
        {
            "id": "WKE-Om3Ng",
            "type": "RECTANGLE",
            "tags": [
                "scale"
            ],
            "boundingBox": {
                "height": 1447.9285684052097,
                "width": 740.7633026867378,
                "left": 166.32356373856706,
                "top": 386.8820710748548
            },
            "points": [
                {
                    "x": 166.32356373856706,
                    "y": 386.8820710748548
                },
                {
                    "x": 907.0868664253048,
                    "y": 386.8820710748548
                },
                {
                    "x": 907.0868664253048,
                    "y": 1834.8106394800645
                },
                {
                    "x": 166.32356373856706,
                    "y": 1834.8106394800645
                }
            ]
        }
    ],
    "version": "2.2.0"
}