{
    "asset": {
        "format": "jpg",
        "id": "56e9ccc3541de9bb383684a24a747ae4",
        "name": "2_3_3.jpg",
        "path": "file:/Users/kaitomasuda/Desktop/Univ/LeafDetection/dataset/imgs/2_3_3.jpg",
        "size": {
            "width": 2218,
            "height": 2014
        },
        "state": 2,
        "type": 1
    },
    "regions": [
        {
            "id": "wESQUD6kG",
            "type": "RECTANGLE",
            "tags": [
                "leaf"
            ],
            "boundingBox": {
                "height": 309.14612023035687,
                "width": 213.51767855164007,
                "left": 406.07160304004134,
                "top": 336.39813327789307
            },
            "points": [
                {
                    "x": 406.07160304004134,
                    "y": 336.39813327789307
                },
                {
                    "x": 619.5892815916815,
                    "y": 336.39813327789307
                },
                {
                    "x": 619.5892815916815,
                    "y": 645.54425350825
                },
                {
                    "x": 406.07160304004134,
                    "y": 645.54425350825
                }
            ]
        },
        {
            "id": "b36zhD88N",
            "type": "RECTANGLE",
            "tags": [
                "leaf"
            ],
            "boundingBox": {
                "height": 402.28086678187054,
                "width": 332.28177464261967,
                "left": 751.9802658766438,
                "top": 274.82409024238586
            },
            "points": [
                {
                    "x": 751.9802658766438,
                    "y": 274.82409024238586
                },
                {
                    "x": 1084.2620405192633,
                    "y": 274.82409024238586
                },
                {
                    "x": 1084.2620405192633,
                    "y": 677.1049570242565
                },
                {
                    "x": 751.9802658766438,
                    "y": 677.1049570242565
                }
            ]
        },
        {
            "id": "D33eL9Eom",
            "type": "RECTANGLE",
            "tags": [
                "leaf"
            ],
            "boundingBox": {
                "height": 541.0943827231725,
                "width": 452.4903612069204,
                "left": 1152.3294335764351,
                "top": 149.47652248541516
            },
            "points": [
                {
                    "x": 1152.3294335764351,
                    "y": 149.47652248541516
                },
                {
                    "x": 1604.8197947833555,
                    "y": 149.47652248541516
                },
                {
                    "x": 1604.8197947833555,
                    "y": 690.5709052085876
                },
                {
                    "x": 1152.3294335764351,
                    "y": 690.5709052085876
                }
            ]
        },
        {
            "id": "8b0hwbvpJ",
            "type": "RECTANGLE",
            "tags": [
                "leaf"
            ],
            "boundingBox": {
                "height": 572.1803932189941,
                "width": 454.0740681100399,
                "left": 1733.512742639997,
                "top": 230.0130371252696
            },
            "points": [
                {
                    "x": 1733.512742639997,
                    "y": 230.0130371252696
                },
                {
                    "x": 2187.586810750037,
                    "y": 230.0130371252696
                },
                {
                    "x": 2187.586810750037,
                    "y": 802.1934303442638
                },
                {
                    "x": 1733.512742639997,
                    "y": 802.1934303442638
                }
            ]
        },
        {
            "id": "b_RXBKBfC",
            "type": "RECTANGLE",
            "tags": [
                "leaf"
            ],
            "boundingBox": {
                "height": 570.8809595902761,
                "width": 440.03281101380117,
                "left": 290.46091910287845,
                "top": 888.1202696959178
            },
            "points": [
                {
                    "x": 290.46091910287845,
                    "y": 888.1202696959178
                },
                {
                    "x": 730.4937301166796,
                    "y": 888.1202696959178
                },
                {
                    "x": 730.4937301166796,
                    "y": 1459.0012292861938
                },
                {
                    "x": 290.46091910287845,
                    "y": 1459.0012292861938
                }
            ]
        },
        {
            "id": "MbftkC2Xm",
            "type": "RECTANGLE",
            "tags": [
                "leaf"
            ],
            "boundingBox": {
                "height": 526.3380842208862,
                "width": 402.1413792098386,
                "left": 825.0629708220209,
                "top": 884.1364976565044
            },
            "points": [
                {
                    "x": 825.0629708220209,
                    "y": 884.1364976565044
                },
                {
                    "x": 1227.2043500318593,
                    "y": 884.1364976565044
                },
                {
                    "x": 1227.2043500318593,
                    "y": 1410.4745818773906
                },
                {
                    "x": 825.0629708220209,
                    "y": 1410.4745818773906
                }
            ]
        },
        {
            "id": "-V8pKFMBG",
            "type": "RECTANGLE",
            "tags": [
                "leaf"
            ],
            "boundingBox": {
                "height": 379.5761111577352,
                "width": 278.6623266774712,
                "left": 1361.8874448230645,
                "top": 976.2025346755981
            },
            "points": [
                {
                    "x": 1361.8874448230645,
                    "y": 976.2025346755981
                },
                {
                    "x": 1640.5497715005356,
                    "y": 976.2025346755981
                },
                {
                    "x": 1640.5497715005356,
                    "y": 1355.7786458333335
                },
                {
                    "x": 1361.8874448230645,
                    "y": 1355.7786458333335
                }
            ]
        },
        {
            "id": "PV4UBQWgP",
            "type": "RECTANGLE",
            "tags": [
                "leaf"
            ],
            "boundingBox": {
                "height": 298.8087523778281,
                "width": 233.33969787164781,
                "left": 1715.8932232507295,
                "top": 996.5104166666669
            },
            "points": [
                {
                    "x": 1715.8932232507295,
                    "y": 996.5104166666669
                },
                {
                    "x": 1949.2329211223773,
                    "y": 996.5104166666669
                },
                {
                    "x": 1949.2329211223773,
                    "y": 1295.319169044495
                },
                {
                    "x": 1715.8932232507295,
                    "y": 1295.319169044495
                }
            ]
        },
        {
            "id": "CBTCAEIsb",
            "type": "RECTANGLE",
            "tags": [
                "leaf"
            ],
            "boundingBox": {
                "height": 230.0883445739746,
                "width": 169.2100495322658,
                "left": 1995.1513002364065,
                "top": 1054.2266535758972
            },
            "points": [
                {
                    "x": 1995.1513002364065,
                    "y": 1054.2266535758972
                },
                {
                    "x": 2164.3613497686724,
                    "y": 1054.2266535758972
                },
                {
                    "x": 2164.3613497686724,
                    "y": 1284.3149981498718
                },
                {
                    "x": 1995.1513002364065,
                    "y": 1284.3149981498718
                }
            ]
        },
        {
            "id": "8LbpRlqDy",
            "type": "RECTANGLE",
            "tags": [
                "leaf"
            ],
            "boundingBox": {
                "height": 104.48096211751303,
                "width": 83.46425013621084,
                "left": 836.8779651831228,
                "top": 1535.2288533846538
            },
            "points": [
                {
                    "x": 836.8779651831228,
                    "y": 1535.2288533846538
                },
                {
                    "x": 920.3422153193336,
                    "y": 1535.2288533846538
                },
                {
                    "x": 920.3422153193336,
                    "y": 1639.7098155021667
                },
                {
                    "x": 836.8779651831228,
                    "y": 1639.7098155021667
                }
            ]
        }
    ],
    "version": "2.2.0"
}