{
    "asset": {
        "format": "jpg",
        "id": "589b1cfbaed111977ff67dc6e6634884",
        "name": "2_2_10.jpg",
        "path": "file:/Users/kaitomasuda/Desktop/Univ/LeafDetection/dataset/imgs/2_2_10.jpg",
        "size": {
            "width": 2207,
            "height": 2013
        },
        "state": 2,
        "type": 1
    },
    "regions": [
        {
            "id": "p3YmNrVCB",
            "type": "RECTANGLE",
            "tags": [
                "leaf"
            ],
            "boundingBox": {
                "height": 190.47711833894562,
                "width": 128.64949115004663,
                "left": 426.6507549962253,
                "top": 357.05548285449726
            },
            "points": [
                {
                    "x": 426.6507549962253,
                    "y": 357.05548285449726
                },
                {
                    "x": 555.300246146272,
                    "y": 357.05548285449726
                },
                {
                    "x": 555.300246146272,
                    "y": 547.5326011934428
                },
                {
                    "x": 426.6507549962253,
                    "y": 547.5326011934428
                }
            ]
        },
        {
            "id": "FIQBeT9x4",
            "type": "RECTANGLE",
            "tags": [
                "leaf"
            ],
            "boundingBox": {
                "height": 308.36450732927864,
                "width": 209.19877563187978,
                "left": 651.1766360307698,
                "top": 277.27870043818814
            },
            "points": [
                {
                    "x": 651.1766360307698,
                    "y": 277.27870043818814
                },
                {
                    "x": 860.3754116626495,
                    "y": 277.27870043818814
                },
                {
                    "x": 860.3754116626495,
                    "y": 585.6432077674668
                },
                {
                    "x": 651.1766360307698,
                    "y": 585.6432077674668
                }
            ]
        },
        {
            "id": "_NPqNN78S",
            "type": "RECTANGLE",
            "tags": [
                "leaf"
            ],
            "boundingBox": {
                "height": 374.4009187530359,
                "width": 298.60218006611996,
                "left": 978.6887139214409,
                "top": 207.3616559517816
            },
            "points": [
                {
                    "x": 978.6887139214409,
                    "y": 207.3616559517816
                },
                {
                    "x": 1277.2908939875608,
                    "y": 207.3616559517816
                },
                {
                    "x": 1277.2908939875608,
                    "y": 581.7625747048176
                },
                {
                    "x": 978.6887139214409,
                    "y": 581.7625747048176
                }
            ]
        },
        {
            "id": "VieRlQUVS",
            "type": "RECTANGLE",
            "tags": [
                "leaf"
            ],
            "boundingBox": {
                "height": 525.1952676328352,
                "width": 448.813561044968,
                "left": 1413.2210408384353,
                "top": 158.62142351377813
            },
            "points": [
                {
                    "x": 1413.2210408384353,
                    "y": 158.62142351377813
                },
                {
                    "x": 1862.0346018834034,
                    "y": 158.62142351377813
                },
                {
                    "x": 1862.0346018834034,
                    "y": 683.8166911466134
                },
                {
                    "x": 1413.2210408384353,
                    "y": 683.8166911466134
                }
            ]
        },
        {
            "id": "lpFjKTPUw",
            "type": "RECTANGLE",
            "tags": [
                "leaf"
            ],
            "boundingBox": {
                "height": 480.74372875628694,
                "width": 412.07344145357746,
                "left": 301.53638359051786,
                "top": 703.5689518982882
            },
            "points": [
                {
                    "x": 301.53638359051786,
                    "y": 703.5689518982882
                },
                {
                    "x": 713.6098250440954,
                    "y": 703.5689518982882
                },
                {
                    "x": 713.6098250440954,
                    "y": 1184.3126806545752
                },
                {
                    "x": 301.53638359051786,
                    "y": 1184.3126806545752
                }
            ]
        },
        {
            "id": "aaqPMrBVp",
            "type": "RECTANGLE",
            "tags": [
                "leaf"
            ],
            "boundingBox": {
                "height": 475.7062346305254,
                "width": 411.559462238429,
                "left": 832.8778421027722,
                "top": 791.9088775160399
            },
            "points": [
                {
                    "x": 832.8778421027722,
                    "y": 791.9088775160399
                },
                {
                    "x": 1244.4373043412013,
                    "y": 791.9088775160399
                },
                {
                    "x": 1244.4373043412013,
                    "y": 1267.6151121465653
                },
                {
                    "x": 832.8778421027722,
                    "y": 1267.6151121465653
                }
            ]
        },
        {
            "id": "Ccm8vJEgr",
            "type": "RECTANGLE",
            "tags": [
                "leaf"
            ],
            "boundingBox": {
                "height": 407.1870838224579,
                "width": 340.755640846054,
                "left": 1405.706562808783,
                "top": 777.343632278047
            },
            "points": [
                {
                    "x": 1405.706562808783,
                    "y": 777.343632278047
                },
                {
                    "x": 1746.4622036548371,
                    "y": 777.343632278047
                },
                {
                    "x": 1746.4622036548371,
                    "y": 1184.530716100505
                },
                {
                    "x": 1405.706562808783,
                    "y": 1184.530716100505
                }
            ]
        },
        {
            "id": "wYAVRPCB5",
            "type": "RECTANGLE",
            "tags": [
                "leaf"
            ],
            "boundingBox": {
                "height": 328.7474793745446,
                "width": 257.0127748529962,
                "left": 357.7105859346142,
                "top": 1308.1598377919568
            },
            "points": [
                {
                    "x": 357.7105859346142,
                    "y": 1308.1598377919568
                },
                {
                    "x": 614.7233607876103,
                    "y": 1308.1598377919568
                },
                {
                    "x": 614.7233607876103,
                    "y": 1636.9073171665013
                },
                {
                    "x": 357.7105859346142,
                    "y": 1636.9073171665013
                }
            ]
        },
        {
            "id": "XprJWLbFr",
            "type": "RECTANGLE",
            "tags": [
                "leaf"
            ],
            "boundingBox": {
                "height": 272.2982615732776,
                "width": 209.03763964497452,
                "left": 980.0091691975334,
                "top": 1390.0001585965329
            },
            "points": [
                {
                    "x": 980.0091691975334,
                    "y": 1390.0001585965329
                },
                {
                    "x": 1189.046808842508,
                    "y": 1390.0001585965329
                },
                {
                    "x": 1189.046808842508,
                    "y": 1662.2984201698105
                },
                {
                    "x": 980.0091691975334,
                    "y": 1662.2984201698105
                }
            ]
        },
        {
            "id": "cBcWmqaTr",
            "type": "RECTANGLE",
            "tags": [
                "leaf"
            ],
            "boundingBox": {
                "height": 120.08357887070413,
                "width": 85.69632138371749,
                "left": 1262.5663766703144,
                "top": 1501.4127701675336
            },
            "points": [
                {
                    "x": 1262.5663766703144,
                    "y": 1501.4127701675336
                },
                {
                    "x": 1348.2626980540317,
                    "y": 1501.4127701675336
                },
                {
                    "x": 1348.2626980540317,
                    "y": 1621.4963490382377
                },
                {
                    "x": 1262.5663766703144,
                    "y": 1621.4963490382377
                }
            ]
        },
        {
            "id": "8vmR5h_mi",
            "type": "RECTANGLE",
            "tags": [
                "mark"
            ],
            "boundingBox": {
                "height": 69.4649790235134,
                "width": 63.83389383230367,
                "left": 2079.780431508454,
                "top": 34.56343246618083
            },
            "points": [
                {
                    "x": 2079.780431508454,
                    "y": 34.56343246618083
                },
                {
                    "x": 2143.614325340758,
                    "y": 34.56343246618083
                },
                {
                    "x": 2143.614325340758,
                    "y": 104.02841148969422
                },
                {
                    "x": 2079.780431508454,
                    "y": 104.02841148969422
                }
            ]
        },
        {
            "id": "1fyY3Plni",
            "type": "RECTANGLE",
            "tags": [
                "tag"
            ],
            "boundingBox": {
                "height": 136.19082807629837,
                "width": 318.0447017588514,
                "left": 1711.6565120327275,
                "top": 1759.0601638240516
            },
            "points": [
                {
                    "x": 1711.6565120327275,
                    "y": 1759.0601638240516
                },
                {
                    "x": 2029.701213791579,
                    "y": 1759.0601638240516
                },
                {
                    "x": 2029.701213791579,
                    "y": 1895.25099190035
                },
                {
                    "x": 1711.6565120327275,
                    "y": 1895.25099190035
                }
            ]
        },
        {
            "id": "icWbnm_Zj",
            "type": "RECTANGLE",
            "tags": [
                "scale"
            ],
            "boundingBox": {
                "height": 1438.3577149544356,
                "width": 740.2144592140864,
                "left": 174.99734396066506,
                "top": 380.5891466684292
            },
            "points": [
                {
                    "x": 174.99734396066506,
                    "y": 380.5891466684292
                },
                {
                    "x": 915.2118031747516,
                    "y": 380.5891466684292
                },
                {
                    "x": 915.2118031747516,
                    "y": 1818.9468616228646
                },
                {
                    "x": 174.99734396066506,
                    "y": 1818.9468616228646
                }
            ]
        }
    ],
    "version": "2.2.0"
}