{
    "asset": {
        "format": "jpg",
        "id": "64eef44d8bf61cff671b8f89033cc570",
        "name": "2_1_2.jpg",
        "path": "file:/Users/kaitomasuda/Desktop/Univ/LeafDetection/dataset/imgs/2_1_2.jpg",
        "size": {
            "width": 2209,
            "height": 2016
        },
        "state": 2,
        "type": 1
    },
    "regions": [
        {
            "id": "aggL5IHhD",
            "type": "RECTANGLE",
            "tags": [
                "leaf"
            ],
            "boundingBox": {
                "height": 373.6312029803241,
                "width": 255.5434062068624,
                "left": 306.03649730252147,
                "top": 297.3218858506944
            },
            "points": [
                {
                    "x": 306.03649730252147,
                    "y": 297.3218858506944
                },
                {
                    "x": 561.5799035093838,
                    "y": 297.3218858506944
                },
                {
                    "x": 561.5799035093838,
                    "y": 670.9530888310185
                },
                {
                    "x": 306.03649730252147,
                    "y": 670.9530888310185
                }
            ]
        },
        {
            "id": "9QGrWFCIH",
            "type": "RECTANGLE",
            "tags": [
                "leaf"
            ],
            "boundingBox": {
                "height": 445.5696976273148,
                "width": 363.4085358354382,
                "left": 589.6203007518799,
                "top": 180.80067274305554
            },
            "points": [
                {
                    "x": 589.6203007518799,
                    "y": 180.80067274305554
                },
                {
                    "x": 953.0288365873181,
                    "y": 180.80067274305554
                },
                {
                    "x": 953.0288365873181,
                    "y": 626.3703703703703
                },
                {
                    "x": 589.6203007518799,
                    "y": 626.3703703703703
                }
            ]
        },
        {
            "id": "cy237yfb8",
            "type": "RECTANGLE",
            "tags": [
                "leaf"
            ],
            "boundingBox": {
                "height": 506.1642071759259,
                "width": 445.8869711510221,
                "left": 998.7837336260574,
                "top": 161.72866030092592
            },
            "points": [
                {
                    "x": 998.7837336260574,
                    "y": 161.72866030092592
                },
                {
                    "x": 1444.6707047770797,
                    "y": 161.72866030092592
                },
                {
                    "x": 1444.6707047770797,
                    "y": 667.8928674768518
                },
                {
                    "x": 998.7837336260574,
                    "y": 667.8928674768518
                }
            ]
        },
        {
            "id": "uj2dEPf_r",
            "type": "RECTANGLE",
            "tags": [
                "leaf"
            ],
            "boundingBox": {
                "height": 502.02162905092587,
                "width": 438.34802098222474,
                "left": 1579.7222222222222,
                "top": 197.00121166087962
            },
            "points": [
                {
                    "x": 1579.7222222222222,
                    "y": 197.00121166087962
                },
                {
                    "x": 2018.070243204447,
                    "y": 197.00121166087962
                },
                {
                    "x": 2018.070243204447,
                    "y": 699.0228407118055
                },
                {
                    "x": 1579.7222222222222,
                    "y": 699.0228407118055
                }
            ]
        },
        {
            "id": "_8UcfMchY",
            "type": "RECTANGLE",
            "tags": [
                "leaf"
            ],
            "boundingBox": {
                "height": 518.6253616898148,
                "width": 454.28373224932454,
                "left": 271.20078570143625,
                "top": 1016.5259331597222
            },
            "points": [
                {
                    "x": 271.20078570143625,
                    "y": 1016.5259331597222
                },
                {
                    "x": 725.4845179507607,
                    "y": 1016.5259331597222
                },
                {
                    "x": 725.4845179507607,
                    "y": 1535.151294849537
                },
                {
                    "x": 271.20078570143625,
                    "y": 1535.151294849537
                }
            ]
        },
        {
            "id": "eB7AflWeD",
            "type": "RECTANGLE",
            "tags": [
                "leaf"
            ],
            "boundingBox": {
                "height": 486.1057942708334,
                "width": 357.8416139989872,
                "left": 830.4511278195489,
                "top": 1016.2962962962961
            },
            "points": [
                {
                    "x": 830.4511278195489,
                    "y": 1016.2962962962961
                },
                {
                    "x": 1188.2927418185361,
                    "y": 1016.2962962962961
                },
                {
                    "x": 1188.2927418185361,
                    "y": 1502.4020905671296
                },
                {
                    "x": 830.4511278195489,
                    "y": 1502.4020905671296
                }
            ]
        },
        {
            "id": "lGJrw1zP3",
            "type": "RECTANGLE",
            "tags": [
                "leaf"
            ],
            "boundingBox": {
                "height": 368.6722366898148,
                "width": 298.74901494764725,
                "left": 1266.6513609922026,
                "top": 1103.4676649305554
            },
            "points": [
                {
                    "x": 1266.6513609922026,
                    "y": 1103.4676649305554
                },
                {
                    "x": 1565.4003759398497,
                    "y": 1103.4676649305554
                },
                {
                    "x": 1565.4003759398497,
                    "y": 1472.1399016203702
                },
                {
                    "x": 1266.6513609922026,
                    "y": 1472.1399016203702
                }
            ]
        },
        {
            "id": "tiLw5XHS4",
            "type": "RECTANGLE",
            "tags": [
                "leaf"
            ],
            "boundingBox": {
                "height": 312.0048466435185,
                "width": 238.264051853266,
                "left": 1608.5454140569932,
                "top": 1110.6937572337963
            },
            "points": [
                {
                    "x": 1608.5454140569932,
                    "y": 1110.6937572337963
                },
                {
                    "x": 1846.8094659102592,
                    "y": 1110.6937572337963
                },
                {
                    "x": 1846.8094659102592,
                    "y": 1422.6986038773148
                },
                {
                    "x": 1608.5454140569932,
                    "y": 1422.6986038773148
                }
            ]
        },
        {
            "id": "-ZfJc6LHH",
            "type": "RECTANGLE",
            "tags": [
                "leaf"
            ],
            "boundingBox": {
                "height": 182.60105613425924,
                "width": 136.24690189218163,
                "left": 1889.5895596841226,
                "top": 1192.0178674768517
            },
            "points": [
                {
                    "x": 1889.5895596841226,
                    "y": 1192.0178674768517
                },
                {
                    "x": 2025.8364615763041,
                    "y": 1192.0178674768517
                },
                {
                    "x": 2025.8364615763041,
                    "y": 1374.618923611111
                },
                {
                    "x": 1889.5895596841226,
                    "y": 1374.618923611111
                }
            ]
        },
        {
            "id": "wHx97fULo",
            "type": "RECTANGLE",
            "tags": [
                "leaf"
            ],
            "boundingBox": {
                "height": 101.48075810185185,
                "width": 83.66602503267447,
                "left": 678.3707101004464,
                "top": 1553.438187210648
            },
            "points": [
                {
                    "x": 678.3707101004464,
                    "y": 1553.438187210648
                },
                {
                    "x": 762.0367351331209,
                    "y": 1553.438187210648
                },
                {
                    "x": 762.0367351331209,
                    "y": 1654.9189453125
                },
                {
                    "x": 678.3707101004464,
                    "y": 1654.9189453125
                }
            ]
        }
    ],
    "version": "2.2.0"
}