{
    "asset": {
        "format": "jpg",
        "id": "660276cda5cf85ee0534f6e122675a60",
        "name": "2_3_7.jpg",
        "path": "file:/Users/kaitomasuda/Desktop/Univ/LeafDetection/dataset/imgs/2_3_7.jpg",
        "size": {
            "width": 2213,
            "height": 2017
        },
        "state": 2,
        "type": 1
    },
    "regions": [
        {
            "id": "bb2JNbCZO",
            "type": "RECTANGLE",
            "tags": [
                "leaf"
            ],
            "boundingBox": {
                "height": 325.2849892345384,
                "width": 203.4487172661098,
                "left": 336.67235300050555,
                "top": 234.38552537811714
            },
            "points": [
                {
                    "x": 336.67235300050555,
                    "y": 234.38552537811714
                },
                {
                    "x": 540.1210702666153,
                    "y": 234.38552537811714
                },
                {
                    "x": 540.1210702666153,
                    "y": 559.6705146126556
                },
                {
                    "x": 336.67235300050555,
                    "y": 559.6705146126556
                }
            ]
        },
        {
            "id": "lHvOUZSae",
            "type": "RECTANGLE",
            "tags": [
                "leaf"
            ],
            "boundingBox": {
                "height": 427.85331858673294,
                "width": 322.8477128482034,
                "left": 662.3331627451217,
                "top": 177.1671323071194
            },
            "points": [
                {
                    "x": 662.3331627451217,
                    "y": 177.1671323071194
                },
                {
                    "x": 985.1808755933251,
                    "y": 177.1671323071194
                },
                {
                    "x": 985.1808755933251,
                    "y": 605.0204508938524
                },
                {
                    "x": 662.3331627451217,
                    "y": 605.0204508938524
                }
            ]
        },
        {
            "id": "lqqKJRnLk",
            "type": "RECTANGLE",
            "tags": [
                "leaf"
            ],
            "boundingBox": {
                "height": 467.98877263842235,
                "width": 393.28577836129114,
                "left": 1024.900472221645,
                "top": 118.04870995349611
            },
            "points": [
                {
                    "x": 1024.900472221645,
                    "y": 118.04870995349611
                },
                {
                    "x": 1418.186250582936,
                    "y": 118.04870995349611
                },
                {
                    "x": 1418.186250582936,
                    "y": 586.0374825919184
                },
                {
                    "x": 1024.900472221645,
                    "y": 586.0374825919184
                }
            ]
        },
        {
            "id": "5PRKTcTZX",
            "type": "RECTANGLE",
            "tags": [
                "leaf"
            ],
            "boundingBox": {
                "height": 550.8980780575527,
                "width": 482.45709423308676,
                "left": 1511.9550827423168,
                "top": 125.66499397881455
            },
            "points": [
                {
                    "x": 1511.9550827423168,
                    "y": 125.66499397881455
                },
                {
                    "x": 1994.4121769754033,
                    "y": 125.66499397881455
                },
                {
                    "x": 1994.4121769754033,
                    "y": 676.5630720363671
                },
                {
                    "x": 1511.9550827423168,
                    "y": 676.5630720363671
                }
            ]
        },
        {
            "id": "HYwIqqSO6",
            "type": "RECTANGLE",
            "tags": [
                "leaf"
            ],
            "boundingBox": {
                "height": 495.2907459936872,
                "width": 429.1579327233858,
                "left": 282.4483716166611,
                "top": 992.4313041004226
            },
            "points": [
                {
                    "x": 282.4483716166611,
                    "y": 992.4313041004226
                },
                {
                    "x": 711.6063043400469,
                    "y": 992.4313041004226
                },
                {
                    "x": 711.6063043400469,
                    "y": 1487.7220500941098
                },
                {
                    "x": 282.4483716166611,
                    "y": 1487.7220500941098
                }
            ]
        },
        {
            "id": "vJ8DYWO2o",
            "type": "RECTANGLE",
            "tags": [
                "leaf"
            ],
            "boundingBox": {
                "height": 413.060889257686,
                "width": 334.10018026293307,
                "left": 860.6111111111111,
                "top": 1041.4812637903037
            },
            "points": [
                {
                    "x": 860.6111111111111,
                    "y": 1041.4812637903037
                },
                {
                    "x": 1194.711291374044,
                    "y": 1041.4812637903037
                },
                {
                    "x": 1194.711291374044,
                    "y": 1454.5421530479896
                },
                {
                    "x": 860.6111111111111,
                    "y": 1454.5421530479896
                }
            ]
        },
        {
            "id": "LiENRV8qH",
            "type": "RECTANGLE",
            "tags": [
                "leaf"
            ],
            "boundingBox": {
                "height": 290.51774262701645,
                "width": 235.35145053006795,
                "left": 1331.7062922628777,
                "top": 1099.9536889616772
            },
            "points": [
                {
                    "x": 1331.7062922628777,
                    "y": 1099.9536889616772
                },
                {
                    "x": 1567.0577427929456,
                    "y": 1099.9536889616772
                },
                {
                    "x": 1567.0577427929456,
                    "y": 1390.4714315886936
                },
                {
                    "x": 1331.7062922628777,
                    "y": 1390.4714315886936
                }
            ]
        },
        {
            "id": "iwBCJBmOy",
            "type": "RECTANGLE",
            "tags": [
                "leaf"
            ],
            "boundingBox": {
                "height": 192.12290715119872,
                "width": 124.97258201220356,
                "left": 1699.7577796016178,
                "top": 1151.642245558604
            },
            "points": [
                {
                    "x": 1699.7577796016178,
                    "y": 1151.642245558604
                },
                {
                    "x": 1824.7303616138213,
                    "y": 1151.642245558604
                },
                {
                    "x": 1824.7303616138213,
                    "y": 1343.7651527098026
                },
                {
                    "x": 1699.7577796016178,
                    "y": 1343.7651527098026
                }
            ]
        },
        {
            "id": "xx9-M4jjI",
            "type": "RECTANGLE",
            "tags": [
                "leaf"
            ],
            "boundingBox": {
                "height": 123.41751617154569,
                "width": 69.34241141100583,
                "left": 660.8887353991786,
                "top": 1537.7951945936943
            },
            "points": [
                {
                    "x": 660.8887353991786,
                    "y": 1537.7951945936943
                },
                {
                    "x": 730.2311468101843,
                    "y": 1537.7951945936943
                },
                {
                    "x": 730.2311468101843,
                    "y": 1661.21271076524
                },
                {
                    "x": 660.8887353991786,
                    "y": 1661.21271076524
                }
            ]
        },
        {
            "id": "dQ687WC1X",
            "type": "RECTANGLE",
            "tags": [
                "mark"
            ],
            "boundingBox": {
                "height": 66.77342708998307,
                "width": 54.40415561396461,
                "left": 2094.7341781868718,
                "top": 39.20240467036899
            },
            "points": [
                {
                    "x": 2094.7341781868718,
                    "y": 39.20240467036899
                },
                {
                    "x": 2149.1383338008363,
                    "y": 39.20240467036899
                },
                {
                    "x": 2149.1383338008363,
                    "y": 105.97583176035207
                },
                {
                    "x": 2094.7341781868718,
                    "y": 105.97583176035207
                }
            ]
        },
        {
            "id": "X52-Sf5Kv",
            "type": "RECTANGLE",
            "tags": [
                "tag"
            ],
            "boundingBox": {
                "height": 163.01403381110165,
                "width": 325.60588733862477,
                "left": 1780.1290571785423,
                "top": 1768.9658231623905
            },
            "points": [
                {
                    "x": 1780.1290571785423,
                    "y": 1768.9658231623905
                },
                {
                    "x": 2105.734944517167,
                    "y": 1768.9658231623905
                },
                {
                    "x": 2105.734944517167,
                    "y": 1931.9798569734921
                },
                {
                    "x": 1780.1290571785423,
                    "y": 1931.9798569734921
                }
            ]
        },
        {
            "id": "rLXI_OA4u",
            "type": "RECTANGLE",
            "tags": [
                "scale"
            ],
            "boundingBox": {
                "height": 1429.1586112926598,
                "width": 745.8385299430107,
                "left": 170.5846024100662,
                "top": 382.6944310921794
            },
            "points": [
                {
                    "x": 170.5846024100662,
                    "y": 382.6944310921794
                },
                {
                    "x": 916.4231323530769,
                    "y": 382.6944310921794
                },
                {
                    "x": 916.4231323530769,
                    "y": 1811.853042384839
                },
                {
                    "x": 170.5846024100662,
                    "y": 1811.853042384839
                }
            ]
        }
    ],
    "version": "2.2.0"
}