{
    "asset": {
        "format": "jpg",
        "id": "698725c7c34742c21b23d456f7b016a8",
        "name": "2_2_8.jpg",
        "path": "file:/Users/kaitomasuda/Desktop/Univ/LeafDetection/dataset/imgs/2_2_8.jpg",
        "size": {
            "width": 2214,
            "height": 2014
        },
        "state": 2,
        "type": 1
    },
    "regions": [
        {
            "id": "eIzrGF-V9",
            "type": "RECTANGLE",
            "tags": [
                "leaf"
            ],
            "boundingBox": {
                "height": 272.52357360047176,
                "width": 181.08720235621675,
                "left": 296.8870395092254,
                "top": 388.28920573445106
            },
            "points": [
                {
                    "x": 296.8870395092254,
                    "y": 388.28920573445106
                },
                {
                    "x": 477.9742418654422,
                    "y": 388.28920573445106
                },
                {
                    "x": 477.9742418654422,
                    "y": 660.8127793349229
                },
                {
                    "x": 296.8870395092254,
                    "y": 660.8127793349229
                }
            ]
        },
        {
            "id": "4SjoZKNtR",
            "type": "RECTANGLE",
            "tags": [
                "leaf"
            ],
            "boundingBox": {
                "height": 377.32990064744826,
                "width": 224.88589023021942,
                "left": 583.9533808282081,
                "top": 316.96272638494315
            },
            "points": [
                {
                    "x": 583.9533808282081,
                    "y": 316.96272638494315
                },
                {
                    "x": 808.8392710584276,
                    "y": 316.96272638494315
                },
                {
                    "x": 808.8392710584276,
                    "y": 694.2926270323914
                },
                {
                    "x": 583.9533808282081,
                    "y": 694.2926270323914
                }
            ]
        },
        {
            "id": "uz2luQvZJ",
            "type": "RECTANGLE",
            "tags": [
                "leaf"
            ],
            "boundingBox": {
                "height": 431.6751962636972,
                "width": 329.51802355177847,
                "left": 1055.3679783597906,
                "top": 261.4546738661728
            },
            "points": [
                {
                    "x": 1055.3679783597906,
                    "y": 261.4546738661728
                },
                {
                    "x": 1384.886001911569,
                    "y": 261.4546738661728
                },
                {
                    "x": 1384.886001911569,
                    "y": 693.1298701298701
                },
                {
                    "x": 1055.3679783597906,
                    "y": 693.1298701298701
                }
            ]
        },
        {
            "id": "qrRUgvVBK",
            "type": "RECTANGLE",
            "tags": [
                "leaf"
            ],
            "boundingBox": {
                "height": 492.4388030213195,
                "width": 375.01017209316825,
                "left": 1686.4556949696644,
                "top": 176.96977265593293
            },
            "points": [
                {
                    "x": 1686.4556949696644,
                    "y": 176.96977265593293
                },
                {
                    "x": 2061.4658670628323,
                    "y": 176.96977265593293
                },
                {
                    "x": 2061.4658670628323,
                    "y": 669.4085756772524
                },
                {
                    "x": 1686.4556949696644,
                    "y": 669.4085756772524
                }
            ]
        },
        {
            "id": "G8iUDKeIb",
            "type": "RECTANGLE",
            "tags": [
                "leaf"
            ],
            "boundingBox": {
                "height": 555.2337820870536,
                "width": 515.308804126496,
                "left": 297.2156047415226,
                "top": 769.0622780539773
            },
            "points": [
                {
                    "x": 297.2156047415226,
                    "y": 769.0622780539773
                },
                {
                    "x": 812.5244088680187,
                    "y": 769.0622780539773
                },
                {
                    "x": 812.5244088680187,
                    "y": 1324.2960601410307
                },
                {
                    "x": 297.2156047415226,
                    "y": 1324.2960601410307
                }
            ]
        },
        {
            "id": "97slzmEy_",
            "type": "RECTANGLE",
            "tags": [
                "leaf"
            ],
            "boundingBox": {
                "height": 541.8984363110035,
                "width": 432.4812946725399,
                "left": 929.4613660447142,
                "top": 749.3314899395039
            },
            "points": [
                {
                    "x": 929.4613660447142,
                    "y": 749.3314899395039
                },
                {
                    "x": 1361.942660717254,
                    "y": 749.3314899395039
                },
                {
                    "x": 1361.942660717254,
                    "y": 1291.2299262505073
                },
                {
                    "x": 929.4613660447142,
                    "y": 1291.2299262505073
                }
            ]
        },
        {
            "id": "JHwcTRmTy",
            "type": "RECTANGLE",
            "tags": [
                "leaf"
            ],
            "boundingBox": {
                "height": 385.6229347922585,
                "width": 351.63507989112367,
                "left": 1440.934566416639,
                "top": 818.2652459478998
            },
            "points": [
                {
                    "x": 1440.934566416639,
                    "y": 818.2652459478998
                },
                {
                    "x": 1792.5696463077627,
                    "y": 818.2652459478998
                },
                {
                    "x": 1792.5696463077627,
                    "y": 1203.8881807401583
                },
                {
                    "x": 1440.934566416639,
                    "y": 1203.8881807401583
                }
            ]
        },
        {
            "id": "Ium42QLvy",
            "type": "RECTANGLE",
            "tags": [
                "leaf"
            ],
            "boundingBox": {
                "height": 342.2140355494115,
                "width": 289.4239605842753,
                "left": 1867.5376262258976,
                "top": 830.5396868024553
            },
            "points": [
                {
                    "x": 1867.5376262258976,
                    "y": 830.5396868024553
                },
                {
                    "x": 2156.961586810173,
                    "y": 830.5396868024553
                },
                {
                    "x": 2156.961586810173,
                    "y": 1172.7537223518668
                },
                {
                    "x": 1867.5376262258976,
                    "y": 1172.7537223518668
                }
            ]
        },
        {
            "id": "LHb_V7P1y",
            "type": "RECTANGLE",
            "tags": [
                "leaf"
            ],
            "boundingBox": {
                "height": 246.32023577008928,
                "width": 193.7122854679189,
                "left": 495.8172347697806,
                "top": 1415.9918980189732
            },
            "points": [
                {
                    "x": 495.8172347697806,
                    "y": 1415.9918980189732
                },
                {
                    "x": 689.5295202376994,
                    "y": 1415.9918980189732
                },
                {
                    "x": 689.5295202376994,
                    "y": 1662.3121337890625
                },
                {
                    "x": 495.8172347697806,
                    "y": 1662.3121337890625
                }
            ]
        },
        {
            "id": "VrZcpBKF1",
            "type": "RECTANGLE",
            "tags": [
                "leaf"
            ],
            "boundingBox": {
                "height": 191.31729244876217,
                "width": 138.75851245636636,
                "left": 924.6237741023937,
                "top": 1449.0334469485592
            },
            "points": [
                {
                    "x": 924.6237741023937,
                    "y": 1449.0334469485592
                },
                {
                    "x": 1063.38228655876,
                    "y": 1449.0334469485592
                },
                {
                    "x": 1063.38228655876,
                    "y": 1640.3507393973214
                },
                {
                    "x": 924.6237741023937,
                    "y": 1640.3507393973214
                }
            ]
        },
        {
            "id": "_5W5JNTf_",
            "type": "RECTANGLE",
            "tags": [
                "leaf"
            ],
            "boundingBox": {
                "height": 158.1515415736607,
                "width": 94.15254763339429,
                "left": 1351.0795625727228,
                "top": 1485.4670819171063
            },
            "points": [
                {
                    "x": 1351.0795625727228,
                    "y": 1485.4670819171063
                },
                {
                    "x": 1445.232110206117,
                    "y": 1485.4670819171063
                },
                {
                    "x": 1445.232110206117,
                    "y": 1643.618623490767
                },
                {
                    "x": 1351.0795625727228,
                    "y": 1643.618623490767
                }
            ]
        },
        {
            "id": "vmkR2VW2n",
            "type": "RECTANGLE",
            "tags": [
                "leaf"
            ],
            "boundingBox": {
                "height": 139.40103886591922,
                "width": 95.32640562666224,
                "left": 1686.8826540683178,
                "top": 1487.8465549221287
            },
            "points": [
                {
                    "x": 1686.8826540683178,
                    "y": 1487.8465549221287
                },
                {
                    "x": 1782.2090596949802,
                    "y": 1487.8465549221287
                },
                {
                    "x": 1782.2090596949802,
                    "y": 1627.2475937880479
                },
                {
                    "x": 1686.8826540683178,
                    "y": 1627.2475937880479
                }
            ]
        }
    ],
    "version": "2.2.0"
}