{
    "asset": {
        "format": "jpg",
        "id": "6b87e214a5c0da60ad62841ec3b440ca",
        "name": "2_3_4.jpg",
        "path": "file:/Users/kaitomasuda/Desktop/Univ/LeafDetection/dataset/imgs/2_3_4.jpg",
        "size": {
            "width": 2215,
            "height": 2014
        },
        "state": 2,
        "type": 1
    },
    "regions": [
        {
            "id": "6SVS3JUHK",
            "type": "RECTANGLE",
            "tags": [
                "leaf"
            ],
            "boundingBox": {
                "height": 300.1527208345609,
                "width": 229.57363516444573,
                "left": 365.2928955222416,
                "top": 310.46449746081055
            },
            "points": [
                {
                    "x": 365.2928955222416,
                    "y": 310.46449746081055
                },
                {
                    "x": 594.8665306866874,
                    "y": 310.46449746081055
                },
                {
                    "x": 594.8665306866874,
                    "y": 610.6172182953715
                },
                {
                    "x": 365.2928955222416,
                    "y": 610.6172182953715
                }
            ]
        },
        {
            "id": "5cD9Q1jnp",
            "type": "RECTANGLE",
            "tags": [
                "leaf"
            ],
            "boundingBox": {
                "height": 363.08878218275055,
                "width": 321.7109326662465,
                "left": 738.3461175291815,
                "top": 287.9668604499807
            },
            "points": [
                {
                    "x": 738.3461175291815,
                    "y": 287.9668604499807
                },
                {
                    "x": 1060.057050195428,
                    "y": 287.9668604499807
                },
                {
                    "x": 1060.057050195428,
                    "y": 651.0556426327313
                },
                {
                    "x": 738.3461175291815,
                    "y": 651.0556426327313
                }
            ]
        },
        {
            "id": "Aksb5pqi3",
            "type": "RECTANGLE",
            "tags": [
                "leaf"
            ],
            "boundingBox": {
                "height": 421.92940145227163,
                "width": 416.3253279160664,
                "left": 1172.0755300679668,
                "top": 268.6033264080787
            },
            "points": [
                {
                    "x": 1172.0755300679668,
                    "y": 268.6033264080787
                },
                {
                    "x": 1588.4008579840333,
                    "y": 268.6033264080787
                },
                {
                    "x": 1588.4008579840333,
                    "y": 690.5327278603503
                },
                {
                    "x": 1172.0755300679668,
                    "y": 690.5327278603503
                }
            ]
        },
        {
            "id": "Uu6GcWO7j",
            "type": "RECTANGLE",
            "tags": [
                "leaf"
            ],
            "boundingBox": {
                "height": 470.7315080144161,
                "width": 435.5599495817865,
                "left": 1687.9646546564486,
                "top": 266.9658209474561
            },
            "points": [
                {
                    "x": 1687.9646546564486,
                    "y": 266.9658209474561
                },
                {
                    "x": 2123.524604238235,
                    "y": 266.9658209474561
                },
                {
                    "x": 2123.524604238235,
                    "y": 737.6973289618722
                },
                {
                    "x": 1687.9646546564486,
                    "y": 737.6973289618722
                }
            ]
        },
        {
            "id": "Jyq9SHokl",
            "type": "RECTANGLE",
            "tags": [
                "leaf"
            ],
            "boundingBox": {
                "height": 461.96156650339833,
                "width": 418.9867577879705,
                "left": 315.1163650404477,
                "top": 852.296735547764
            },
            "points": [
                {
                    "x": 315.1163650404477,
                    "y": 852.296735547764
                },
                {
                    "x": 734.1031228284182,
                    "y": 852.296735547764
                },
                {
                    "x": 734.1031228284182,
                    "y": 1314.2583020511622
                },
                {
                    "x": 315.1163650404477,
                    "y": 1314.2583020511622
                }
            ]
        },
        {
            "id": "7LCGL-Wj9",
            "type": "RECTANGLE",
            "tags": [
                "leaf"
            ],
            "boundingBox": {
                "height": 400.59523413054194,
                "width": 324.1937833023973,
                "left": 877.9783006311872,
                "top": 866.2235244731135
            },
            "points": [
                {
                    "x": 877.9783006311872,
                    "y": 866.2235244731135
                },
                {
                    "x": 1202.1720839335844,
                    "y": 866.2235244731135
                },
                {
                    "x": 1202.1720839335844,
                    "y": 1266.8187586036554
                },
                {
                    "x": 877.9783006311872,
                    "y": 1266.8187586036554
                }
            ]
        },
        {
            "id": "P3sCpS4wo",
            "type": "RECTANGLE",
            "tags": [
                "leaf"
            ],
            "boundingBox": {
                "height": 325.8042822392616,
                "width": 237.33412145159204,
                "left": 1336.4599937637365,
                "top": 912.076155048663
            },
            "points": [
                {
                    "x": 1336.4599937637365,
                    "y": 912.076155048663
                },
                {
                    "x": 1573.7941152153285,
                    "y": 912.076155048663
                },
                {
                    "x": 1573.7941152153285,
                    "y": 1237.8804372879247
                },
                {
                    "x": 1336.4599937637365,
                    "y": 1237.8804372879247
                }
            ]
        },
        {
            "id": "0sr_B4ruI",
            "type": "RECTANGLE",
            "tags": [
                "leaf"
            ],
            "boundingBox": {
                "height": 223.45267799089729,
                "width": 157.10961704840332,
                "left": 1698.6965076635915,
                "top": 934.291656454456
            },
            "points": [
                {
                    "x": 1698.6965076635915,
                    "y": 934.291656454456
                },
                {
                    "x": 1855.806124711995,
                    "y": 934.291656454456
                },
                {
                    "x": 1855.806124711995,
                    "y": 1157.7443344453532
                },
                {
                    "x": 1698.6965076635915,
                    "y": 1157.7443344453532
                }
            ]
        },
        {
            "id": "W6GHxl-2a",
            "type": "RECTANGLE",
            "tags": [
                "leaf"
            ],
            "boundingBox": {
                "height": 155.7315008711598,
                "width": 102.47012379603464,
                "left": 670.9844317785673,
                "top": 1376.777633924943
            },
            "points": [
                {
                    "x": 670.9844317785673,
                    "y": 1376.777633924943
                },
                {
                    "x": 773.454555574602,
                    "y": 1376.777633924943
                },
                {
                    "x": 773.454555574602,
                    "y": 1532.509134796103
                },
                {
                    "x": 670.9844317785673,
                    "y": 1532.509134796103
                }
            ]
        }
    ],
    "version": "2.2.0"
}