{
    "asset": {
        "format": "jpg",
        "id": "6f9e1f84db40b2ebf96a43aad12098d5",
        "name": "3_1_3.jpg",
        "path": "file:/Users/kaitomasuda/Desktop/Univ/LeafDetection/dataset/imgs/3_1_3.jpg",
        "size": {
            "width": 2215,
            "height": 2013
        },
        "state": 2,
        "type": 1
    },
    "regions": [
        {
            "id": "KJpfWB2W2",
            "type": "RECTANGLE",
            "tags": [
                "leaf"
            ],
            "boundingBox": {
                "height": 322.48820898998736,
                "width": 204.01664122471826,
                "left": 428.10589089210856,
                "top": 348.51179101001264
            },
            "points": [
                {
                    "x": 428.10589089210856,
                    "y": 348.51179101001264
                },
                {
                    "x": 632.1225321168268,
                    "y": 348.51179101001264
                },
                {
                    "x": 632.1225321168268,
                    "y": 671
                },
                {
                    "x": 428.10589089210856,
                    "y": 671
                }
            ]
        },
        {
            "id": "fHT_kRYmd",
            "type": "RECTANGLE",
            "tags": [
                "leaf"
            ],
            "boundingBox": {
                "height": 444.3371755665746,
                "width": 306.7714667237179,
                "left": 745.8670777643184,
                "top": 309.6842507548716
            },
            "points": [
                {
                    "x": 745.8670777643184,
                    "y": 309.6842507548716
                },
                {
                    "x": 1052.6385444880361,
                    "y": 309.6842507548716
                },
                {
                    "x": 1052.6385444880361,
                    "y": 754.0214263214461
                },
                {
                    "x": 745.8670777643184,
                    "y": 754.0214263214461
                }
            ]
        },
        {
            "id": "vCyhJdH9k",
            "type": "RECTANGLE",
            "tags": [
                "leaf"
            ],
            "boundingBox": {
                "height": 483.8434086942124,
                "width": 384.09754949164306,
                "left": 1224.7960670816774,
                "top": 327.61506459904814
            },
            "points": [
                {
                    "x": 1224.7960670816774,
                    "y": 327.61506459904814
                },
                {
                    "x": 1608.8936165733205,
                    "y": 327.61506459904814
                },
                {
                    "x": 1608.8936165733205,
                    "y": 811.4584732932606
                },
                {
                    "x": 1224.7960670816774,
                    "y": 811.4584732932606
                }
            ]
        },
        {
            "id": "P8Xwe0Aee",
            "type": "RECTANGLE",
            "tags": [
                "leaf"
            ],
            "boundingBox": {
                "height": 541.0569707059312,
                "width": 468.761731722629,
                "left": 1726.1256201342007,
                "top": 316.2183908045977
            },
            "points": [
                {
                    "x": 1726.1256201342007,
                    "y": 316.2183908045977
                },
                {
                    "x": 2194.88735185683,
                    "y": 316.2183908045977
                },
                {
                    "x": 2194.88735185683,
                    "y": 857.2753615105289
                },
                {
                    "x": 1726.1256201342007,
                    "y": 857.2753615105289
                }
            ]
        },
        {
            "id": "tiCWSbnxa",
            "type": "RECTANGLE",
            "tags": [
                "leaf"
            ],
            "boundingBox": {
                "height": 435.78978790633977,
                "width": 319.8802291391619,
                "left": 432.60234925805065,
                "top": 1048.4991672559715
            },
            "points": [
                {
                    "x": 432.60234925805065,
                    "y": 1048.4991672559715
                },
                {
                    "x": 752.4825783972125,
                    "y": 1048.4991672559715
                },
                {
                    "x": 752.4825783972125,
                    "y": 1484.2889551623114
                },
                {
                    "x": 432.60234925805065,
                    "y": 1484.2889551623114
                }
            ]
        },
        {
            "id": "RykGjrvRp",
            "type": "RECTANGLE",
            "tags": [
                "leaf"
            ],
            "boundingBox": {
                "height": 335.2196728936557,
                "width": 244.3184839973051,
                "left": 947.4071457494011,
                "top": 1112.645117397966
            },
            "points": [
                {
                    "x": 947.4071457494011,
                    "y": 1112.645117397966
                },
                {
                    "x": 1191.7256297467063,
                    "y": 1112.645117397966
                },
                {
                    "x": 1191.7256297467063,
                    "y": 1447.8647902916218
                },
                {
                    "x": 947.4071457494011,
                    "y": 1447.8647902916218
                }
            ]
        },
        {
            "id": "97wghXkmr",
            "type": "RECTANGLE",
            "tags": [
                "leaf"
            ],
            "boundingBox": {
                "height": 193.58881562331626,
                "width": 121.30663190569196,
                "left": 1454.7445380978468,
                "top": 1218.0514045803027
            },
            "points": [
                {
                    "x": 1454.7445380978468,
                    "y": 1218.0514045803027
                },
                {
                    "x": 1576.0511700035388,
                    "y": 1218.0514045803027
                },
                {
                    "x": 1576.0511700035388,
                    "y": 1411.6402202036188
                },
                {
                    "x": 1454.7445380978468,
                    "y": 1411.6402202036188
                }
            ]
        },
        {
            "id": "B_y09RmFj",
            "type": "RECTANGLE",
            "tags": [
                "leaf"
            ],
            "boundingBox": {
                "height": 95.82409001492906,
                "width": 62.59335720580629,
                "left": 1796.831962771532,
                "top": 1322.502320037491
            },
            "points": [
                {
                    "x": 1796.831962771532,
                    "y": 1322.502320037491
                },
                {
                    "x": 1859.4253199773382,
                    "y": 1322.502320037491
                },
                {
                    "x": 1859.4253199773382,
                    "y": 1418.32641005242
                },
                {
                    "x": 1796.831962771532,
                    "y": 1418.32641005242
                }
            ]
        },
        {
            "id": "fk6HdnvVI",
            "type": "RECTANGLE",
            "tags": [
                "mark"
            ],
            "boundingBox": {
                "height": 61.469897215393765,
                "width": 60.37044724520906,
                "left": 2087.850869208678,
                "top": 37.74695104840158
            },
            "points": [
                {
                    "x": 2087.850869208678,
                    "y": 37.74695104840158
                },
                {
                    "x": 2148.221316453887,
                    "y": 37.74695104840158
                },
                {
                    "x": 2148.221316453887,
                    "y": 99.21684826379534
                },
                {
                    "x": 2087.850869208678,
                    "y": 99.21684826379534
                }
            ]
        },
        {
            "id": "DmYd5wbaq",
            "type": "RECTANGLE",
            "tags": [
                "tag"
            ],
            "boundingBox": {
                "height": 115.93491196906429,
                "width": 308.5270898267367,
                "left": 1621.8528189310214,
                "top": 1782.6294906440821
            },
            "points": [
                {
                    "x": 1621.8528189310214,
                    "y": 1782.6294906440821
                },
                {
                    "x": 1930.3799087577581,
                    "y": 1782.6294906440821
                },
                {
                    "x": 1930.3799087577581,
                    "y": 1898.5644026131465
                },
                {
                    "x": 1621.8528189310214,
                    "y": 1898.5644026131465
                }
            ]
        },
        {
            "id": "OIg3-hZua",
            "type": "RECTANGLE",
            "tags": [
                "scale"
            ],
            "boundingBox": {
                "height": 1435.3110316484824,
                "width": 737.9950371187323,
                "left": 155.14041435427782,
                "top": 384.154288105581
            },
            "points": [
                {
                    "x": 155.14041435427782,
                    "y": 384.154288105581
                },
                {
                    "x": 893.1354514730101,
                    "y": 384.154288105581
                },
                {
                    "x": 893.1354514730101,
                    "y": 1819.4653197540633
                },
                {
                    "x": 155.14041435427782,
                    "y": 1819.4653197540633
                }
            ]
        }
    ],
    "version": "2.2.0"
}