{
    "asset": {
        "format": "jpg",
        "id": "7489339bf95d6e143e51e62605d7eef2",
        "name": "2_1_3.jpg",
        "path": "file:/Users/kaitomasuda/Desktop/Univ/LeafDetection/dataset/imgs/2_1_3.jpg",
        "size": {
            "width": 2217,
            "height": 2017
        },
        "state": 2,
        "type": 1
    },
    "regions": [
        {
            "id": "Nl7HMNNUv",
            "type": "RECTANGLE",
            "tags": [
                "leaf"
            ],
            "boundingBox": {
                "height": 327.93721657745107,
                "width": 221.54616827713815,
                "left": 477.3666955474624,
                "top": 295.0881345134136
            },
            "points": [
                {
                    "x": 477.3666955474624,
                    "y": 295.0881345134136
                },
                {
                    "x": 698.9128638246005,
                    "y": 295.0881345134136
                },
                {
                    "x": 698.9128638246005,
                    "y": 623.0253510908647
                },
                {
                    "x": 477.3666955474624,
                    "y": 623.0253510908647
                }
            ]
        },
        {
            "id": "VJaEEUM1f",
            "type": "RECTANGLE",
            "tags": [
                "leaf"
            ],
            "boundingBox": {
                "height": 370.5604053844105,
                "width": 331.5414458540149,
                "left": 732.8407962196752,
                "top": 265.7118909851579
            },
            "points": [
                {
                    "x": 732.8407962196752,
                    "y": 265.7118909851579
                },
                {
                    "x": 1064.3822420736901,
                    "y": 265.7118909851579
                },
                {
                    "x": 1064.3822420736901,
                    "y": 636.2722963695684
                },
                {
                    "x": 732.8407962196752,
                    "y": 636.2722963695684
                }
            ]
        },
        {
            "id": "LFw-kI-OP",
            "type": "RECTANGLE",
            "tags": [
                "leaf"
            ],
            "boundingBox": {
                "height": 469.9172641344307,
                "width": 413.63081463118243,
                "left": 1128.0550438443522,
                "top": 278.62626685780924
            },
            "points": [
                {
                    "x": 1128.0550438443522,
                    "y": 278.62626685780924
                },
                {
                    "x": 1541.6858584755346,
                    "y": 278.62626685780924
                },
                {
                    "x": 1541.6858584755346,
                    "y": 748.5435309922399
                },
                {
                    "x": 1128.0550438443522,
                    "y": 748.5435309922399
                }
            ]
        },
        {
            "id": "KKcXbZH7I",
            "type": "RECTANGLE",
            "tags": [
                "leaf"
            ],
            "boundingBox": {
                "height": 493.71193745510635,
                "width": 442.9209037149759,
                "left": 1673.0558097667265,
                "top": 259.3982865514834
            },
            "points": [
                {
                    "x": 1673.0558097667265,
                    "y": 259.3982865514834
                },
                {
                    "x": 2115.9767134817025,
                    "y": 259.3982865514834
                },
                {
                    "x": 2115.9767134817025,
                    "y": 753.1102240065898
                },
                {
                    "x": 1673.0558097667265,
                    "y": 753.1102240065898
                }
            ]
        },
        {
            "id": "QqDJ6-A98",
            "type": "RECTANGLE",
            "tags": [
                "leaf"
            ],
            "boundingBox": {
                "height": 502.35429079670547,
                "width": 462.2060807306964,
                "left": 262.48682294573103,
                "top": 929.8210732956563
            },
            "points": [
                {
                    "x": 262.48682294573103,
                    "y": 929.8210732956563
                },
                {
                    "x": 724.6929036764274,
                    "y": 929.8210732956563
                },
                {
                    "x": 724.6929036764274,
                    "y": 1432.1753640923619
                },
                {
                    "x": 262.48682294573103,
                    "y": 1432.1753640923619
                }
            ]
        },
        {
            "id": "DWi5p-kZZ",
            "type": "RECTANGLE",
            "tags": [
                "leaf"
            ],
            "boundingBox": {
                "height": 431.47414845868576,
                "width": 313.61272482047406,
                "left": 787.1346447019649,
                "top": 914.8428594415838
            },
            "points": [
                {
                    "x": 787.1346447019649,
                    "y": 914.8428594415838
                },
                {
                    "x": 1100.747369522439,
                    "y": 914.8428594415838
                },
                {
                    "x": 1100.747369522439,
                    "y": 1346.3170079002696
                },
                {
                    "x": 787.1346447019649,
                    "y": 1346.3170079002696
                }
            ]
        },
        {
            "id": "-EZe7rtyG",
            "type": "RECTANGLE",
            "tags": [
                "leaf"
            ],
            "boundingBox": {
                "height": 299.35290792165705,
                "width": 261.0749183597421,
                "left": 1222.2433997132725,
                "top": 991.3312792817422
            },
            "points": [
                {
                    "x": 1222.2433997132725,
                    "y": 991.3312792817422
                },
                {
                    "x": 1483.3183180730146,
                    "y": 991.3312792817422
                },
                {
                    "x": 1483.3183180730146,
                    "y": 1290.6841872033995
                },
                {
                    "x": 1222.2433997132725,
                    "y": 1290.6841872033995
                }
            ]
        },
        {
            "id": "I0EJ_Yc_f",
            "type": "RECTANGLE",
            "tags": [
                "leaf"
            ],
            "boundingBox": {
                "height": 221.19261144212453,
                "width": 190.56108150625587,
                "left": 1635.2057788820196,
                "top": 1019.066423148163
            },
            "points": [
                {
                    "x": 1635.2057788820196,
                    "y": 1019.066423148163
                },
                {
                    "x": 1825.7668603882753,
                    "y": 1019.066423148163
                },
                {
                    "x": 1825.7668603882753,
                    "y": 1240.2590345902877
                },
                {
                    "x": 1635.2057788820196,
                    "y": 1240.2590345902877
                }
            ]
        },
        {
            "id": "989aIPAWA",
            "type": "RECTANGLE",
            "tags": [
                "leaf"
            ],
            "boundingBox": {
                "height": 221.35260085429042,
                "width": 161.49075202655075,
                "left": 1929.9049340728532,
                "top": 1004.4710138494318
            },
            "points": [
                {
                    "x": 1929.9049340728532,
                    "y": 1004.4710138494318
                },
                {
                    "x": 2091.395686099404,
                    "y": 1004.4710138494318
                },
                {
                    "x": 2091.395686099404,
                    "y": 1225.8236147037221
                },
                {
                    "x": 1929.9049340728532,
                    "y": 1225.8236147037221
                }
            ]
        },
        {
            "id": "WK1Sf2DHm",
            "type": "RECTANGLE",
            "tags": [
                "mark"
            ],
            "boundingBox": {
                "height": 60.40833931915031,
                "width": 68.38593309445488,
                "left": 2087.981781694226,
                "top": 37.13331364403086
            },
            "points": [
                {
                    "x": 2087.981781694226,
                    "y": 37.13331364403086
                },
                {
                    "x": 2156.3677147886806,
                    "y": 37.13331364403086
                },
                {
                    "x": 2156.3677147886806,
                    "y": 97.54165296318116
                },
                {
                    "x": 2087.981781694226,
                    "y": 97.54165296318116
                }
            ]
        },
        {
            "id": "7VC0hHqme",
            "type": "RECTANGLE",
            "tags": [
                "leaf"
            ],
            "boundingBox": {
                "height": 95.02735194687016,
                "width": 82.8066397071781,
                "left": 1024.2247353460557,
                "top": 1533.715226228572
            },
            "points": [
                {
                    "x": 1024.2247353460557,
                    "y": 1533.715226228572
                },
                {
                    "x": 1107.0313750532337,
                    "y": 1533.715226228572
                },
                {
                    "x": 1107.0313750532337,
                    "y": 1628.7425781754423
                },
                {
                    "x": 1024.2247353460557,
                    "y": 1628.7425781754423
                }
            ]
        },
        {
            "id": "foAFue613",
            "type": "RECTANGLE",
            "tags": [
                "tag"
            ],
            "boundingBox": {
                "height": 115.39484348770014,
                "width": 322.14570537366365,
                "left": 1661.5311481217693,
                "top": 1718.1433390467619
            },
            "points": [
                {
                    "x": 1661.5311481217693,
                    "y": 1718.1433390467619
                },
                {
                    "x": 1983.6768534954329,
                    "y": 1718.1433390467619
                },
                {
                    "x": 1983.6768534954329,
                    "y": 1833.538182534462
                },
                {
                    "x": 1661.5311481217693,
                    "y": 1833.538182534462
                }
            ]
        },
        {
            "id": "vSt9pNDjw",
            "type": "RECTANGLE",
            "tags": [
                "scale"
            ],
            "boundingBox": {
                "height": 1442.8576460278723,
                "width": 741.7504711868172,
                "left": 152.8288153167954,
                "top": 376.80342625389414
            },
            "points": [
                {
                    "x": 152.8288153167954,
                    "y": 376.80342625389414
                },
                {
                    "x": 894.5792865036126,
                    "y": 376.80342625389414
                },
                {
                    "x": 894.5792865036126,
                    "y": 1819.6610722817666
                },
                {
                    "x": 152.8288153167954,
                    "y": 1819.6610722817666
                }
            ]
        }
    ],
    "version": "2.2.0"
}