{
    "asset": {
        "format": "jpg",
        "id": "7651851b261ec030396845167656bf6e",
        "name": "2_3_10.jpg",
        "path": "file:/Users/kaitomasuda/Desktop/Univ/LeafDetection/dataset/imgs/2_3_10.jpg",
        "size": {
            "width": 2207,
            "height": 2015
        },
        "state": 2,
        "type": 1
    },
    "regions": [
        {
            "id": "5BaOQ6L2T",
            "type": "RECTANGLE",
            "tags": [
                "leaf"
            ],
            "boundingBox": {
                "height": 254.43970082337373,
                "width": 111.7341931570788,
                "left": 675.8693726090956,
                "top": 226.35679235112482
            },
            "points": [
                {
                    "x": 675.8693726090956,
                    "y": 226.35679235112482
                },
                {
                    "x": 787.6035657661745,
                    "y": 226.35679235112482
                },
                {
                    "x": 787.6035657661745,
                    "y": 480.79649317449855
                },
                {
                    "x": 675.8693726090956,
                    "y": 480.79649317449855
                }
            ]
        },
        {
            "id": "WQZFSPJ-Y",
            "type": "RECTANGLE",
            "tags": [
                "leaf"
            ],
            "boundingBox": {
                "height": 303.48388889292977,
                "width": 182.6051280064504,
                "left": 967.9749222703578,
                "top": 232.90061081011677
            },
            "points": [
                {
                    "x": 967.9749222703578,
                    "y": 232.90061081011677
                },
                {
                    "x": 1150.5800502768082,
                    "y": 232.90061081011677
                },
                {
                    "x": 1150.5800502768082,
                    "y": 536.3844997030466
                },
                {
                    "x": 967.9749222703578,
                    "y": 536.3844997030466
                }
            ]
        },
        {
            "id": "KaAoQTnNJ",
            "type": "RECTANGLE",
            "tags": [
                "leaf"
            ],
            "boundingBox": {
                "height": 424.4905249442461,
                "width": 330.06493686107876,
                "left": 1260.4475658227366,
                "top": 198.18694149274282
            },
            "points": [
                {
                    "x": 1260.4475658227366,
                    "y": 198.18694149274282
                },
                {
                    "x": 1590.5125026838152,
                    "y": 198.18694149274282
                },
                {
                    "x": 1590.5125026838152,
                    "y": 622.677466436989
                },
                {
                    "x": 1260.4475658227366,
                    "y": 622.677466436989
                }
            ]
        },
        {
            "id": "6mcNlO0Qq",
            "type": "RECTANGLE",
            "tags": [
                "leaf"
            ],
            "boundingBox": {
                "height": 477.3409415526711,
                "width": 387.79110804348124,
                "left": 1728.362269552605,
                "top": 249.407078836866
            },
            "points": [
                {
                    "x": 1728.362269552605,
                    "y": 249.407078836866
                },
                {
                    "x": 2116.153377596086,
                    "y": 249.407078836866
                },
                {
                    "x": 2116.153377596086,
                    "y": 726.7480203895371
                },
                {
                    "x": 1728.362269552605,
                    "y": 726.7480203895371
                }
            ]
        },
        {
            "id": "oSHMi5KLe",
            "type": "RECTANGLE",
            "tags": [
                "leaf"
            ],
            "boundingBox": {
                "height": 468.5519942841999,
                "width": 332.832988802141,
                "left": 352.3858536163402,
                "top": 803.5985580997764
            },
            "points": [
                {
                    "x": 352.3858536163402,
                    "y": 803.5985580997764
                },
                {
                    "x": 685.2188424184812,
                    "y": 803.5985580997764
                },
                {
                    "x": 685.2188424184812,
                    "y": 1272.1505523839762
                },
                {
                    "x": 352.3858536163402,
                    "y": 1272.1505523839762
                }
            ]
        },
        {
            "id": "h74HjpDrr",
            "type": "RECTANGLE",
            "tags": [
                "leaf"
            ],
            "boundingBox": {
                "height": 478.25114828317277,
                "width": 361.8217827546681,
                "left": 877.6021543101498,
                "top": 815.3134372691417
            },
            "points": [
                {
                    "x": 877.6021543101498,
                    "y": 815.3134372691417
                },
                {
                    "x": 1239.423937064818,
                    "y": 815.3134372691417
                },
                {
                    "x": 1239.423937064818,
                    "y": 1293.5645855523144
                },
                {
                    "x": 877.6021543101498,
                    "y": 1293.5645855523144
                }
            ]
        },
        {
            "id": "q05xKSNp8",
            "type": "RECTANGLE",
            "tags": [
                "leaf"
            ],
            "boundingBox": {
                "height": 385.0729658690141,
                "width": 295.3334442210817,
                "left": 1344.653060877013,
                "top": 856.131832142568
            },
            "points": [
                {
                    "x": 1344.653060877013,
                    "y": 856.131832142568
                },
                {
                    "x": 1639.9865050980948,
                    "y": 856.131832142568
                },
                {
                    "x": 1639.9865050980948,
                    "y": 1241.2047980115822
                },
                {
                    "x": 1344.653060877013,
                    "y": 1241.2047980115822
                }
            ]
        },
        {
            "id": "O9SKRxjqG",
            "type": "RECTANGLE",
            "tags": [
                "leaf"
            ],
            "boundingBox": {
                "height": 271.3508910342202,
                "width": 203.29804585053284,
                "left": 1807.270817100579,
                "top": 916.2615528007863
            },
            "points": [
                {
                    "x": 1807.270817100579,
                    "y": 916.2615528007863
                },
                {
                    "x": 2010.568862951112,
                    "y": 916.2615528007863
                },
                {
                    "x": 2010.568862951112,
                    "y": 1187.6124438350064
                },
                {
                    "x": 1807.270817100579,
                    "y": 1187.6124438350064
                }
            ]
        },
        {
            "id": "1fUh4aDgB",
            "type": "RECTANGLE",
            "tags": [
                "leaf"
            ],
            "boundingBox": {
                "height": 86.56132119924911,
                "width": 53.45001696863918,
                "left": 462.5422834391853,
                "top": 1432.0585893225793
            },
            "points": [
                {
                    "x": 462.5422834391853,
                    "y": 1432.0585893225793
                },
                {
                    "x": 515.9923004078245,
                    "y": 1432.0585893225793
                },
                {
                    "x": 515.9923004078245,
                    "y": 1518.6199105218284
                },
                {
                    "x": 462.5422834391853,
                    "y": 1518.6199105218284
                }
            ]
        }
    ],
    "version": "2.2.0"
}