{
    "asset": {
        "format": "jpg",
        "id": "79cf002b26c8707579675d73675208f6",
        "name": "2_1_4.jpg",
        "path": "file:/Users/kaitomasuda/Desktop/Univ/LeafDetection/dataset/imgs/2_1_4.jpg",
        "size": {
            "width": 2220,
            "height": 2018
        },
        "state": 2,
        "type": 1
    },
    "regions": [
        {
            "id": "XAMTMLcH9",
            "type": "RECTANGLE",
            "tags": [
                "leaf"
            ],
            "boundingBox": {
                "height": 335.3104033667194,
                "width": 251.9423176471452,
                "left": 416.654965967164,
                "top": 282.8475581397695
            },
            "points": [
                {
                    "x": 416.654965967164,
                    "y": 282.8475581397695
                },
                {
                    "x": 668.5972836143092,
                    "y": 282.8475581397695
                },
                {
                    "x": 668.5972836143092,
                    "y": 618.157961506489
                },
                {
                    "x": 416.654965967164,
                    "y": 618.157961506489
                }
            ]
        },
        {
            "id": "lsvyGnpMY",
            "type": "RECTANGLE",
            "tags": [
                "leaf"
            ],
            "boundingBox": {
                "height": 358.93873684465393,
                "width": 360.6295799312735,
                "left": 774.4630282982847,
                "top": 255.91758437984248
            },
            "points": [
                {
                    "x": 774.4630282982847,
                    "y": 255.91758437984248
                },
                {
                    "x": 1135.0926082295582,
                    "y": 255.91758437984248
                },
                {
                    "x": 1135.0926082295582,
                    "y": 614.8563212244965
                },
                {
                    "x": 774.4630282982847,
                    "y": 614.8563212244965
                }
            ]
        },
        {
            "id": "4Uo5p9Aj-",
            "type": "RECTANGLE",
            "tags": [
                "leaf"
            ],
            "boundingBox": {
                "height": 437.9994577455127,
                "width": 403.6074209571781,
                "left": 1332.069073440437,
                "top": 207.2608885962116
            },
            "points": [
                {
                    "x": 1332.069073440437,
                    "y": 207.2608885962116
                },
                {
                    "x": 1735.676494397615,
                    "y": 207.2608885962116
                },
                {
                    "x": 1735.676494397615,
                    "y": 645.2603463417242
                },
                {
                    "x": 1332.069073440437,
                    "y": 645.2603463417242
                }
            ]
        },
        {
            "id": "yszHeXNHa",
            "type": "RECTANGLE",
            "tags": [
                "leaf"
            ],
            "boundingBox": {
                "height": 527.4913668041387,
                "width": 474.44411887262095,
                "left": 225.01208083073894,
                "top": 753.4814422859633
            },
            "points": [
                {
                    "x": 225.01208083073894,
                    "y": 753.4814422859633
                },
                {
                    "x": 699.45619970336,
                    "y": 753.4814422859633
                },
                {
                    "x": 699.45619970336,
                    "y": 1280.9728090901021
                },
                {
                    "x": 225.01208083073894,
                    "y": 1280.9728090901021
                }
            ]
        },
        {
            "id": "orEmLTatm",
            "type": "RECTANGLE",
            "tags": [
                "leaf"
            ],
            "boundingBox": {
                "height": 520.2238900681173,
                "width": 401.9457870139215,
                "left": 854.4690216752819,
                "top": 662.7199260617091
            },
            "points": [
                {
                    "x": 854.4690216752819,
                    "y": 662.7199260617091
                },
                {
                    "x": 1256.4148086892035,
                    "y": 662.7199260617091
                },
                {
                    "x": 1256.4148086892035,
                    "y": 1182.9438161298265
                },
                {
                    "x": 854.4690216752819,
                    "y": 1182.9438161298265
                }
            ]
        },
        {
            "id": "sfvNMwce3",
            "type": "RECTANGLE",
            "tags": [
                "leaf"
            ],
            "boundingBox": {
                "height": 245.39770949182432,
                "width": 176.61915714579416,
                "left": 1357.9206744889566,
                "top": 835.8217908370593
            },
            "points": [
                {
                    "x": 1357.9206744889566,
                    "y": 835.8217908370593
                },
                {
                    "x": 1534.5398316347507,
                    "y": 835.8217908370593
                },
                {
                    "x": 1534.5398316347507,
                    "y": 1081.2195003288837
                },
                {
                    "x": 1357.9206744889566,
                    "y": 1081.2195003288837
                }
            ]
        },
        {
            "id": "RuFOcGtDA",
            "type": "RECTANGLE",
            "tags": [
                "leaf"
            ],
            "boundingBox": {
                "height": 238.91823407638174,
                "width": 159.91010852326127,
                "left": 1732.779077515566,
                "top": 866.0013634547715
            },
            "points": [
                {
                    "x": 1732.779077515566,
                    "y": 866.0013634547715
                },
                {
                    "x": 1892.6891860388273,
                    "y": 866.0013634547715
                },
                {
                    "x": 1892.6891860388273,
                    "y": 1104.9195975311532
                },
                {
                    "x": 1732.779077515566,
                    "y": 1104.9195975311532
                }
            ]
        },
        {
            "id": "FRxur4Vax",
            "type": "RECTANGLE",
            "tags": [
                "leaf"
            ],
            "boundingBox": {
                "height": 341.68643213697703,
                "width": 207.8596072089403,
                "left": 647.3291841664708,
                "top": 1367.4007633934336
            },
            "points": [
                {
                    "x": 647.3291841664708,
                    "y": 1367.4007633934336
                },
                {
                    "x": 855.1887913754111,
                    "y": 1367.4007633934336
                },
                {
                    "x": 855.1887913754111,
                    "y": 1709.0871955304108
                },
                {
                    "x": 647.3291841664708,
                    "y": 1709.0871955304108
                }
            ]
        },
        {
            "id": "to3Us4VQ7",
            "type": "RECTANGLE",
            "tags": [
                "leaf"
            ],
            "boundingBox": {
                "height": 306.9148718463488,
                "width": 190.05383943256578,
                "left": 983.0709311119596,
                "top": 1354.722505427589
            },
            "points": [
                {
                    "x": 983.0709311119596,
                    "y": 1354.722505427589
                },
                {
                    "x": 1173.1247705445253,
                    "y": 1354.722505427589
                },
                {
                    "x": 1173.1247705445253,
                    "y": 1661.637377273938
                },
                {
                    "x": 983.0709311119596,
                    "y": 1661.637377273938
                }
            ]
        },
        {
            "id": "cAtIt3uJd",
            "type": "RECTANGLE",
            "tags": [
                "leaf"
            ],
            "boundingBox": {
                "height": 155.3231655152376,
                "width": 107.72807874177632,
                "left": 1250.0066679760926,
                "top": 1495.3783871989606
            },
            "points": [
                {
                    "x": 1250.0066679760926,
                    "y": 1495.3783871989606
                },
                {
                    "x": 1357.7347467178688,
                    "y": 1495.3783871989606
                },
                {
                    "x": 1357.7347467178688,
                    "y": 1650.7015527141982
                },
                {
                    "x": 1250.0066679760926,
                    "y": 1650.7015527141982
                }
            ]
        },
        {
            "id": "9QJCWwSyZ",
            "type": "RECTANGLE",
            "tags": [
                "leaf"
            ],
            "boundingBox": {
                "height": 116.57991570086519,
                "width": 91.72657443168467,
                "left": 1568.4876956796286,
                "top": 1524.48239463617
            },
            "points": [
                {
                    "x": 1568.4876956796286,
                    "y": 1524.48239463617
                },
                {
                    "x": 1660.2142701113132,
                    "y": 1524.48239463617
                },
                {
                    "x": 1660.2142701113132,
                    "y": 1641.0623103370351
                },
                {
                    "x": 1568.4876956796286,
                    "y": 1641.0623103370351
                }
            ]
        }
    ],
    "version": "2.2.0"
}