{
    "asset": {
        "format": "jpg",
        "id": "7a5e37946d9b927b7893676b842c7336",
        "name": "3_2_1.jpg",
        "path": "file:/Users/kaitomasuda/Desktop/Univ/LeafDetection/dataset/imgs/3_2_1.jpg",
        "size": {
            "width": 2213,
            "height": 2017
        },
        "state": 2,
        "type": 1
    },
    "regions": [
        {
            "id": "g7zucxxr4",
            "type": "RECTANGLE",
            "tags": [
                "leaf"
            ],
            "boundingBox": {
                "height": 296.65404911661244,
                "width": 226.33418757741052,
                "left": 432.34257278708225,
                "top": 474.6652625468675
            },
            "points": [
                {
                    "x": 432.34257278708225,
                    "y": 474.6652625468675
                },
                {
                    "x": 658.6767603644928,
                    "y": 474.6652625468675
                },
                {
                    "x": 658.6767603644928,
                    "y": 771.3193116634799
                },
                {
                    "x": 432.34257278708225,
                    "y": 771.3193116634799
                }
            ]
        },
        {
            "id": "rtBylAJT5",
            "type": "RECTANGLE",
            "tags": [
                "leaf"
            ],
            "boundingBox": {
                "height": 388.6925121766887,
                "width": 342.9527638930477,
                "left": 751.0529517197028,
                "top": 424.88812086641445
            },
            "points": [
                {
                    "x": 751.0529517197028,
                    "y": 424.88812086641445
                },
                {
                    "x": 1094.0057156127505,
                    "y": 424.88812086641445
                },
                {
                    "x": 1094.0057156127505,
                    "y": 813.5806330431031
                },
                {
                    "x": 751.0529517197028,
                    "y": 813.5806330431031
                }
            ]
        },
        {
            "id": "N4t3h5pmb",
            "type": "RECTANGLE",
            "tags": [
                "leaf"
            ],
            "boundingBox": {
                "height": 474.348901110443,
                "width": 469.76165558818326,
                "left": 1121.157299719621,
                "top": 382.6765840431928
            },
            "points": [
                {
                    "x": 1121.157299719621,
                    "y": 382.6765840431928
                },
                {
                    "x": 1590.9189553078045,
                    "y": 382.6765840431928
                },
                {
                    "x": 1590.9189553078045,
                    "y": 857.0254851536358
                },
                {
                    "x": 1121.157299719621,
                    "y": 857.0254851536358
                }
            ]
        },
        {
            "id": "_rjOYu99k",
            "type": "RECTANGLE",
            "tags": [
                "leaf"
            ],
            "boundingBox": {
                "height": 514.1007513042617,
                "width": 445.667754382622,
                "left": 1678.6199085621054,
                "top": 376.58497867620696
            },
            "points": [
                {
                    "x": 1678.6199085621054,
                    "y": 376.58497867620696
                },
                {
                    "x": 2124.2876629447273,
                    "y": 376.58497867620696
                },
                {
                    "x": 2124.2876629447273,
                    "y": 890.6857299804688
                },
                {
                    "x": 1678.6199085621054,
                    "y": 890.6857299804688
                }
            ]
        },
        {
            "id": "_Y4mDR6a6",
            "type": "RECTANGLE",
            "tags": [
                "leaf"
            ],
            "boundingBox": {
                "height": 459.12024077493874,
                "width": 394.1709526673427,
                "left": 395.20304418690114,
                "top": 976.8393760083054
            },
            "points": [
                {
                    "x": 395.20304418690114,
                    "y": 976.8393760083054
                },
                {
                    "x": 789.3739968542438,
                    "y": 976.8393760083054
                },
                {
                    "x": 789.3739968542438,
                    "y": 1435.9596167832442
                },
                {
                    "x": 395.20304418690114,
                    "y": 1435.9596167832442
                }
            ]
        },
        {
            "id": "_DJpgtYcG",
            "type": "RECTANGLE",
            "tags": [
                "leaf"
            ],
            "boundingBox": {
                "height": 518.1536614325031,
                "width": 462.689028430899,
                "left": 864.652201476413,
                "top": 960.2925430210325
            },
            "points": [
                {
                    "x": 864.652201476413,
                    "y": 960.2925430210325
                },
                {
                    "x": 1327.341229907312,
                    "y": 960.2925430210325
                },
                {
                    "x": 1327.341229907312,
                    "y": 1478.4462044535355
                },
                {
                    "x": 864.652201476413,
                    "y": 1478.4462044535355
                }
            ]
        },
        {
            "id": "F3uv_cina",
            "type": "RECTANGLE",
            "tags": [
                "leaf"
            ],
            "boundingBox": {
                "height": 255.92557422061722,
                "width": 186.82174267918393,
                "left": 1405.5288689909082,
                "top": 1145.5795987131035
            },
            "points": [
                {
                    "x": 1405.5288689909082,
                    "y": 1145.5795987131035
                },
                {
                    "x": 1592.3506116700921,
                    "y": 1145.5795987131035
                },
                {
                    "x": 1592.3506116700921,
                    "y": 1401.5051729337206
                },
                {
                    "x": 1405.5288689909082,
                    "y": 1401.5051729337206
                }
            ]
        },
        {
            "id": "3rwBu4JWN",
            "type": "RECTANGLE",
            "tags": [
                "leaf"
            ],
            "boundingBox": {
                "height": 179.60761466673594,
                "width": 144.4048049341926,
                "left": 1635.3139508077913,
                "top": 1191.6883365200765
            },
            "points": [
                {
                    "x": 1635.3139508077913,
                    "y": 1191.6883365200765
                },
                {
                    "x": 1779.7187557419838,
                    "y": 1191.6883365200765
                },
                {
                    "x": 1779.7187557419838,
                    "y": 1371.2959511868123
                },
                {
                    "x": 1635.3139508077913,
                    "y": 1371.2959511868123
                }
            ]
        },
        {
            "id": "qmaartY8h",
            "type": "RECTANGLE",
            "tags": [
                "leaf"
            ],
            "boundingBox": {
                "height": 164.96789504100443,
                "width": 130.1969568338959,
                "left": 1827.9738582385128,
                "top": 1194.756854143015
            },
            "points": [
                {
                    "x": 1827.9738582385128,
                    "y": 1194.756854143015
                },
                {
                    "x": 1958.1708150724087,
                    "y": 1194.756854143015
                },
                {
                    "x": 1958.1708150724087,
                    "y": 1359.7247491840194
                },
                {
                    "x": 1827.9738582385128,
                    "y": 1359.7247491840194
                }
            ]
        },
        {
            "id": "_wOlLrj9X",
            "type": "RECTANGLE",
            "tags": [
                "leaf"
            ],
            "boundingBox": {
                "height": 105.71415124021526,
                "width": 83.23891052884048,
                "left": 1994.8220650809162,
                "top": 1245.68068833652
            },
            "points": [
                {
                    "x": 1994.8220650809162,
                    "y": 1245.68068833652
                },
                {
                    "x": 2078.0609756097565,
                    "y": 1245.68068833652
                },
                {
                    "x": 2078.0609756097565,
                    "y": 1351.3948395767354
                },
                {
                    "x": 1994.8220650809162,
                    "y": 1351.3948395767354
                }
            ]
        },
        {
            "id": "zreqUvm0M",
            "type": "RECTANGLE",
            "tags": [
                "mark"
            ],
            "boundingBox": {
                "height": 54.73617781279876,
                "width": 56.810684682600176,
                "left": 2092.6970969808226,
                "top": 44.11453089522586
            },
            "points": [
                {
                    "x": 2092.6970969808226,
                    "y": 44.11453089522586
                },
                {
                    "x": 2149.507781663423,
                    "y": 44.11453089522586
                },
                {
                    "x": 2149.507781663423,
                    "y": 98.85070870802461
                },
                {
                    "x": 2092.6970969808226,
                    "y": 98.85070870802461
                }
            ]
        },
        {
            "id": "60rXcGNUv",
            "type": "RECTANGLE",
            "tags": [
                "tag"
            ],
            "boundingBox": {
                "height": 117.40304722977413,
                "width": 303.4584382485845,
                "left": 1670.1918670973296,
                "top": 1771.4677463626315
            },
            "points": [
                {
                    "x": 1670.1918670973296,
                    "y": 1771.4677463626315
                },
                {
                    "x": 1973.6503053459141,
                    "y": 1771.4677463626315
                },
                {
                    "x": 1973.6503053459141,
                    "y": 1888.8707935924056
                },
                {
                    "x": 1670.1918670973296,
                    "y": 1888.8707935924056
                }
            ]
        },
        {
            "id": "7zqXE_znk",
            "type": "RECTANGLE",
            "tags": [
                "scale"
            ],
            "boundingBox": {
                "height": 1440.5766341900505,
                "width": 731.5060419488036,
                "left": 184.94039938258794,
                "top": 396.3619231302469
            },
            "points": [
                {
                    "x": 184.94039938258794,
                    "y": 396.3619231302469
                },
                {
                    "x": 916.4464413313916,
                    "y": 396.3619231302469
                },
                {
                    "x": 916.4464413313916,
                    "y": 1836.9385573202976
                },
                {
                    "x": 184.94039938258794,
                    "y": 1836.9385573202976
                }
            ]
        }
    ],
    "version": "2.2.0"
}