{
    "asset": {
        "format": "jpg",
        "id": "7d46ead5bef43e2dc64cf332ad70100f",
        "name": "1_1_3.jpg",
        "path": "file:/Users/kaitomasuda/Desktop/Univ/LeafDetection/dataset/imgs/1_1_3.jpg",
        "size": {
            "width": 2207,
            "height": 2014
        },
        "state": 2,
        "type": 1
    },
    "regions": [
        {
            "id": "GUaF2CTwL",
            "type": "RECTANGLE",
            "tags": [
                "leaf"
            ],
            "boundingBox": {
                "height": 326.96470292318173,
                "width": 214.53651665581597,
                "left": 339.41048879187093,
                "top": 299.7370347949358
            },
            "points": [
                {
                    "x": 339.41048879187093,
                    "y": 299.7370347949358
                },
                {
                    "x": 553.9470054476869,
                    "y": 299.7370347949358
                },
                {
                    "x": 553.9470054476869,
                    "y": 626.7017377181176
                },
                {
                    "x": 339.41048879187093,
                    "y": 626.7017377181176
                }
            ]
        },
        {
            "id": "B6HVUGvbY",
            "type": "RECTANGLE",
            "tags": [
                "leaf"
            ],
            "boundingBox": {
                "height": 410.790129915691,
                "width": 338.24357726651857,
                "left": 765.5527728311376,
                "top": 215.42668882003827
            },
            "points": [
                {
                    "x": 765.5527728311376,
                    "y": 215.42668882003827
                },
                {
                    "x": 1103.7963500976562,
                    "y": 215.42668882003827
                },
                {
                    "x": 1103.7963500976562,
                    "y": 626.2168187357292
                },
                {
                    "x": 765.5527728311376,
                    "y": 626.2168187357292
                }
            ]
        },
        {
            "id": "Fuw7MJxCE",
            "type": "RECTANGLE",
            "tags": [
                "leaf"
            ],
            "boundingBox": {
                "height": 456.2285883337857,
                "width": 382.50292729396443,
                "left": 1213.6320074742137,
                "top": 208.00624845226034
            },
            "points": [
                {
                    "x": 1213.6320074742137,
                    "y": 208.00624845226034
                },
                {
                    "x": 1596.134934768178,
                    "y": 208.00624845226034
                },
                {
                    "x": 1596.134934768178,
                    "y": 664.234836786046
                },
                {
                    "x": 1213.6320074742137,
                    "y": 664.234836786046
                }
            ]
        },
        {
            "id": "Pm45pnMyU",
            "type": "RECTANGLE",
            "tags": [
                "leaf"
            ],
            "boundingBox": {
                "height": 533.1880133773673,
                "width": 448.9325397965176,
                "left": 1680.1733425564237,
                "top": 182.38791785472444
            },
            "points": [
                {
                    "x": 1680.1733425564237,
                    "y": 182.38791785472444
                },
                {
                    "x": 2129.105882352941,
                    "y": 182.38791785472444
                },
                {
                    "x": 2129.105882352941,
                    "y": 715.5759312320916
                },
                {
                    "x": 1680.1733425564237,
                    "y": 715.5759312320916
                }
            ]
        },
        {
            "id": "JTfX5ac7Q",
            "type": "RECTANGLE",
            "tags": [
                "leaf"
            ],
            "boundingBox": {
                "height": 508.6261228545005,
                "width": 416.82847413705065,
                "left": 223.63251011667688,
                "top": 760.3428380578158
            },
            "points": [
                {
                    "x": 223.63251011667688,
                    "y": 760.3428380578158
                },
                {
                    "x": 640.4609842537275,
                    "y": 760.3428380578158
                },
                {
                    "x": 640.4609842537275,
                    "y": 1268.9689609123163
                },
                {
                    "x": 223.63251011667688,
                    "y": 1268.9689609123163
                }
            ]
        },
        {
            "id": "vzaPiBROd",
            "type": "RECTANGLE",
            "tags": [
                "leaf"
            ],
            "boundingBox": {
                "height": 450.23129316182394,
                "width": 339.09459332235497,
                "left": 734.198122510723,
                "top": 792.3595544328662
            },
            "points": [
                {
                    "x": 734.198122510723,
                    "y": 792.3595544328662
                },
                {
                    "x": 1073.292715833078,
                    "y": 792.3595544328662
                },
                {
                    "x": 1073.292715833078,
                    "y": 1242.59084759469
                },
                {
                    "x": 734.198122510723,
                    "y": 1242.59084759469
                }
            ]
        },
        {
            "id": "YhP84KtNO",
            "type": "RECTANGLE",
            "tags": [
                "leaf"
            ],
            "boundingBox": {
                "height": 367.50580542272,
                "width": 257.27432111353653,
                "left": 1197.9412998972375,
                "top": 851.7083721871362
            },
            "points": [
                {
                    "x": 1197.9412998972375,
                    "y": 851.7083721871362
                },
                {
                    "x": 1455.2156210107742,
                    "y": 851.7083721871362
                },
                {
                    "x": 1455.2156210107742,
                    "y": 1219.2141776098563
                },
                {
                    "x": 1197.9412998972375,
                    "y": 1219.2141776098563
                }
            ]
        },
        {
            "id": "MgTwf6Is5",
            "type": "RECTANGLE",
            "tags": [
                "leaf"
            ],
            "boundingBox": {
                "height": 213.57515596318723,
                "width": 171.79431008731618,
                "left": 1589.0035153058618,
                "top": 943.757477418741
            },
            "points": [
                {
                    "x": 1589.0035153058618,
                    "y": 943.757477418741
                },
                {
                    "x": 1760.797825393178,
                    "y": 943.757477418741
                },
                {
                    "x": 1760.797825393178,
                    "y": 1157.3326333819282
                },
                {
                    "x": 1589.0035153058618,
                    "y": 1157.3326333819282
                }
            ]
        },
        {
            "id": "0eMcphYLe",
            "type": "RECTANGLE",
            "tags": [
                "leaf"
            ],
            "boundingBox": {
                "height": 146.22169682631178,
                "width": 116.35588777828839,
                "left": 1819.2916647518382,
                "top": 982.1924359777936
            },
            "points": [
                {
                    "x": 1819.2916647518382,
                    "y": 982.1924359777936
                },
                {
                    "x": 1935.6475525301266,
                    "y": 982.1924359777936
                },
                {
                    "x": 1935.6475525301266,
                    "y": 1128.4141328041053
                },
                {
                    "x": 1819.2916647518382,
                    "y": 1128.4141328041053
                }
            ]
        },
        {
            "id": "zgtNyQbID",
            "type": "RECTANGLE",
            "tags": [
                "leaf"
            ],
            "boundingBox": {
                "height": 92.64629436154078,
                "width": 65.27414646522672,
                "left": 2019.1629895578023,
                "top": 1004.102549643093
            },
            "points": [
                {
                    "x": 2019.1629895578023,
                    "y": 1004.102549643093
                },
                {
                    "x": 2084.437136023029,
                    "y": 1004.102549643093
                },
                {
                    "x": 2084.437136023029,
                    "y": 1096.7488440046336
                },
                {
                    "x": 2019.1629895578023,
                    "y": 1096.7488440046336
                }
            ]
        },
        {
            "id": "iOG1EEMMU",
            "type": "RECTANGLE",
            "tags": [
                "leaf"
            ],
            "boundingBox": {
                "height": 215.52944902567603,
                "width": 162.53438202103757,
                "left": 349.49889410679634,
                "top": 1375.9667262211228
            },
            "points": [
                {
                    "x": 349.49889410679634,
                    "y": 1375.9667262211228
                },
                {
                    "x": 512.0332761278339,
                    "y": 1375.9667262211228
                },
                {
                    "x": 512.0332761278339,
                    "y": 1591.4961752467989
                },
                {
                    "x": 349.49889410679634,
                    "y": 1591.4961752467989
                }
            ]
        }
    ],
    "version": "2.2.0"
}