{
    "asset": {
        "format": "jpg",
        "id": "836fa115badcb556e00c6a61b5137333",
        "name": "2_2_7.jpg",
        "path": "file:/Users/kaitomasuda/Desktop/Univ/LeafDetection/dataset/imgs/2_2_7.jpg",
        "size": {
            "width": 2213,
            "height": 2017
        },
        "state": 2,
        "type": 1
    },
    "regions": [
        {
            "id": "q4z5ineSh",
            "type": "RECTANGLE",
            "tags": [
                "leaf"
            ],
            "boundingBox": {
                "height": 321.23340572055366,
                "width": 182.57221580848062,
                "left": 445.7166389844096,
                "top": 238.14370968988123
            },
            "points": [
                {
                    "x": 445.7166389844096,
                    "y": 238.14370968988123
                },
                {
                    "x": 628.2888547928902,
                    "y": 238.14370968988123
                },
                {
                    "x": 628.2888547928902,
                    "y": 559.377115410435
                },
                {
                    "x": 445.7166389844096,
                    "y": 559.377115410435
                }
            ]
        },
        {
            "id": "Ku75XCAuN",
            "type": "RECTANGLE",
            "tags": [
                "leaf"
            ],
            "boundingBox": {
                "height": 369.92465993680844,
                "width": 311.12593028111377,
                "left": 747.6436250655081,
                "top": 191.16718419887675
            },
            "points": [
                {
                    "x": 747.6436250655081,
                    "y": 191.16718419887675
                },
                {
                    "x": 1058.769555346622,
                    "y": 191.16718419887675
                },
                {
                    "x": 1058.769555346622,
                    "y": 561.0918441356852
                },
                {
                    "x": 747.6436250655081,
                    "y": 561.0918441356852
                }
            ]
        },
        {
            "id": "r6IqICoca",
            "type": "RECTANGLE",
            "tags": [
                "leaf"
            ],
            "boundingBox": {
                "height": 460.6898387706079,
                "width": 390.0589273511377,
                "left": 1128.8093535871933,
                "top": 231.0781778813027
            },
            "points": [
                {
                    "x": 1128.8093535871933,
                    "y": 231.0781778813027
                },
                {
                    "x": 1518.868280938331,
                    "y": 231.0781778813027
                },
                {
                    "x": 1518.868280938331,
                    "y": 691.7680166519106
                },
                {
                    "x": 1128.8093535871933,
                    "y": 691.7680166519106
                }
            ]
        },
        {
            "id": "RzU63wA21",
            "type": "RECTANGLE",
            "tags": [
                "leaf"
            ],
            "boundingBox": {
                "height": 514.0082977928231,
                "width": 444.4554193735686,
                "left": 1656.6123978995824,
                "top": 187.10194864038056
            },
            "points": [
                {
                    "x": 1656.6123978995824,
                    "y": 187.10194864038056
                },
                {
                    "x": 2101.067817273151,
                    "y": 187.10194864038056
                },
                {
                    "x": 2101.067817273151,
                    "y": 701.1102464332037
                },
                {
                    "x": 1656.6123978995824,
                    "y": 701.1102464332037
                }
            ]
        },
        {
            "id": "Yv2DOL8zp",
            "type": "RECTANGLE",
            "tags": [
                "leaf"
            ],
            "boundingBox": {
                "height": 476.0491872112111,
                "width": 433.8106109041976,
                "left": 298.1513899855016,
                "top": 914.6903354036206
            },
            "points": [
                {
                    "x": 298.1513899855016,
                    "y": 914.6903354036206
                },
                {
                    "x": 731.9620008896992,
                    "y": 914.6903354036206
                },
                {
                    "x": 731.9620008896992,
                    "y": 1390.7395226148317
                },
                {
                    "x": 298.1513899855016,
                    "y": 1390.7395226148317
                }
            ]
        },
        {
            "id": "woxwdPdfc",
            "type": "RECTANGLE",
            "tags": [
                "leaf"
            ],
            "boundingBox": {
                "height": 466.6178598762641,
                "width": 354.8650008397745,
                "left": 798.5357003719248,
                "top": 908.5830813159275
            },
            "points": [
                {
                    "x": 798.5357003719248,
                    "y": 908.5830813159275
                },
                {
                    "x": 1153.4007012116992,
                    "y": 908.5830813159275
                },
                {
                    "x": 1153.4007012116992,
                    "y": 1375.2009411921915
                },
                {
                    "x": 798.5357003719248,
                    "y": 1375.2009411921915
                }
            ]
        },
        {
            "id": "SI8-BYAH-",
            "type": "RECTANGLE",
            "tags": [
                "leaf"
            ],
            "boundingBox": {
                "height": 333.2318762792842,
                "width": 261.71197019175713,
                "left": 1245.3283555051114,
                "top": 970.6705838412472
            },
            "points": [
                {
                    "x": 1245.3283555051114,
                    "y": 970.6705838412472
                },
                {
                    "x": 1507.0403256968684,
                    "y": 970.6705838412472
                },
                {
                    "x": 1507.0403256968684,
                    "y": 1303.9024601205315
                },
                {
                    "x": 1245.3283555051114,
                    "y": 1303.9024601205315
                }
            ]
        },
        {
            "id": "36e_Kbb4R",
            "type": "RECTANGLE",
            "tags": [
                "leaf"
            ],
            "boundingBox": {
                "height": 212.87257775134768,
                "width": 146.87384935022808,
                "left": 1620.7638729447167,
                "top": 1035.5891691175725
            },
            "points": [
                {
                    "x": 1620.7638729447167,
                    "y": 1035.5891691175725
                },
                {
                    "x": 1767.6377222949448,
                    "y": 1035.5891691175725
                },
                {
                    "x": 1767.6377222949448,
                    "y": 1248.4617468689203
                },
                {
                    "x": 1620.7638729447167,
                    "y": 1248.4617468689203
                }
            ]
        },
        {
            "id": "FoE70OWS_",
            "type": "RECTANGLE",
            "tags": [
                "leaf"
            ],
            "boundingBox": {
                "height": 142.43249891704173,
                "width": 98.29961133735962,
                "left": 1896.4834515366429,
                "top": 1089.742598359223
            },
            "points": [
                {
                    "x": 1896.4834515366429,
                    "y": 1089.742598359223
                },
                {
                    "x": 1994.7830628740026,
                    "y": 1089.742598359223
                },
                {
                    "x": 1994.7830628740026,
                    "y": 1232.1750972762645
                },
                {
                    "x": 1896.4834515366429,
                    "y": 1232.1750972762645
                }
            ]
        },
        {
            "id": "Sbo7y0816",
            "type": "RECTANGLE",
            "tags": [
                "leaf"
            ],
            "boundingBox": {
                "height": 84.23263561679232,
                "width": 57.48252453815289,
                "left": 604.9786042197658,
                "top": 1517.9400123368596
            },
            "points": [
                {
                    "x": 604.9786042197658,
                    "y": 1517.9400123368596
                },
                {
                    "x": 662.4611287579187,
                    "y": 1517.9400123368596
                },
                {
                    "x": 662.4611287579187,
                    "y": 1602.172647953652
                },
                {
                    "x": 604.9786042197658,
                    "y": 1602.172647953652
                }
            ]
        }
    ],
    "version": "2.2.0"
}