{
    "asset": {
        "format": "jpg",
        "id": "83de7dbd185e64dcd7af61c11bf48810",
        "name": "3_3_5.jpg",
        "path": "file:/Users/kaitomasuda/Desktop/Univ/LeafDetection/dataset/imgs/3_3_5.jpg",
        "size": {
            "width": 2215,
            "height": 2017
        },
        "state": 2,
        "type": 1
    },
    "regions": [
        {
            "id": "nUC2YbuIn",
            "type": "RECTANGLE",
            "tags": [
                "leaf"
            ],
            "boundingBox": {
                "height": 309.57355343178625,
                "width": 200.30025043554008,
                "left": 372.43492684713226,
                "top": 441.01702250668467
            },
            "points": [
                {
                    "x": 372.43492684713226,
                    "y": 441.01702250668467
                },
                {
                    "x": 572.7351772826723,
                    "y": 441.01702250668467
                },
                {
                    "x": 572.7351772826723,
                    "y": 750.5905759384709
                },
                {
                    "x": 372.43492684713226,
                    "y": 750.5905759384709
                }
            ]
        },
        {
            "id": "ZA4D1ZWZL",
            "type": "RECTANGLE",
            "tags": [
                "leaf"
            ],
            "boundingBox": {
                "height": 344.05906849381574,
                "width": 279.3390902741861,
                "left": 758.8159169054197,
                "top": 384.1821255218914
            },
            "points": [
                {
                    "x": 758.8159169054197,
                    "y": 384.1821255218914
                },
                {
                    "x": 1038.1550071796057,
                    "y": 384.1821255218914
                },
                {
                    "x": 1038.1550071796057,
                    "y": 728.2411940157072
                },
                {
                    "x": 758.8159169054197,
                    "y": 728.2411940157072
                }
            ]
        },
        {
            "id": "7u4wXJVT0",
            "type": "RECTANGLE",
            "tags": [
                "leaf"
            ],
            "boundingBox": {
                "height": 410.1139947077968,
                "width": 341.4694001201138,
                "left": 1155.4458926529835,
                "top": 307.58370119754943
            },
            "points": [
                {
                    "x": 1155.4458926529835,
                    "y": 307.58370119754943
                },
                {
                    "x": 1496.9152927730972,
                    "y": 307.58370119754943
                },
                {
                    "x": 1496.9152927730972,
                    "y": 717.6976959053462
                },
                {
                    "x": 1155.4458926529835,
                    "y": 717.6976959053462
                }
            ]
        },
        {
            "id": "h7dJ_Kv_e",
            "type": "RECTANGLE",
            "tags": [
                "leaf"
            ],
            "boundingBox": {
                "height": 471.230010461169,
                "width": 452.08025038450023,
                "left": 1618.6873273151677,
                "top": 300.60032849284477
            },
            "points": [
                {
                    "x": 1618.6873273151677,
                    "y": 300.60032849284477
                },
                {
                    "x": 2070.767577699668,
                    "y": 300.60032849284477
                },
                {
                    "x": 2070.767577699668,
                    "y": 771.8303389540138
                },
                {
                    "x": 1618.6873273151677,
                    "y": 771.8303389540138
                }
            ]
        },
        {
            "id": "pS1tXueir",
            "type": "RECTANGLE",
            "tags": [
                "leaf"
            ],
            "boundingBox": {
                "height": 441.7912135516252,
                "width": 394.9551386284911,
                "left": 367.4497486074627,
                "top": 1050.4296597249192
            },
            "points": [
                {
                    "x": 367.4497486074627,
                    "y": 1050.4296597249192
                },
                {
                    "x": 762.4048872359538,
                    "y": 1050.4296597249192
                },
                {
                    "x": 762.4048872359538,
                    "y": 1492.2208732765446
                },
                {
                    "x": 367.4497486074627,
                    "y": 1492.2208732765446
                }
            ]
        },
        {
            "id": "alJwgQRKe",
            "type": "RECTANGLE",
            "tags": [
                "leaf"
            ],
            "boundingBox": {
                "height": 464.39552064972213,
                "width": 409.7903187183553,
                "left": 884.2956277136187,
                "top": 996.555943447135
            },
            "points": [
                {
                    "x": 884.2956277136187,
                    "y": 996.555943447135
                },
                {
                    "x": 1294.085946431974,
                    "y": 996.555943447135
                },
                {
                    "x": 1294.085946431974,
                    "y": 1460.951464096857
                },
                {
                    "x": 884.2956277136187,
                    "y": 1460.951464096857
                }
            ]
        },
        {
            "id": "q7dG4r_rf",
            "type": "RECTANGLE",
            "tags": [
                "leaf"
            ],
            "boundingBox": {
                "height": 360.2511718049788,
                "width": 301.6751194332537,
                "left": 1450.258678476154,
                "top": 1097.6661413130748
            },
            "points": [
                {
                    "x": 1450.258678476154,
                    "y": 1097.6661413130748
                },
                {
                    "x": 1751.9337979094075,
                    "y": 1097.6661413130748
                },
                {
                    "x": 1751.9337979094075,
                    "y": 1457.9173131180537
                },
                {
                    "x": 1450.258678476154,
                    "y": 1457.9173131180537
                }
            ]
        },
        {
            "id": "tPdl5jD1W",
            "type": "RECTANGLE",
            "tags": [
                "leaf"
            ],
            "boundingBox": {
                "height": 256.14754507965614,
                "width": 236.9916898614438,
                "left": 1776.6566642734647,
                "top": 1065.688685109009
            },
            "points": [
                {
                    "x": 1776.6566642734647,
                    "y": 1065.688685109009
                },
                {
                    "x": 2013.6483541349085,
                    "y": 1065.688685109009
                },
                {
                    "x": 2013.6483541349085,
                    "y": 1321.8362301886652
                },
                {
                    "x": 1776.6566642734647,
                    "y": 1321.8362301886652
                }
            ]
        },
        {
            "id": "7Didw8mwB",
            "type": "RECTANGLE",
            "tags": [
                "leaf"
            ],
            "boundingBox": {
                "height": 183.5917915067071,
                "width": 146.71865217361716,
                "left": 757.2586080836917,
                "top": 1520.1331791777457
            },
            "points": [
                {
                    "x": 757.2586080836917,
                    "y": 1520.1331791777457
                },
                {
                    "x": 903.9772602573089,
                    "y": 1520.1331791777457
                },
                {
                    "x": 903.9772602573089,
                    "y": 1703.7249706844527
                },
                {
                    "x": 757.2586080836917,
                    "y": 1703.7249706844527
                }
            ]
        },
        {
            "id": "8Sts3OHQG",
            "type": "RECTANGLE",
            "tags": [
                "leaf"
            ],
            "boundingBox": {
                "height": 85.94862310289197,
                "width": 63.43654619276731,
                "left": 1127.9786581112533,
                "top": 1580.7050956303028
            },
            "points": [
                {
                    "x": 1127.9786581112533,
                    "y": 1580.7050956303028
                },
                {
                    "x": 1191.4152043040206,
                    "y": 1580.7050956303028
                },
                {
                    "x": 1191.4152043040206,
                    "y": 1666.6537187331949
                },
                {
                    "x": 1127.9786581112533,
                    "y": 1666.6537187331949
                }
            ]
        }
    ],
    "version": "2.2.0"
}