{
    "asset": {
        "format": "jpg",
        "id": "843d61c26f0ca6e1f7b863fc11aa16d9",
        "name": "3_1_10.jpg",
        "path": "file:/Users/kaitomasuda/Desktop/Univ/LeafDetection/dataset/imgs/3_1_10.jpg",
        "size": {
            "width": 2213,
            "height": 2013
        },
        "state": 2,
        "type": 1
    },
    "regions": [
        {
            "id": "QfobOy6-x",
            "type": "RECTANGLE",
            "tags": [
                "leaf"
            ],
            "boundingBox": {
                "height": 300.28717304098194,
                "width": 199.33179317035743,
                "left": 418.0754253108327,
                "top": 329.8314375603336
            },
            "points": [
                {
                    "x": 418.0754253108327,
                    "y": 329.8314375603336
                },
                {
                    "x": 617.4072184811902,
                    "y": 329.8314375603336
                },
                {
                    "x": 617.4072184811902,
                    "y": 630.1186106013155
                },
                {
                    "x": 418.0754253108327,
                    "y": 630.1186106013155
                }
            ]
        },
        {
            "id": "Bqd_pQV0h",
            "type": "RECTANGLE",
            "tags": [
                "leaf"
            ],
            "boundingBox": {
                "height": 395.24592081705725,
                "width": 331.75224128749727,
                "left": 741.4681017938807,
                "top": 256.20249921426006
            },
            "points": [
                {
                    "x": 741.4681017938807,
                    "y": 256.20249921426006
                },
                {
                    "x": 1073.220343081378,
                    "y": 256.20249921426006
                },
                {
                    "x": 1073.220343081378,
                    "y": 651.4484200313174
                },
                {
                    "x": 741.4681017938807,
                    "y": 651.4484200313174
                }
            ]
        },
        {
            "id": "T5kVkLARz",
            "type": "RECTANGLE",
            "tags": [
                "leaf"
            ],
            "boundingBox": {
                "height": 509.0344827586207,
                "width": 404.32385296439463,
                "left": 1206.5738151098383,
                "top": 142.683908045977
            },
            "points": [
                {
                    "x": 1206.5738151098383,
                    "y": 142.683908045977
                },
                {
                    "x": 1610.8976680742328,
                    "y": 142.683908045977
                },
                {
                    "x": 1610.8976680742328,
                    "y": 651.7183908045977
                },
                {
                    "x": 1206.5738151098383,
                    "y": 651.7183908045977
                }
            ]
        },
        {
            "id": "YwL26zlZn",
            "type": "RECTANGLE",
            "tags": [
                "leaf"
            ],
            "boundingBox": {
                "height": 488.7814965960623,
                "width": 476.78580785877614,
                "left": 1667.5262189592636,
                "top": 184.66024429496676
            },
            "points": [
                {
                    "x": 1667.5262189592636,
                    "y": 184.66024429496676
                },
                {
                    "x": 2144.3120268180396,
                    "y": 184.66024429496676
                },
                {
                    "x": 2144.3120268180396,
                    "y": 673.4417408910291
                },
                {
                    "x": 1667.5262189592636,
                    "y": 673.4417408910291
                }
            ]
        },
        {
            "id": "y-ZXb2jR8",
            "type": "RECTANGLE",
            "tags": [
                "leaf"
            ],
            "boundingBox": {
                "height": 441.986876389076,
                "width": 399.75121219648304,
                "left": 350.19858287851156,
                "top": 938.6015267207705
            },
            "points": [
                {
                    "x": 350.19858287851156,
                    "y": 938.6015267207705
                },
                {
                    "x": 749.9497950749945,
                    "y": 938.6015267207705
                },
                {
                    "x": 749.9497950749945,
                    "y": 1380.5884031098465
                },
                {
                    "x": 350.19858287851156,
                    "y": 1380.5884031098465
                }
            ]
        },
        {
            "id": "xNAbR2BQr",
            "type": "RECTANGLE",
            "tags": [
                "leaf"
            ],
            "boundingBox": {
                "height": 351.5857389603538,
                "width": 288.57758929422096,
                "left": 859.2832548028501,
                "top": 1044.1118479761583
            },
            "points": [
                {
                    "x": 859.2832548028501,
                    "y": 1044.1118479761583
                },
                {
                    "x": 1147.860844097071,
                    "y": 1044.1118479761583
                },
                {
                    "x": 1147.860844097071,
                    "y": 1395.6975869365122
                },
                {
                    "x": 859.2832548028501,
                    "y": 1395.6975869365122
                }
            ]
        },
        {
            "id": "L44NR5jIk",
            "type": "RECTANGLE",
            "tags": [
                "leaf"
            ],
            "boundingBox": {
                "height": 274.5934637661638,
                "width": 218.91258829894383,
                "left": 1239.5136771916514,
                "top": 1093.7775261539152
            },
            "points": [
                {
                    "x": 1239.5136771916514,
                    "y": 1093.7775261539152
                },
                {
                    "x": 1458.4262654905951,
                    "y": 1093.7775261539152
                },
                {
                    "x": 1458.4262654905951,
                    "y": 1368.370989920079
                },
                {
                    "x": 1239.5136771916514,
                    "y": 1368.370989920079
                }
            ]
        },
        {
            "id": "YfqdD3awh",
            "type": "RECTANGLE",
            "tags": [
                "leaf"
            ],
            "boundingBox": {
                "height": 121.4546021209366,
                "width": 111.18350613158755,
                "left": 1636.1897931780134,
                "top": 1185.4774418973375
            },
            "points": [
                {
                    "x": 1636.1897931780134,
                    "y": 1185.4774418973375
                },
                {
                    "x": 1747.373299309601,
                    "y": 1185.4774418973375
                },
                {
                    "x": 1747.373299309601,
                    "y": 1306.932044018274
                },
                {
                    "x": 1636.1897931780134,
                    "y": 1306.932044018274
                }
            ]
        },
        {
            "id": "lsLsOGjFD",
            "type": "RECTANGLE",
            "tags": [
                "leaf"
            ],
            "boundingBox": {
                "height": 84.88874378423581,
                "width": 65.80489399873422,
                "left": 1896.9249135725174,
                "top": 1231.601489538434
            },
            "points": [
                {
                    "x": 1896.9249135725174,
                    "y": 1231.601489538434
                },
                {
                    "x": 1962.7298075712517,
                    "y": 1231.601489538434
                },
                {
                    "x": 1962.7298075712517,
                    "y": 1316.4902333226696
                },
                {
                    "x": 1896.9249135725174,
                    "y": 1316.4902333226696
                }
            ]
        },
        {
            "id": "Syu4T4I8r",
            "type": "RECTANGLE",
            "tags": [
                "mark"
            ],
            "boundingBox": {
                "height": 61.68891012257543,
                "width": 57.19377747645362,
                "left": 2085.7684825937095,
                "top": 42.221357674434266
            },
            "points": [
                {
                    "x": 2085.7684825937095,
                    "y": 42.221357674434266
                },
                {
                    "x": 2142.9622600701628,
                    "y": 42.221357674434266
                },
                {
                    "x": 2142.9622600701628,
                    "y": 103.9102677970097
                },
                {
                    "x": 2085.7684825937095,
                    "y": 103.9102677970097
                }
            ]
        },
        {
            "id": "p_sg7r2C1",
            "type": "RECTANGLE",
            "tags": [
                "tag"
            ],
            "boundingBox": {
                "height": 132.36076232208603,
                "width": 321.4049708137114,
                "left": 1834.9500062523819,
                "top": 1817.3295614308324
            },
            "points": [
                {
                    "x": 1834.9500062523819,
                    "y": 1817.3295614308324
                },
                {
                    "x": 2156.3549770660934,
                    "y": 1817.3295614308324
                },
                {
                    "x": 2156.3549770660934,
                    "y": 1949.6903237529184
                },
                {
                    "x": 1834.9500062523819,
                    "y": 1949.6903237529184
                }
            ]
        },
        {
            "id": "AZQcmW2x7",
            "type": "RECTANGLE",
            "tags": [
                "scale"
            ],
            "boundingBox": {
                "height": 1429.311537293182,
                "width": 743.8308995476168,
                "left": 173.00522339717853,
                "top": 383.96351974311915
            },
            "points": [
                {
                    "x": 173.00522339717853,
                    "y": 383.96351974311915
                },
                {
                    "x": 916.8361229447953,
                    "y": 383.96351974311915
                },
                {
                    "x": 916.8361229447953,
                    "y": 1813.2750570363012
                },
                {
                    "x": 173.00522339717853,
                    "y": 1813.2750570363012
                }
            ]
        }
    ],
    "version": "2.2.0"
}