{
    "asset": {
        "format": "jpg",
        "id": "8c44e48873fe5431481113ce5c53a62c",
        "name": "2_3_9.jpg",
        "path": "file:/Users/kaitomasuda/Desktop/Univ/LeafDetection/dataset/imgs/2_3_9.jpg",
        "size": {
            "width": 2213,
            "height": 2011
        },
        "state": 2,
        "type": 1
    },
    "regions": [
        {
            "id": "XePne6jpu",
            "type": "RECTANGLE",
            "tags": [
                "leaf"
            ],
            "boundingBox": {
                "height": 318.2016303529975,
                "width": 159.22029445639174,
                "left": 536.1096590732006,
                "top": 332.166810590052
            },
            "points": [
                {
                    "x": 536.1096590732006,
                    "y": 332.166810590052
                },
                {
                    "x": 695.3299535295923,
                    "y": 332.166810590052
                },
                {
                    "x": 695.3299535295923,
                    "y": 650.3684409430494
                },
                {
                    "x": 536.1096590732006,
                    "y": 650.3684409430494
                }
            ]
        },
        {
            "id": "98XF635fP",
            "type": "RECTANGLE",
            "tags": [
                "leaf"
            ],
            "boundingBox": {
                "height": 328.138680208799,
                "width": 235.3386778775118,
                "left": 796.9668993217161,
                "top": 351.39368326611265
            },
            "points": [
                {
                    "x": 796.9668993217161,
                    "y": 351.39368326611265
                },
                {
                    "x": 1032.3055771992279,
                    "y": 351.39368326611265
                },
                {
                    "x": 1032.3055771992279,
                    "y": 679.5323634749116
                },
                {
                    "x": 796.9668993217161,
                    "y": 679.5323634749116
                }
            ]
        },
        {
            "id": "f4fqjrL8_",
            "type": "RECTANGLE",
            "tags": [
                "leaf"
            ],
            "boundingBox": {
                "height": 420.98631137803255,
                "width": 318.6149356201749,
                "left": 1110.5447797482177,
                "top": 260.7583555065299
            },
            "points": [
                {
                    "x": 1110.5447797482177,
                    "y": 260.7583555065299
                },
                {
                    "x": 1429.1597153683924,
                    "y": 260.7583555065299
                },
                {
                    "x": 1429.1597153683924,
                    "y": 681.7446668845624
                },
                {
                    "x": 1110.5447797482177,
                    "y": 681.7446668845624
                }
            ]
        },
        {
            "id": "pi-sGMB7M",
            "type": "RECTANGLE",
            "tags": [
                "leaf"
            ],
            "boundingBox": {
                "height": 488.9554450899479,
                "width": 430.3381258195737,
                "left": 1596.2862019279605,
                "top": 213.98913935350038
            },
            "points": [
                {
                    "x": 1596.2862019279605,
                    "y": 213.98913935350038
                },
                {
                    "x": 2026.6243277475342,
                    "y": 213.98913935350038
                },
                {
                    "x": 2026.6243277475342,
                    "y": 702.9445844434482
                },
                {
                    "x": 1596.2862019279605,
                    "y": 702.9445844434482
                }
            ]
        },
        {
            "id": "ukd4D9r79",
            "type": "RECTANGLE",
            "tags": [
                "leaf"
            ],
            "boundingBox": {
                "height": 496.2011158401231,
                "width": 385.6315268297849,
                "left": 350.11652776479156,
                "top": 896.1628435430042
            },
            "points": [
                {
                    "x": 350.11652776479156,
                    "y": 896.1628435430042
                },
                {
                    "x": 735.7480545945765,
                    "y": 896.1628435430042
                },
                {
                    "x": 735.7480545945765,
                    "y": 1392.3639593831274
                },
                {
                    "x": 350.11652776479156,
                    "y": 1392.3639593831274
                }
            ]
        },
        {
            "id": "rq93w1iTK",
            "type": "RECTANGLE",
            "tags": [
                "leaf"
            ],
            "boundingBox": {
                "height": 424.7544336604204,
                "width": 357.0518386155437,
                "left": 879.5952642634686,
                "top": 883.3404060830065
            },
            "points": [
                {
                    "x": 879.5952642634686,
                    "y": 883.3404060830065
                },
                {
                    "x": 1236.6471028790124,
                    "y": 883.3404060830065
                },
                {
                    "x": 1236.6471028790124,
                    "y": 1308.094839743427
                },
                {
                    "x": 879.5952642634686,
                    "y": 1308.094839743427
                }
            ]
        },
        {
            "id": "Z8UfnnTwv",
            "type": "RECTANGLE",
            "tags": [
                "leaf"
            ],
            "boundingBox": {
                "height": 318.0218273306699,
                "width": 275.07727382650893,
                "left": 1410.8755035761117,
                "top": 1014.6527958387516
            },
            "points": [
                {
                    "x": 1410.8755035761117,
                    "y": 1014.6527958387516
                },
                {
                    "x": 1685.9527774026208,
                    "y": 1014.6527958387516
                },
                {
                    "x": 1685.9527774026208,
                    "y": 1332.6746231694215
                },
                {
                    "x": 1410.8755035761117,
                    "y": 1332.6746231694215
                }
            ]
        },
        {
            "id": "wC4-XLoVD",
            "type": "RECTANGLE",
            "tags": [
                "leaf"
            ],
            "boundingBox": {
                "height": 195.23607517435894,
                "width": 145.16215424954748,
                "left": 1784.3880981733894,
                "top": 1064.9950882969968
            },
            "points": [
                {
                    "x": 1784.3880981733894,
                    "y": 1064.9950882969968
                },
                {
                    "x": 1929.5502524229369,
                    "y": 1064.9950882969968
                },
                {
                    "x": 1929.5502524229369,
                    "y": 1260.2311634713558
                },
                {
                    "x": 1784.3880981733894,
                    "y": 1260.2311634713558
                }
            ]
        },
        {
            "id": "cxEXLWbRy",
            "type": "RECTANGLE",
            "tags": [
                "leaf"
            ],
            "boundingBox": {
                "height": 86.07034210482871,
                "width": 71.0127550490359,
                "left": 2011.1229576309238,
                "top": 1138.088169211994
            },
            "points": [
                {
                    "x": 2011.1229576309238,
                    "y": 1138.088169211994
                },
                {
                    "x": 2082.13571267996,
                    "y": 1138.088169211994
                },
                {
                    "x": 2082.13571267996,
                    "y": 1224.1585113168228
                },
                {
                    "x": 2011.1229576309238,
                    "y": 1224.1585113168228
                }
            ]
        }
    ],
    "version": "2.2.0"
}