{
    "asset": {
        "format": "jpg",
        "id": "8f18e0eef849d92db4410138be609eaf",
        "name": "3_1_6.jpg",
        "path": "file:/Users/kaitomasuda/Desktop/Univ/LeafDetection/dataset/imgs/3_1_6.jpg",
        "size": {
            "width": 2215,
            "height": 2013
        },
        "state": 2,
        "type": 1
    },
    "regions": [
        {
            "id": "vyorrqy3n",
            "type": "RECTANGLE",
            "tags": [
                "leaf"
            ],
            "boundingBox": {
                "height": 330.72172914702315,
                "width": 214.66272653187607,
                "left": 403.2464184910578,
                "top": 231.77638156934717
            },
            "points": [
                {
                    "x": 403.2464184910578,
                    "y": 231.77638156934717
                },
                {
                    "x": 617.9091450229339,
                    "y": 231.77638156934717
                },
                {
                    "x": 617.9091450229339,
                    "y": 562.4981107163703
                },
                {
                    "x": 403.2464184910578,
                    "y": 562.4981107163703
                }
            ]
        },
        {
            "id": "OT45PIAUr",
            "type": "RECTANGLE",
            "tags": [
                "leaf"
            ],
            "boundingBox": {
                "height": 380.91663948146777,
                "width": 314.3384990625681,
                "left": 749.0292719930721,
                "top": 211.14680147719108
            },
            "points": [
                {
                    "x": 749.0292719930721,
                    "y": 211.14680147719108
                },
                {
                    "x": 1063.3677710556403,
                    "y": 211.14680147719108
                },
                {
                    "x": 1063.3677710556403,
                    "y": 592.0634409586588
                },
                {
                    "x": 749.0292719930721,
                    "y": 592.0634409586588
                }
            ]
        },
        {
            "id": "M3Dx480ez",
            "type": "RECTANGLE",
            "tags": [
                "leaf"
            ],
            "boundingBox": {
                "height": 454.34245247676455,
                "width": 438.2820985375381,
                "left": 1114.4315787391795,
                "top": 216.89950912300196
            },
            "points": [
                {
                    "x": 1114.4315787391795,
                    "y": 216.89950912300196
                },
                {
                    "x": 1552.7136772767176,
                    "y": 216.89950912300196
                },
                {
                    "x": 1552.7136772767176,
                    "y": 671.2419615997665
                },
                {
                    "x": 1114.4315787391795,
                    "y": 671.2419615997665
                }
            ]
        },
        {
            "id": "ZZMIh94D5",
            "type": "RECTANGLE",
            "tags": [
                "leaf"
            ],
            "boundingBox": {
                "height": 551.7536505337418,
                "width": 457.7983906709359,
                "left": 1638.7189539467415,
                "top": 183.11879826688218
            },
            "points": [
                {
                    "x": 1638.7189539467415,
                    "y": 183.11879826688218
                },
                {
                    "x": 2096.5173446176773,
                    "y": 183.11879826688218
                },
                {
                    "x": 2096.5173446176773,
                    "y": 734.872448800624
                },
                {
                    "x": 1638.7189539467415,
                    "y": 734.872448800624
                }
            ]
        },
        {
            "id": "8Ms3fQgrO",
            "type": "RECTANGLE",
            "tags": [
                "leaf"
            ],
            "boundingBox": {
                "height": 525.3159328767623,
                "width": 446.70338966289876,
                "left": 296.1333893566597,
                "top": 749.1647768568719
            },
            "points": [
                {
                    "x": 296.1333893566597,
                    "y": 749.1647768568719
                },
                {
                    "x": 742.8367790195584,
                    "y": 749.1647768568719
                },
                {
                    "x": 742.8367790195584,
                    "y": 1274.480709733634
                },
                {
                    "x": 296.1333893566597,
                    "y": 1274.480709733634
                }
            ]
        },
        {
            "id": "fKqWgBPFs",
            "type": "RECTANGLE",
            "tags": [
                "leaf"
            ],
            "boundingBox": {
                "height": 475.1017221034258,
                "width": 345.14881306824367,
                "left": 869.6345025570965,
                "top": 795.0636919394307
            },
            "points": [
                {
                    "x": 869.6345025570965,
                    "y": 795.0636919394307
                },
                {
                    "x": 1214.7833156253403,
                    "y": 795.0636919394307
                },
                {
                    "x": 1214.7833156253403,
                    "y": 1270.1654140428564
                },
                {
                    "x": 869.6345025570965,
                    "y": 1270.1654140428564
                }
            ]
        },
        {
            "id": "_hc53MmBH",
            "type": "RECTANGLE",
            "tags": [
                "leaf"
            ],
            "boundingBox": {
                "height": 356.6695216387168,
                "width": 283.63794094178735,
                "left": 1352.3234552788817,
                "top": 888.701183450633
            },
            "points": [
                {
                    "x": 1352.3234552788817,
                    "y": 888.701183450633
                },
                {
                    "x": 1635.961396220669,
                    "y": 888.701183450633
                },
                {
                    "x": 1635.961396220669,
                    "y": 1245.3707050893497
                },
                {
                    "x": 1352.3234552788817,
                    "y": 1245.3707050893497
                }
            ]
        },
        {
            "id": "5i9XwpmMO",
            "type": "RECTANGLE",
            "tags": [
                "leaf"
            ],
            "boundingBox": {
                "height": 215.93990071614581,
                "width": 151.0716742007159,
                "left": 1779.7712819169208,
                "top": 963.1088474317528
            },
            "points": [
                {
                    "x": 1779.7712819169208,
                    "y": 963.1088474317528
                },
                {
                    "x": 1930.8429561176367,
                    "y": 963.1088474317528
                },
                {
                    "x": 1930.8429561176367,
                    "y": 1179.0487481478988
                },
                {
                    "x": 1779.7712819169208,
                    "y": 1179.0487481478988
                }
            ]
        },
        {
            "id": "imZoioPKB",
            "type": "RECTANGLE",
            "tags": [
                "leaf"
            ],
            "boundingBox": {
                "height": 160.41347950902477,
                "width": 131.99534771749782,
                "left": 2017.3418987420378,
                "top": 1046.5046316563398
            },
            "points": [
                {
                    "x": 2017.3418987420378,
                    "y": 1046.5046316563398
                },
                {
                    "x": 2149.3372464595354,
                    "y": 1046.5046316563398
                },
                {
                    "x": 2149.3372464595354,
                    "y": 1206.9181111653645
                },
                {
                    "x": 2017.3418987420378,
                    "y": 1206.9181111653645
                }
            ]
        }
    ],
    "version": "2.2.0"
}