{
    "asset": {
        "format": "jpg",
        "id": "8f8278c4e3f15486b5398f28ef1247b3",
        "name": "2_1_7.jpg",
        "path": "file:/Users/kaitomasuda/Desktop/Univ/LeafDetection/dataset/imgs/2_1_7.jpg",
        "size": {
            "width": 2213,
            "height": 2014
        },
        "state": 2,
        "type": 1
    },
    "regions": [
        {
            "id": "ew7NFhhgu",
            "type": "RECTANGLE",
            "tags": [
                "leaf"
            ],
            "boundingBox": {
                "height": 313.0856678860246,
                "width": 232.14659153070667,
                "left": 354.616708396969,
                "top": 327.0762377021726
            },
            "points": [
                {
                    "x": 354.616708396969,
                    "y": 327.0762377021726
                },
                {
                    "x": 586.7632999276757,
                    "y": 327.0762377021726
                },
                {
                    "x": 586.7632999276757,
                    "y": 640.1619055881972
                },
                {
                    "x": 354.616708396969,
                    "y": 640.1619055881972
                }
            ]
        },
        {
            "id": "T5_erIIY3",
            "type": "RECTANGLE",
            "tags": [
                "leaf"
            ],
            "boundingBox": {
                "height": 428.9595244662452,
                "width": 376.17124218410913,
                "left": 637.2927406311035,
                "top": 275.66553684846133
            },
            "points": [
                {
                    "x": 637.2927406311035,
                    "y": 275.66553684846133
                },
                {
                    "x": 1013.4639828152127,
                    "y": 275.66553684846133
                },
                {
                    "x": 1013.4639828152127,
                    "y": 704.6250613147065
                },
                {
                    "x": 637.2927406311035,
                    "y": 704.6250613147065
                }
            ]
        },
        {
            "id": "tQY2JVxH-",
            "type": "RECTANGLE",
            "tags": [
                "leaf"
            ],
            "boundingBox": {
                "height": 485.7107163756858,
                "width": 420.0079077826606,
                "left": 1123.4678941514758,
                "top": 234.73242140908278
            },
            "points": [
                {
                    "x": 1123.4678941514758,
                    "y": 234.73242140908278
                },
                {
                    "x": 1543.4758019341364,
                    "y": 234.73242140908278
                },
                {
                    "x": 1543.4758019341364,
                    "y": 720.4431377847686
                },
                {
                    "x": 1123.4678941514758,
                    "y": 720.4431377847686
                }
            ]
        },
        {
            "id": "3lJREBmnv",
            "type": "RECTANGLE",
            "tags": [
                "leaf"
            ],
            "boundingBox": {
                "height": 538.6400728880903,
                "width": 483.2578118218316,
                "left": 1604.7716817220053,
                "top": 241.5548419049678
            },
            "points": [
                {
                    "x": 1604.7716817220053,
                    "y": 241.5548419049678
                },
                {
                    "x": 2088.029493543837,
                    "y": 241.5548419049678
                },
                {
                    "x": 2088.029493543837,
                    "y": 780.1949147930582
                },
                {
                    "x": 1604.7716817220053,
                    "y": 780.1949147930582
                }
            ]
        },
        {
            "id": "cyv8YHPp9",
            "type": "RECTANGLE",
            "tags": [
                "leaf"
            ],
            "boundingBox": {
                "height": 339.77617112953243,
                "width": 274.68467042711046,
                "left": 375.3052882724338,
                "top": 907.1813051645992
            },
            "points": [
                {
                    "x": 375.3052882724338,
                    "y": 907.1813051645992
                },
                {
                    "x": 649.9899586995442,
                    "y": 907.1813051645992
                },
                {
                    "x": 649.9899586995442,
                    "y": 1246.9574762941315
                },
                {
                    "x": 375.3052882724338,
                    "y": 1246.9574762941315
                }
            ]
        },
        {
            "id": "IAxecf4M4",
            "type": "RECTANGLE",
            "tags": [
                "leaf"
            ],
            "boundingBox": {
                "height": 447.14657774481185,
                "width": 381.1349065144857,
                "left": 802.2125,
                "top": 887.3205978277072
            },
            "points": [
                {
                    "x": 802.2125,
                    "y": 887.3205978277072
                },
                {
                    "x": 1183.3474065144856,
                    "y": 887.3205978277072
                },
                {
                    "x": 1183.3474065144856,
                    "y": 1334.467175572519
                },
                {
                    "x": 802.2125,
                    "y": 1334.467175572519
                }
            ]
        },
        {
            "id": "PdtPcbvfc",
            "type": "RECTANGLE",
            "tags": [
                "leaf"
            ],
            "boundingBox": {
                "height": 242.9912085595069,
                "width": 174.05373467339408,
                "left": 1228.5179481596529,
                "top": 1006.1550116997261
            },
            "points": [
                {
                    "x": 1228.5179481596529,
                    "y": 1006.1550116997261
                },
                {
                    "x": 1402.571682833047,
                    "y": 1006.1550116997261
                },
                {
                    "x": 1402.571682833047,
                    "y": 1249.146220259233
                },
                {
                    "x": 1228.5179481596529,
                    "y": 1249.146220259233
                }
            ]
        },
        {
            "id": "YduEnAohv",
            "type": "RECTANGLE",
            "tags": [
                "leaf"
            ],
            "boundingBox": {
                "height": 133.62293447519278,
                "width": 87.22109148462894,
                "left": 1512.4166544740644,
                "top": 1057.9045984045251
            },
            "points": [
                {
                    "x": 1512.4166544740644,
                    "y": 1057.9045984045251
                },
                {
                    "x": 1599.6377459586934,
                    "y": 1057.9045984045251
                },
                {
                    "x": 1599.6377459586934,
                    "y": 1191.527532879718
                },
                {
                    "x": 1512.4166544740644,
                    "y": 1191.527532879718
                }
            ]
        },
        {
            "id": "ggeHliRLd",
            "type": "RECTANGLE",
            "tags": [
                "leaf"
            ],
            "boundingBox": {
                "height": 83.52022086799919,
                "width": 47.01996585494237,
                "left": 1760.347890506681,
                "top": 1066.149181019176
            },
            "points": [
                {
                    "x": 1760.347890506681,
                    "y": 1066.149181019176
                },
                {
                    "x": 1807.3678563616236,
                    "y": 1066.149181019176
                },
                {
                    "x": 1807.3678563616236,
                    "y": 1149.6694018871754
                },
                {
                    "x": 1760.347890506681,
                    "y": 1149.6694018871754
                }
            ]
        },
        {
            "id": "76QuPK-Wa",
            "type": "RECTANGLE",
            "tags": [
                "mark"
            ],
            "boundingBox": {
                "height": 65.22980814351664,
                "width": 62.627189329611774,
                "left": 2085.990020246934,
                "top": 33.255669571517345
            },
            "points": [
                {
                    "x": 2085.990020246934,
                    "y": 33.255669571517345
                },
                {
                    "x": 2148.6172095765455,
                    "y": 33.255669571517345
                },
                {
                    "x": 2148.6172095765455,
                    "y": 98.48547771503398
                },
                {
                    "x": 2085.990020246934,
                    "y": 98.48547771503398
                }
            ]
        },
        {
            "id": "poUAGhjSO",
            "type": "RECTANGLE",
            "tags": [
                "tag"
            ],
            "boundingBox": {
                "height": 154.8491746778609,
                "width": 317.46523723196475,
                "left": 1813.7201754522662,
                "top": 1794.290909090909
            },
            "points": [
                {
                    "x": 1813.7201754522662,
                    "y": 1794.290909090909
                },
                {
                    "x": 2131.185412684231,
                    "y": 1794.290909090909
                },
                {
                    "x": 2131.185412684231,
                    "y": 1949.14008376877
                },
                {
                    "x": 1813.7201754522662,
                    "y": 1949.14008376877
                }
            ]
        },
        {
            "id": "0cd66L-s1",
            "type": "RECTANGLE",
            "tags": [
                "scale"
            ],
            "boundingBox": {
                "height": 1439.4227227545402,
                "width": 745.1122449870369,
                "left": 160.82214474508947,
                "top": 382.84635081105415
            },
            "points": [
                {
                    "x": 160.82214474508947,
                    "y": 382.84635081105415
                },
                {
                    "x": 905.9343897321263,
                    "y": 382.84635081105415
                },
                {
                    "x": 905.9343897321263,
                    "y": 1822.2690735655945
                },
                {
                    "x": 160.82214474508947,
                    "y": 1822.2690735655945
                }
            ]
        }
    ],
    "version": "2.2.0"
}