{
    "asset": {
        "format": "jpg",
        "id": "91a2f2fbff007e847aa635ef55c97f46",
        "name": "3_3_1.jpg",
        "path": "file:/Users/kaitomasuda/Desktop/Univ/LeafDetection/dataset/imgs/3_3_1.jpg",
        "size": {
            "width": 2221,
            "height": 2019
        },
        "state": 2,
        "type": 1
    },
    "regions": [
        {
            "id": "oXa1X26JS",
            "type": "RECTANGLE",
            "tags": [
                "leaf"
            ],
            "boundingBox": {
                "height": 376.6979973453215,
                "width": 234.39983758693788,
                "left": 296.4566126168813,
                "top": 171.62631260663613
            },
            "points": [
                {
                    "x": 296.4566126168813,
                    "y": 171.62631260663613
                },
                {
                    "x": 530.8564502038191,
                    "y": 171.62631260663613
                },
                {
                    "x": 530.8564502038191,
                    "y": 548.3243099519576
                },
                {
                    "x": 296.4566126168813,
                    "y": 548.3243099519576
                }
            ]
        },
        {
            "id": "sxL9OB0bZ",
            "type": "RECTANGLE",
            "tags": [
                "leaf"
            ],
            "boundingBox": {
                "height": 419.07931360705146,
                "width": 354.6955337790247,
                "left": 576.4541327180763,
                "top": 259.8726708423132
            },
            "points": [
                {
                    "x": 576.4541327180763,
                    "y": 259.8726708423132
                },
                {
                    "x": 931.149666497101,
                    "y": 259.8726708423132
                },
                {
                    "x": 931.149666497101,
                    "y": 678.9519844493647
                },
                {
                    "x": 576.4541327180763,
                    "y": 678.9519844493647
                }
            ]
        },
        {
            "id": "KM0962aUc",
            "type": "RECTANGLE",
            "tags": [
                "leaf"
            ],
            "boundingBox": {
                "height": 535.4007428048671,
                "width": 502.0791936468995,
                "left": 979.2797532563426,
                "top": 204.5919848913434
            },
            "points": [
                {
                    "x": 979.2797532563426,
                    "y": 204.5919848913434
                },
                {
                    "x": 1481.358946903242,
                    "y": 204.5919848913434
                },
                {
                    "x": 1481.358946903242,
                    "y": 739.9927276962105
                },
                {
                    "x": 979.2797532563426,
                    "y": 739.9927276962105
                }
            ]
        },
        {
            "id": "ETtYy_28N",
            "type": "RECTANGLE",
            "tags": [
                "leaf"
            ],
            "boundingBox": {
                "height": 595.8670029914242,
                "width": 500.2786667454949,
                "left": 1679.7994944077336,
                "top": 212.86137758452315
            },
            "points": [
                {
                    "x": 1679.7994944077336,
                    "y": 212.86137758452315
                },
                {
                    "x": 2180.0781611532284,
                    "y": 212.86137758452315
                },
                {
                    "x": 2180.0781611532284,
                    "y": 808.7283805759474
                },
                {
                    "x": 1679.7994944077336,
                    "y": 808.7283805759474
                }
            ]
        },
        {
            "id": "32OEjWG2K",
            "type": "RECTANGLE",
            "tags": [
                "leaf"
            ],
            "boundingBox": {
                "height": 535.6951255359869,
                "width": 436.7654581634841,
                "left": 260.6846018934084,
                "top": 919.1379576935166
            },
            "points": [
                {
                    "x": 260.6846018934084,
                    "y": 919.1379576935166
                },
                {
                    "x": 697.4500600568924,
                    "y": 919.1379576935166
                },
                {
                    "x": 697.4500600568924,
                    "y": 1454.8330832295035
                },
                {
                    "x": 260.6846018934084,
                    "y": 1454.8330832295035
                }
            ]
        },
        {
            "id": "FyCL6fxQr",
            "type": "RECTANGLE",
            "tags": [
                "leaf"
            ],
            "boundingBox": {
                "height": 488.5535201149425,
                "width": 365.7861087812364,
                "left": 907.0995015533128,
                "top": 987.8273403123877
            },
            "points": [
                {
                    "x": 907.0995015533128,
                    "y": 987.8273403123877
                },
                {
                    "x": 1272.8856103345493,
                    "y": 987.8273403123877
                },
                {
                    "x": 1272.8856103345493,
                    "y": 1476.3808604273304
                },
                {
                    "x": 907.0995015533128,
                    "y": 1476.3808604273304
                }
            ]
        },
        {
            "id": "9oKWPMup3",
            "type": "RECTANGLE",
            "tags": [
                "leaf"
            ],
            "boundingBox": {
                "height": 279.18177006162443,
                "width": 211.0527377776568,
                "left": 1378.116772163205,
                "top": 1089.9609146995106
            },
            "points": [
                {
                    "x": 1378.116772163205,
                    "y": 1089.9609146995106
                },
                {
                    "x": 1589.1695099408619,
                    "y": 1089.9609146995106
                },
                {
                    "x": 1589.1695099408619,
                    "y": 1369.1426847611351
                },
                {
                    "x": 1378.116772163205,
                    "y": 1369.1426847611351
                }
            ]
        },
        {
            "id": "qiNz98fk3",
            "type": "RECTANGLE",
            "tags": [
                "leaf"
            ],
            "boundingBox": {
                "height": 255.04403861911817,
                "width": 191.82790935662567,
                "left": 1646.1076307130609,
                "top": 1077.1735615346627
            },
            "points": [
                {
                    "x": 1646.1076307130609,
                    "y": 1077.1735615346627
                },
                {
                    "x": 1837.9355400696863,
                    "y": 1077.1735615346627
                },
                {
                    "x": 1837.9355400696863,
                    "y": 1332.2176001537807
                },
                {
                    "x": 1646.1076307130609,
                    "y": 1332.2176001537807
                }
            ]
        },
        {
            "id": "QHzK4ezNy",
            "type": "RECTANGLE",
            "tags": [
                "leaf"
            ],
            "boundingBox": {
                "height": 162.09581923210757,
                "width": 117.41730927258003,
                "left": 1869.6492802955547,
                "top": 1135.8161596539376
            },
            "points": [
                {
                    "x": 1869.6492802955547,
                    "y": 1135.8161596539376
                },
                {
                    "x": 1987.0665895681348,
                    "y": 1135.8161596539376
                },
                {
                    "x": 1987.0665895681348,
                    "y": 1297.9119788860453
                },
                {
                    "x": 1869.6492802955547,
                    "y": 1297.9119788860453
                }
            ]
        },
        {
            "id": "kHiQVRtPq",
            "type": "RECTANGLE",
            "tags": [
                "leaf"
            ],
            "boundingBox": {
                "height": 96.75300405217313,
                "width": 61.70110956384745,
                "left": 2047.0880890424244,
                "top": 1164.1550419248383
            },
            "points": [
                {
                    "x": 2047.0880890424244,
                    "y": 1164.1550419248383
                },
                {
                    "x": 2108.789198606272,
                    "y": 1164.1550419248383
                },
                {
                    "x": 2108.789198606272,
                    "y": 1260.9080459770114
                },
                {
                    "x": 2047.0880890424244,
                    "y": 1260.9080459770114
                }
            ]
        },
        {
            "id": "xSioqEytv",
            "type": "RECTANGLE",
            "tags": [
                "mark"
            ],
            "boundingBox": {
                "height": 64.88648653578484,
                "width": 55.475783078928025,
                "left": 2093.3869473660034,
                "top": 38.27447650076329
            },
            "points": [
                {
                    "x": 2093.3869473660034,
                    "y": 38.27447650076329
                },
                {
                    "x": 2148.8627304449315,
                    "y": 38.27447650076329
                },
                {
                    "x": 2148.8627304449315,
                    "y": 103.16096303654813
                },
                {
                    "x": 2093.3869473660034,
                    "y": 103.16096303654813
                }
            ]
        },
        {
            "id": "m--Yd8jJE",
            "type": "RECTANGLE",
            "tags": [
                "tag"
            ],
            "boundingBox": {
                "height": 123.51373992569145,
                "width": 310.08974698694743,
                "left": 1693.1386025458678,
                "top": 1757.3279825846355
            },
            "points": [
                {
                    "x": 1693.1386025458678,
                    "y": 1757.3279825846355
                },
                {
                    "x": 2003.2283495328152,
                    "y": 1757.3279825846355
                },
                {
                    "x": 2003.2283495328152,
                    "y": 1880.841722510327
                },
                {
                    "x": 1693.1386025458678,
                    "y": 1880.841722510327
                }
            ]
        },
        {
            "id": "j8LEdxj4H",
            "type": "RECTANGLE",
            "tags": [
                "scale"
            ],
            "boundingBox": {
                "height": 1446.8179408983253,
                "width": 738.4370806225501,
                "left": 181.7247429292792,
                "top": 391.92775928015
            },
            "points": [
                {
                    "x": 181.7247429292792,
                    "y": 391.92775928015
                },
                {
                    "x": 920.1618235518292,
                    "y": 391.92775928015
                },
                {
                    "x": 920.1618235518292,
                    "y": 1838.7457001784753
                },
                {
                    "x": 181.7247429292792,
                    "y": 1838.7457001784753
                }
            ]
        }
    ],
    "version": "2.2.0"
}