{
    "asset": {
        "format": "jpg",
        "id": "930785e7fb44343b219bf54317cc8598",
        "name": "1_1_1.jpg",
        "path": "file:/Users/kaitomasuda/Desktop/Univ/LeafDetection/dataset/imgs/1_1_1.jpg",
        "size": {
            "width": 2218,
            "height": 2016
        },
        "state": 2,
        "type": 1
    },
    "regions": [
        {
            "id": "yFTWOr4Kj",
            "type": "RECTANGLE",
            "tags": [
                "leaf"
            ],
            "boundingBox": {
                "height": 340.2949992264852,
                "width": 185.86343170166015,
                "left": 363.1811871948242,
                "top": 270.73046875
            },
            "points": [
                {
                    "x": 363.1811871948242,
                    "y": 270.73046875
                },
                {
                    "x": 549.0446188964844,
                    "y": 270.73046875
                },
                {
                    "x": 549.0446188964844,
                    "y": 611.0254679764852
                },
                {
                    "x": 363.1811871948242,
                    "y": 611.0254679764852
                }
            ]
        },
        {
            "id": "K7w9gEQbW",
            "type": "RECTANGLE",
            "tags": [
                "leaf"
            ],
            "boundingBox": {
                "height": 420.1474464340966,
                "width": 345.1816650390625,
                "left": 665.6247241210938,
                "top": 232.73054126701734
            },
            "points": [
                {
                    "x": 665.6247241210938,
                    "y": 232.73054126701734
                },
                {
                    "x": 1010.8063891601562,
                    "y": 232.73054126701734
                },
                {
                    "x": 1010.8063891601562,
                    "y": 652.877987701114
                },
                {
                    "x": 665.6247241210938,
                    "y": 652.877987701114
                }
            ]
        },
        {
            "id": "oy7UVno_4",
            "type": "RECTANGLE",
            "tags": [
                "leaf"
            ],
            "boundingBox": {
                "height": 511.5145565826114,
                "width": 420.0173695068359,
                "left": 1172.1051053466797,
                "top": 219.00106841738864
            },
            "points": [
                {
                    "x": 1172.1051053466797,
                    "y": 219.00106841738864
                },
                {
                    "x": 1592.1224748535155,
                    "y": 219.00106841738864
                },
                {
                    "x": 1592.1224748535155,
                    "y": 730.5156250000001
                },
                {
                    "x": 1172.1051053466797,
                    "y": 730.5156250000001
                }
            ]
        },
        {
            "id": "SEAa_7tFy",
            "type": "RECTANGLE",
            "tags": [
                "leaf"
            ],
            "boundingBox": {
                "height": 508.1225440903466,
                "width": 466.9482946777344,
                "left": 1651.1017265625,
                "top": 287.4589553681931
            },
            "points": [
                {
                    "x": 1651.1017265625,
                    "y": 287.4589553681931
                },
                {
                    "x": 2118.0500212402344,
                    "y": 287.4589553681931
                },
                {
                    "x": 2118.0500212402344,
                    "y": 795.5814994585397
                },
                {
                    "x": 1651.1017265625,
                    "y": 795.5814994585397
                }
            ]
        },
        {
            "id": "1VoV66Ye5",
            "type": "RECTANGLE",
            "tags": [
                "leaf"
            ],
            "boundingBox": {
                "height": 478.33261138613864,
                "width": 367.4458012084961,
                "left": 299.13102215576174,
                "top": 952.2804764851486
            },
            "points": [
                {
                    "x": 299.13102215576174,
                    "y": 952.2804764851486
                },
                {
                    "x": 666.5768233642578,
                    "y": 952.2804764851486
                },
                {
                    "x": 666.5768233642578,
                    "y": 1430.6130878712872
                },
                {
                    "x": 299.13102215576174,
                    "y": 1430.6130878712872
                }
            ]
        },
        {
            "id": "3bIbdy_1m",
            "type": "RECTANGLE",
            "tags": [
                "leaf"
            ],
            "boundingBox": {
                "height": 391.1036954811151,
                "width": 284.4870404411765,
                "left": 771.0969614864175,
                "top": 995.7082368480216
            },
            "points": [
                {
                    "x": 771.0969614864175,
                    "y": 995.7082368480216
                },
                {
                    "x": 1055.5840019275938,
                    "y": 995.7082368480216
                },
                {
                    "x": 1055.5840019275938,
                    "y": 1386.8119323291367
                },
                {
                    "x": 771.0969614864175,
                    "y": 1386.8119323291367
                }
            ]
        },
        {
            "id": "_-T29o33L",
            "type": "RECTANGLE",
            "tags": [
                "leaf"
            ],
            "boundingBox": {
                "height": 327.85848696043166,
                "width": 243.10357769735498,
                "left": 1145.7750167547488,
                "top": 1058.7625899280577
            },
            "points": [
                {
                    "x": 1145.7750167547488,
                    "y": 1058.7625899280577
                },
                {
                    "x": 1388.8785944521037,
                    "y": 1058.7625899280577
                },
                {
                    "x": 1388.8785944521037,
                    "y": 1386.6210768884891
                },
                {
                    "x": 1145.7750167547488,
                    "y": 1386.6210768884891
                }
            ]
        },
        {
            "id": "KYSkPs2p7",
            "type": "RECTANGLE",
            "tags": [
                "leaf"
            ],
            "boundingBox": {
                "height": 195.25148943345323,
                "width": 139.8881551904616,
                "left": 1478.410071678411,
                "top": 1128.1043727517986
            },
            "points": [
                {
                    "x": 1478.410071678411,
                    "y": 1128.1043727517986
                },
                {
                    "x": 1618.2982268688725,
                    "y": 1128.1043727517986
                },
                {
                    "x": 1618.2982268688725,
                    "y": 1323.355862185252
                },
                {
                    "x": 1478.410071678411,
                    "y": 1323.355862185252
                }
            ]
        },
        {
            "id": "exRHEh1NN",
            "type": "RECTANGLE",
            "tags": [
                "leaf"
            ],
            "boundingBox": {
                "height": 143.74265119154677,
                "width": 95.94989117391748,
                "left": 1810.4815024382149,
                "top": 1169.176534397482
            },
            "points": [
                {
                    "x": 1810.4815024382149,
                    "y": 1169.176534397482
                },
                {
                    "x": 1906.4313936121323,
                    "y": 1169.176534397482
                },
                {
                    "x": 1906.4313936121323,
                    "y": 1312.9191855890288
                },
                {
                    "x": 1810.4815024382149,
                    "y": 1312.9191855890288
                }
            ]
        }
    ],
    "version": "2.2.0"
}