{
    "asset": {
        "format": "jpg",
        "id": "94d164bf056a44ebd302cc98a0ca4761",
        "name": "1_2_6.jpg",
        "path": "file:/Users/kaitomasuda/Desktop/Univ/LeafDetection/dataset/imgs/1_2_6.jpg",
        "size": {
            "width": 2215,
            "height": 2019
        },
        "state": 2,
        "type": 1
    },
    "regions": [
        {
            "id": "KLqCf-SaI",
            "type": "RECTANGLE",
            "tags": [
                "leaf"
            ],
            "boundingBox": {
                "height": 302.0824169670184,
                "width": 213.64844530148613,
                "left": 391.28832021153954,
                "top": 398.05926148719396
            },
            "points": [
                {
                    "x": 391.28832021153954,
                    "y": 398.05926148719396
                },
                {
                    "x": 604.9367655130256,
                    "y": 398.05926148719396
                },
                {
                    "x": 604.9367655130256,
                    "y": 700.1416784542124
                },
                {
                    "x": 391.28832021153954,
                    "y": 700.1416784542124
                }
            ]
        },
        {
            "id": "eqii8OyEW",
            "type": "RECTANGLE",
            "tags": [
                "leaf"
            ],
            "boundingBox": {
                "height": 401.7769956608409,
                "width": 339.73104491269663,
                "left": 670.328947368421,
                "top": 269.48262436070394
            },
            "points": [
                {
                    "x": 670.328947368421,
                    "y": 269.48262436070394
                },
                {
                    "x": 1010.0599922811176,
                    "y": 269.48262436070394
                },
                {
                    "x": 1010.0599922811176,
                    "y": 671.2596200215448
                },
                {
                    "x": 670.328947368421,
                    "y": 671.2596200215448
                }
            ]
        },
        {
            "id": "5Stgm90Fc",
            "type": "RECTANGLE",
            "tags": [
                "leaf"
            ],
            "boundingBox": {
                "height": 437.81541288710133,
                "width": 379.8167476797462,
                "left": 1137.1641620836756,
                "top": 294.8526283500121
            },
            "points": [
                {
                    "x": 1137.1641620836756,
                    "y": 294.8526283500121
                },
                {
                    "x": 1516.9809097634218,
                    "y": 294.8526283500121
                },
                {
                    "x": 1516.9809097634218,
                    "y": 732.6680412371135
                },
                {
                    "x": 1137.1641620836756,
                    "y": 732.6680412371135
                }
            ]
        },
        {
            "id": "GH7xjybFm",
            "type": "RECTANGLE",
            "tags": [
                "leaf"
            ],
            "boundingBox": {
                "height": 458.09919471347456,
                "width": 433.87763231320486,
                "left": 1600.7435665274024,
                "top": 291.44665332282943
            },
            "points": [
                {
                    "x": 1600.7435665274024,
                    "y": 291.44665332282943
                },
                {
                    "x": 2034.6211988406071,
                    "y": 291.44665332282943
                },
                {
                    "x": 2034.6211988406071,
                    "y": 749.545848036304
                },
                {
                    "x": 1600.7435665274024,
                    "y": 749.545848036304
                }
            ]
        },
        {
            "id": "xFydXFOoQ",
            "type": "RECTANGLE",
            "tags": [
                "leaf"
            ],
            "boundingBox": {
                "height": 408.03453784431383,
                "width": 402.18405243149374,
                "left": 461.9886011109316,
                "top": 1053.2974595531975
            },
            "points": [
                {
                    "x": 461.9886011109316,
                    "y": 1053.2974595531975
                },
                {
                    "x": 864.1726535424253,
                    "y": 1053.2974595531975
                },
                {
                    "x": 864.1726535424253,
                    "y": 1461.3319973975115
                },
                {
                    "x": 461.9886011109316,
                    "y": 1461.3319973975115
                }
            ]
        },
        {
            "id": "tKAtHZXX1",
            "type": "RECTANGLE",
            "tags": [
                "leaf"
            ],
            "boundingBox": {
                "height": 311.74364743576837,
                "width": 227.29021918504756,
                "left": 947.9444586961788,
                "top": 1105.028643106677
            },
            "points": [
                {
                    "x": 947.9444586961788,
                    "y": 1105.028643106677
                },
                {
                    "x": 1175.2346778812264,
                    "y": 1105.028643106677
                },
                {
                    "x": 1175.2346778812264,
                    "y": 1416.7722905424453
                },
                {
                    "x": 947.9444586961788,
                    "y": 1416.7722905424453
                }
            ]
        },
        {
            "id": "3ydOPpMyR",
            "type": "RECTANGLE",
            "tags": [
                "leaf"
            ],
            "boundingBox": {
                "height": 195.1104091998228,
                "width": 138.5945473577743,
                "left": 1335.740635233714,
                "top": 1206.2352663649726
            },
            "points": [
                {
                    "x": 1335.740635233714,
                    "y": 1206.2352663649726
                },
                {
                    "x": 1474.3351825914883,
                    "y": 1206.2352663649726
                },
                {
                    "x": 1474.3351825914883,
                    "y": 1401.3456755647956
                },
                {
                    "x": 1335.740635233714,
                    "y": 1401.3456755647956
                }
            ]
        },
        {
            "id": "W9dQjotSx",
            "type": "RECTANGLE",
            "tags": [
                "leaf"
            ],
            "boundingBox": {
                "height": 142.18071880537212,
                "width": 91.80155015529546,
                "left": 1665.828769081517,
                "top": 1210.2888975163096
            },
            "points": [
                {
                    "x": 1665.828769081517,
                    "y": 1210.2888975163096
                },
                {
                    "x": 1757.6303192368125,
                    "y": 1210.2888975163096
                },
                {
                    "x": 1757.6303192368125,
                    "y": 1352.4696163216818
                },
                {
                    "x": 1665.828769081517,
                    "y": 1352.4696163216818
                }
            ]
        }
    ],
    "version": "2.2.0"
}