{
    "asset": {
        "format": "jpg",
        "id": "95486fd51001dd25e7ac9bc3ed3bdd7b",
        "name": "3_3_2.jpg",
        "path": "file:/Users/kaitomasuda/Desktop/Univ/LeafDetection/dataset/imgs/3_3_2.jpg",
        "size": {
            "width": 2215,
            "height": 2015
        },
        "state": 2,
        "type": 1
    },
    "regions": [
        {
            "id": "VBTsygSED",
            "type": "RECTANGLE",
            "tags": [
                "leaf"
            ],
            "boundingBox": {
                "height": 358.1906040235497,
                "width": 245.6876062266918,
                "left": 324.3001410188575,
                "top": 229.6779407486605
            },
            "points": [
                {
                    "x": 324.3001410188575,
                    "y": 229.6779407486605
                },
                {
                    "x": 569.9877472455494,
                    "y": 229.6779407486605
                },
                {
                    "x": 569.9877472455494,
                    "y": 587.8685447722103
                },
                {
                    "x": 324.3001410188575,
                    "y": 587.8685447722103
                }
            ]
        },
        {
            "id": "j4dQgR86Y",
            "type": "RECTANGLE",
            "tags": [
                "leaf"
            ],
            "boundingBox": {
                "height": 444.07147462340606,
                "width": 341.6441616364057,
                "left": 712.6313000190548,
                "top": 165.8327399359809
            },
            "points": [
                {
                    "x": 712.6313000190548,
                    "y": 165.8327399359809
                },
                {
                    "x": 1054.2754616554605,
                    "y": 165.8327399359809
                },
                {
                    "x": 1054.2754616554605,
                    "y": 609.904214559387
                },
                {
                    "x": 712.6313000190548,
                    "y": 609.904214559387
                }
            ]
        },
        {
            "id": "zkEQAQNkj",
            "type": "RECTANGLE",
            "tags": [
                "leaf"
            ],
            "boundingBox": {
                "height": 511.66750794626284,
                "width": 443.8678722846799,
                "left": 1147.8736787058335,
                "top": 85.00253494671935
            },
            "points": [
                {
                    "x": 1147.8736787058335,
                    "y": 85.00253494671935
                },
                {
                    "x": 1591.7415509905134,
                    "y": 85.00253494671935
                },
                {
                    "x": 1591.7415509905134,
                    "y": 596.6700428929822
                },
                {
                    "x": 1147.8736787058335,
                    "y": 596.6700428929822
                }
            ]
        },
        {
            "id": "SDcHSGJsV",
            "type": "RECTANGLE",
            "tags": [
                "leaf"
            ],
            "boundingBox": {
                "height": 554.7809951606838,
                "width": 498.894668206936,
                "left": 1694.0980992333814,
                "top": 164.18279772060583
            },
            "points": [
                {
                    "x": 1694.0980992333814,
                    "y": 164.18279772060583
                },
                {
                    "x": 2192.9927674403175,
                    "y": 164.18279772060583
                },
                {
                    "x": 2192.9927674403175,
                    "y": 718.9637928812897
                },
                {
                    "x": 1694.0980992333814,
                    "y": 718.9637928812897
                }
            ]
        },
        {
            "id": "UvC-pXx4H",
            "type": "RECTANGLE",
            "tags": [
                "leaf"
            ],
            "boundingBox": {
                "height": 561.3344676284497,
                "width": 509.6401461823892,
                "left": 267.94826653776266,
                "top": 771.5125558202751
            },
            "points": [
                {
                    "x": 267.94826653776266,
                    "y": 771.5125558202751
                },
                {
                    "x": 777.5884127201518,
                    "y": 771.5125558202751
                },
                {
                    "x": 777.5884127201518,
                    "y": 1332.847023448725
                },
                {
                    "x": 267.94826653776266,
                    "y": 1332.847023448725
                }
            ]
        },
        {
            "id": "hvbkJx5FH",
            "type": "RECTANGLE",
            "tags": [
                "leaf"
            ],
            "boundingBox": {
                "height": 535.7684916646087,
                "width": 402.7037627854829,
                "left": 849.4573198378293,
                "top": 756.155346983694
            },
            "points": [
                {
                    "x": 849.4573198378293,
                    "y": 756.155346983694
                },
                {
                    "x": 1252.1610826233123,
                    "y": 756.155346983694
                },
                {
                    "x": 1252.1610826233123,
                    "y": 1291.9238386483028
                },
                {
                    "x": 849.4573198378293,
                    "y": 1291.9238386483028
                }
            ]
        },
        {
            "id": "F75PGD5jX",
            "type": "RECTANGLE",
            "tags": [
                "leaf"
            ],
            "boundingBox": {
                "height": 412.1959952285005,
                "width": 298.52470158699913,
                "left": 1464.9857513746733,
                "top": 843.84071671643
            },
            "points": [
                {
                    "x": 1464.9857513746733,
                    "y": 843.84071671643
                },
                {
                    "x": 1763.5104529616724,
                    "y": 843.84071671643
                },
                {
                    "x": 1763.5104529616724,
                    "y": 1256.0367119449306
                },
                {
                    "x": 1464.9857513746733,
                    "y": 1256.0367119449306
                }
            ]
        },
        {
            "id": "iS66UO6mq",
            "type": "RECTANGLE",
            "tags": [
                "leaf"
            ],
            "boundingBox": {
                "height": 281.93608484962436,
                "width": 222.46104702301557,
                "left": 1938.5315207238812,
                "top": 943.1296355148842
            },
            "points": [
                {
                    "x": 1938.5315207238812,
                    "y": 943.1296355148842
                },
                {
                    "x": 2160.992567746897,
                    "y": 943.1296355148842
                },
                {
                    "x": 2160.992567746897,
                    "y": 1225.0657203645085
                },
                {
                    "x": 1938.5315207238812,
                    "y": 1225.0657203645085
                }
            ]
        },
        {
            "id": "VvI7ay1Z2",
            "type": "RECTANGLE",
            "tags": [
                "leaf"
            ],
            "boundingBox": {
                "height": 201.54009998073067,
                "width": 151.9073263028773,
                "left": 735.1788330078125,
                "top": 1393.9224512092912
            },
            "points": [
                {
                    "x": 735.1788330078125,
                    "y": 1393.9224512092912
                },
                {
                    "x": 887.0861593106898,
                    "y": 1393.9224512092912
                },
                {
                    "x": 887.0861593106898,
                    "y": 1595.4625511900217
                },
                {
                    "x": 735.1788330078125,
                    "y": 1595.4625511900217
                }
            ]
        },
        {
            "id": "x9_Wc44mi",
            "type": "RECTANGLE",
            "tags": [
                "leaf"
            ],
            "boundingBox": {
                "height": 104.0502613988416,
                "width": 74.65331499584876,
                "left": 1078.0232435485627,
                "top": 1453.4956611253292
            },
            "points": [
                {
                    "x": 1078.0232435485627,
                    "y": 1453.4956611253292
                },
                {
                    "x": 1152.6765585444114,
                    "y": 1453.4956611253292
                },
                {
                    "x": 1152.6765585444114,
                    "y": 1557.545922524171
                },
                {
                    "x": 1078.0232435485627,
                    "y": 1557.545922524171
                }
            ]
        },
        {
            "id": "o5AUAB7Q7",
            "type": "RECTANGLE",
            "tags": [
                "leaf"
            ],
            "boundingBox": {
                "height": 88.6025802203065,
                "width": 63.33150086087217,
                "left": 1327.9091301363105,
                "top": 1480.4406334887976
            },
            "points": [
                {
                    "x": 1327.9091301363105,
                    "y": 1480.4406334887976
                },
                {
                    "x": 1391.2406309971825,
                    "y": 1480.4406334887976
                },
                {
                    "x": 1391.2406309971825,
                    "y": 1569.043213709104
                },
                {
                    "x": 1327.9091301363105,
                    "y": 1569.043213709104
                }
            ]
        },
        {
            "id": "cFUMYWcgS",
            "type": "RECTANGLE",
            "tags": [
                "mark"
            ],
            "boundingBox": {
                "height": 56.883542583363266,
                "width": 51.968233859497495,
                "left": 2093.407437527221,
                "top": 42.05715194059058
            },
            "points": [
                {
                    "x": 2093.407437527221,
                    "y": 42.05715194059058
                },
                {
                    "x": 2145.3756713867188,
                    "y": 42.05715194059058
                },
                {
                    "x": 2145.3756713867188,
                    "y": 98.94069452395384
                },
                {
                    "x": 2093.407437527221,
                    "y": 98.94069452395384
                }
            ]
        },
        {
            "id": "-3JkjKW79",
            "type": "RECTANGLE",
            "tags": [
                "tag"
            ],
            "boundingBox": {
                "height": 141.54562822246916,
                "width": 310.99165115622276,
                "left": 1823.6689253218913,
                "top": 1651.3254526657163
            },
            "points": [
                {
                    "x": 1823.6689253218913,
                    "y": 1651.3254526657163
                },
                {
                    "x": 2134.660576478114,
                    "y": 1651.3254526657163
                },
                {
                    "x": 2134.660576478114,
                    "y": 1792.8710808881854
                },
                {
                    "x": 1823.6689253218913,
                    "y": 1792.8710808881854
                }
            ]
        },
        {
            "id": "I4IQoB7Xp",
            "type": "RECTANGLE",
            "tags": [
                "scale"
            ],
            "boundingBox": {
                "height": 1432.3958146252394,
                "width": 752.4919995032121,
                "left": 144.49762643421982,
                "top": 352.7926565586835
            },
            "points": [
                {
                    "x": 144.49762643421982,
                    "y": 352.7926565586835
                },
                {
                    "x": 896.9896259374319,
                    "y": 352.7926565586835
                },
                {
                    "x": 896.9896259374319,
                    "y": 1785.188471183923
                },
                {
                    "x": 144.49762643421982,
                    "y": 1785.188471183923
                }
            ]
        }
    ],
    "version": "2.2.0"
}