{
    "asset": {
        "format": "jpg",
        "id": "95b3ccd80e2cf51def47053e499044e4",
        "name": "1_2_4.jpg",
        "path": "file:/Users/kaitomasuda/Desktop/Univ/LeafDetection/dataset/imgs/1_2_4.jpg",
        "size": {
            "width": 2213,
            "height": 2016
        },
        "state": 2,
        "type": 1
    },
    "regions": [
        {
            "id": "I5Xbp5vnn",
            "type": "RECTANGLE",
            "tags": [
                "leaf"
            ],
            "boundingBox": {
                "height": 299.61825265786086,
                "width": 212.01240986988958,
                "left": 303.2771094759604,
                "top": 321.0750906088918
            },
            "points": [
                {
                    "x": 303.2771094759604,
                    "y": 321.0750906088918
                },
                {
                    "x": 515.28951934585,
                    "y": 321.0750906088918
                },
                {
                    "x": 515.28951934585,
                    "y": 620.6933432667527
                },
                {
                    "x": 303.2771094759604,
                    "y": 620.6933432667527
                }
            ]
        },
        {
            "id": "fOfmdySWD",
            "type": "RECTANGLE",
            "tags": [
                "leaf"
            ],
            "boundingBox": {
                "height": 386.7473642880155,
                "width": 320.4138364863575,
                "left": 590.1710448300928,
                "top": 256.6318903028351
            },
            "points": [
                {
                    "x": 590.1710448300928,
                    "y": 256.6318903028351
                },
                {
                    "x": 910.5848813164504,
                    "y": 256.6318903028351
                },
                {
                    "x": 910.5848813164504,
                    "y": 643.3792545908506
                },
                {
                    "x": 590.1710448300928,
                    "y": 643.3792545908506
                }
            ]
        },
        {
            "id": "S2KnVMshF",
            "type": "RECTANGLE",
            "tags": [
                "leaf"
            ],
            "boundingBox": {
                "height": 425.8391027706186,
                "width": 393.31398503583176,
                "left": 1039.3053233211203,
                "top": 257.01092541881445
            },
            "points": [
                {
                    "x": 1039.3053233211203,
                    "y": 257.01092541881445
                },
                {
                    "x": 1432.619308356952,
                    "y": 257.01092541881445
                },
                {
                    "x": 1432.619308356952,
                    "y": 682.850028189433
                },
                {
                    "x": 1039.3053233211203,
                    "y": 682.850028189433
                }
            ]
        },
        {
            "id": "xGEUWxpkt",
            "type": "RECTANGLE",
            "tags": [
                "leaf"
            ],
            "boundingBox": {
                "height": 476.24607965528355,
                "width": 411.24336437712935,
                "left": 1608.9481453572898,
                "top": 240.45452440399487
            },
            "points": [
                {
                    "x": 1608.9481453572898,
                    "y": 240.45452440399487
                },
                {
                    "x": 2020.1915097344192,
                    "y": 240.45452440399487
                },
                {
                    "x": 2020.1915097344192,
                    "y": 716.7006040592784
                },
                {
                    "x": 1608.9481453572898,
                    "y": 716.7006040592784
                }
            ]
        },
        {
            "id": "pgZdB7zc7",
            "type": "RECTANGLE",
            "tags": [
                "leaf"
            ],
            "boundingBox": {
                "height": 505.02725112757736,
                "width": 455.1703183740602,
                "left": 305.991220115719,
                "top": 951.8594192976805
            },
            "points": [
                {
                    "x": 305.991220115719,
                    "y": 951.8594192976805
                },
                {
                    "x": 761.1615384897792,
                    "y": 951.8594192976805
                },
                {
                    "x": 761.1615384897792,
                    "y": 1456.8866704252578
                },
                {
                    "x": 305.991220115719,
                    "y": 1456.8866704252578
                }
            ]
        },
        {
            "id": "F-CJhwymg",
            "type": "RECTANGLE",
            "tags": [
                "leaf"
            ],
            "boundingBox": {
                "height": 421.5055694265464,
                "width": 332.169058434049,
                "left": 789.4004759824365,
                "top": 953.8865214239692
            },
            "points": [
                {
                    "x": 789.4004759824365,
                    "y": 953.8865214239692
                },
                {
                    "x": 1121.5695344164856,
                    "y": 953.8865214239692
                },
                {
                    "x": 1121.5695344164856,
                    "y": 1375.3920908505156
                },
                {
                    "x": 789.4004759824365,
                    "y": 1375.3920908505156
                }
            ]
        },
        {
            "id": "6VMwH-ejC",
            "type": "RECTANGLE",
            "tags": [
                "leaf"
            ],
            "boundingBox": {
                "height": 356.825028189433,
                "width": 245.19717292498825,
                "left": 1231.685750860917,
                "top": 1023.0677875322166
            },
            "points": [
                {
                    "x": 1231.685750860917,
                    "y": 1023.0677875322166
                },
                {
                    "x": 1476.8829237859052,
                    "y": 1023.0677875322166
                },
                {
                    "x": 1476.8829237859052,
                    "y": 1379.8928157216496
                },
                {
                    "x": 1231.685750860917,
                    "y": 1379.8928157216496
                }
            ]
        },
        {
            "id": "25SEFsx9T",
            "type": "RECTANGLE",
            "tags": [
                "leaf"
            ],
            "boundingBox": {
                "height": 222.63594152706187,
                "width": 171.42160309526258,
                "left": 1567.7901427763745,
                "top": 1110.4701393363403
            },
            "points": [
                {
                    "x": 1567.7901427763745,
                    "y": 1110.4701393363403
                },
                {
                    "x": 1739.2117458716373,
                    "y": 1110.4701393363403
                },
                {
                    "x": 1739.2117458716373,
                    "y": 1333.1060808634022
                },
                {
                    "x": 1567.7901427763745,
                    "y": 1333.1060808634022
                }
            ]
        },
        {
            "id": "cxTKanU3x",
            "type": "RECTANGLE",
            "tags": [
                "leaf"
            ],
            "boundingBox": {
                "height": 206.56094555412372,
                "width": 154.6870417774172,
                "left": 1785.1210923732672,
                "top": 1131.8079896907218
            },
            "points": [
                {
                    "x": 1785.1210923732672,
                    "y": 1131.8079896907218
                },
                {
                    "x": 1939.8081341506845,
                    "y": 1131.8079896907218
                },
                {
                    "x": 1939.8081341506845,
                    "y": 1338.3689352448455
                },
                {
                    "x": 1785.1210923732672,
                    "y": 1338.3689352448455
                }
            ]
        },
        {
            "id": "MItGirsKO",
            "type": "RECTANGLE",
            "tags": [
                "leaf"
            ],
            "boundingBox": {
                "height": 89.15088595360825,
                "width": 73.56991691876175,
                "left": 2023.085376251909,
                "top": 1195.6672881765464
            },
            "points": [
                {
                    "x": 2023.085376251909,
                    "y": 1195.6672881765464
                },
                {
                    "x": 2096.655293170671,
                    "y": 1195.6672881765464
                },
                {
                    "x": 2096.655293170671,
                    "y": 1284.8181741301548
                },
                {
                    "x": 2023.085376251909,
                    "y": 1284.8181741301548
                }
            ]
        },
        {
            "id": "kyfFuEJcJ",
            "type": "RECTANGLE",
            "tags": [
                "mark"
            ],
            "boundingBox": {
                "height": 65.27141994201031,
                "width": 63.71482631138393,
                "left": 2086.2132031433566,
                "top": 38.72132933311856
            },
            "points": [
                {
                    "x": 2086.2132031433566,
                    "y": 38.72132933311856
                },
                {
                    "x": 2149.9280294547407,
                    "y": 38.72132933311856
                },
                {
                    "x": 2149.9280294547407,
                    "y": 103.99274927512887
                },
                {
                    "x": 2086.2132031433566,
                    "y": 103.99274927512887
                }
            ]
        },
        {
            "id": "a2RMrz2FA",
            "type": "RECTANGLE",
            "tags": [
                "tag"
            ],
            "boundingBox": {
                "height": 151.610240818299,
                "width": 305.07517603823993,
                "left": 1758.1729442625121,
                "top": 1780.448195876289
            },
            "points": [
                {
                    "x": 1758.1729442625121,
                    "y": 1780.448195876289
                },
                {
                    "x": 2063.248120300752,
                    "y": 1780.448195876289
                },
                {
                    "x": 2063.248120300752,
                    "y": 1932.058436694588
                },
                {
                    "x": 1758.1729442625121,
                    "y": 1932.058436694588
                }
            ]
        },
        {
            "id": "z8Rt526qv",
            "type": "RECTANGLE",
            "tags": [
                "scale"
            ],
            "boundingBox": {
                "height": 1442.579997583763,
                "width": 737.5721340322854,
                "left": 163.31862451080093,
                "top": 383.7821883054124
            },
            "points": [
                {
                    "x": 163.31862451080093,
                    "y": 383.7821883054124
                },
                {
                    "x": 900.8907585430862,
                    "y": 383.7821883054124
                },
                {
                    "x": 900.8907585430862,
                    "y": 1826.3621858891754
                },
                {
                    "x": 163.31862451080093,
                    "y": 1826.3621858891754
                }
            ]
        }
    ],
    "version": "2.2.0"
}