{
    "asset": {
        "format": "jpg",
        "id": "a1d6be01d9d4419096244aa99588bd1b",
        "name": "3_2_3.jpg",
        "path": "file:/Users/kaitomasuda/Desktop/Univ/LeafDetection/dataset/imgs/3_2_3.jpg",
        "size": {
            "width": 2215,
            "height": 2012
        },
        "state": 2,
        "type": 1
    },
    "regions": [
        {
            "id": "2arEiYmD_",
            "type": "RECTANGLE",
            "tags": [
                "leaf"
            ],
            "boundingBox": {
                "height": 266.077108840796,
                "width": 207.78178623744418,
                "left": 382.42341895552045,
                "top": 383.0819513536918
            },
            "points": [
                {
                    "x": 382.42341895552045,
                    "y": 383.0819513536918
                },
                {
                    "x": 590.2052051929646,
                    "y": 383.0819513536918
                },
                {
                    "x": 590.2052051929646,
                    "y": 649.1590601944878
                },
                {
                    "x": 382.42341895552045,
                    "y": 649.1590601944878
                }
            ]
        },
        {
            "id": "-mGZ8zhmJ",
            "type": "RECTANGLE",
            "tags": [
                "leaf"
            ],
            "boundingBox": {
                "height": 360.1497781647373,
                "width": 338.22100277146393,
                "left": 698.1439942682247,
                "top": 309.41952075335894
            },
            "points": [
                {
                    "x": 698.1439942682247,
                    "y": 309.41952075335894
                },
                {
                    "x": 1036.3649970396887,
                    "y": 309.41952075335894
                },
                {
                    "x": 1036.3649970396887,
                    "y": 669.5692989180963
                },
                {
                    "x": 698.1439942682247,
                    "y": 669.5692989180963
                }
            ]
        },
        {
            "id": "mlBUfczRy",
            "type": "RECTANGLE",
            "tags": [
                "leaf"
            ],
            "boundingBox": {
                "height": 443.55687679942423,
                "width": 394.8197102297474,
                "left": 1143.6973024162266,
                "top": 286.44786683886156
            },
            "points": [
                {
                    "x": 1143.6973024162266,
                    "y": 286.44786683886156
                },
                {
                    "x": 1538.5170126459739,
                    "y": 286.44786683886156
                },
                {
                    "x": 1538.5170126459739,
                    "y": 730.0047436382857
                },
                {
                    "x": 1143.6973024162266,
                    "y": 730.0047436382857
                }
            ]
        },
        {
            "id": "PvJ8Dh_hy",
            "type": "RECTANGLE",
            "tags": [
                "leaf"
            ],
            "boundingBox": {
                "height": 505.5119169678203,
                "width": 398.6908426849684,
                "left": 1652.187367083719,
                "top": 327.41566042616364
            },
            "points": [
                {
                    "x": 1652.187367083719,
                    "y": 327.41566042616364
                },
                {
                    "x": 2050.878209768687,
                    "y": 327.41566042616364
                },
                {
                    "x": 2050.878209768687,
                    "y": 832.9275773939839
                },
                {
                    "x": 1652.187367083719,
                    "y": 832.9275773939839
                }
            ]
        },
        {
            "id": "0QnEdtcZJ",
            "type": "RECTANGLE",
            "tags": [
                "leaf"
            ],
            "boundingBox": {
                "height": 553.8933658416806,
                "width": 479.9384608252123,
                "left": 313.9786128133847,
                "top": 788.4871298996821
            },
            "points": [
                {
                    "x": 313.9786128133847,
                    "y": 788.4871298996821
                },
                {
                    "x": 793.917073638597,
                    "y": 788.4871298996821
                },
                {
                    "x": 793.917073638597,
                    "y": 1342.380495741363
                },
                {
                    "x": 313.9786128133847,
                    "y": 1342.380495741363
                }
            ]
        },
        {
            "id": "YrUtfk12D",
            "type": "RECTANGLE",
            "tags": [
                "leaf"
            ],
            "boundingBox": {
                "height": 440.44485280335294,
                "width": 357.4603143884745,
                "left": 895.0945704656195,
                "top": 893.5268376619482
            },
            "points": [
                {
                    "x": 895.0945704656195,
                    "y": 893.5268376619482
                },
                {
                    "x": 1252.554884854094,
                    "y": 893.5268376619482
                },
                {
                    "x": 1252.554884854094,
                    "y": 1333.9716904653012
                },
                {
                    "x": 895.0945704656195,
                    "y": 1333.9716904653012
                }
            ]
        },
        {
            "id": "TA_XN9ae6",
            "type": "RECTANGLE",
            "tags": [
                "leaf"
            ],
            "boundingBox": {
                "height": 380.35801699706093,
                "width": 298.7371475272893,
                "left": 1334.4450224235084,
                "top": 924.5414814134477
            },
            "points": [
                {
                    "x": 1334.4450224235084,
                    "y": 924.5414814134477
                },
                {
                    "x": 1633.1821699507975,
                    "y": 924.5414814134477
                },
                {
                    "x": 1633.1821699507975,
                    "y": 1304.8994984105086
                },
                {
                    "x": 1334.4450224235084,
                    "y": 1304.8994984105086
                }
            ]
        },
        {
            "id": "UnH7KFn7E",
            "type": "RECTANGLE",
            "tags": [
                "leaf"
            ],
            "boundingBox": {
                "height": 203.53881461057463,
                "width": 190.72840673998257,
                "left": 1743.1801772699123,
                "top": 1023.9921326737945
            },
            "points": [
                {
                    "x": 1743.1801772699123,
                    "y": 1023.9921326737945
                },
                {
                    "x": 1933.9085840098949,
                    "y": 1023.9921326737945
                },
                {
                    "x": 1933.9085840098949,
                    "y": 1227.530947284369
                },
                {
                    "x": 1743.1801772699123,
                    "y": 1227.530947284369
                }
            ]
        },
        {
            "id": "mDc-j0plT",
            "type": "RECTANGLE",
            "tags": [
                "leaf"
            ],
            "boundingBox": {
                "height": 153.63423470114563,
                "width": 142.3936579368671,
                "left": 590.5316465158496,
                "top": 1436.8162698873862
            },
            "points": [
                {
                    "x": 590.5316465158496,
                    "y": 1436.8162698873862
                },
                {
                    "x": 732.9253044527167,
                    "y": 1436.8162698873862
                },
                {
                    "x": 732.9253044527167,
                    "y": 1590.4505045885317
                },
                {
                    "x": 590.5316465158496,
                    "y": 1590.4505045885317
                }
            ]
        },
        {
            "id": "fPiQffhBr",
            "type": "RECTANGLE",
            "tags": [
                "leaf"
            ],
            "boundingBox": {
                "height": 119.90826685460654,
                "width": 102.1516391873775,
                "left": 841.093261931416,
                "top": 1457.7452971299185
            },
            "points": [
                {
                    "x": 841.093261931416,
                    "y": 1457.7452971299185
                },
                {
                    "x": 943.2449011187936,
                    "y": 1457.7452971299185
                },
                {
                    "x": 943.2449011187936,
                    "y": 1577.653563984525
                },
                {
                    "x": 841.093261931416,
                    "y": 1577.653563984525
                }
            ]
        }
    ],
    "version": "2.2.0"
}