{
    "asset": {
        "format": "jpg",
        "id": "a515376ae45598557e8d7dea108992c8",
        "name": "2_1_9.jpg",
        "path": "file:/Users/kaitomasuda/Desktop/Univ/LeafDetection/dataset/imgs/2_1_9.jpg",
        "size": {
            "width": 2210,
            "height": 2012
        },
        "state": 2,
        "type": 1
    },
    "regions": [
        {
            "id": "Fe9uGIOcr",
            "type": "RECTANGLE",
            "tags": [
                "leaf"
            ],
            "boundingBox": {
                "height": 309.83536567192573,
                "width": 214.23338905857528,
                "left": 355.19629223690526,
                "top": 281.1255217316863
            },
            "points": [
                {
                    "x": 355.19629223690526,
                    "y": 281.1255217316863
                },
                {
                    "x": 569.4296812954806,
                    "y": 281.1255217316863
                },
                {
                    "x": 569.4296812954806,
                    "y": 590.9608874036121
                },
                {
                    "x": 355.19629223690526,
                    "y": 590.9608874036121
                }
            ]
        },
        {
            "id": "SdtS0UA0P",
            "type": "RECTANGLE",
            "tags": [
                "leaf"
            ],
            "boundingBox": {
                "height": 410.8311652641793,
                "width": 331.48332239606447,
                "left": 679.4741244124461,
                "top": 166.6389646059507
            },
            "points": [
                {
                    "x": 679.4741244124461,
                    "y": 166.6389646059507
                },
                {
                    "x": 1010.9574468085106,
                    "y": 166.6389646059507
                },
                {
                    "x": 1010.9574468085106,
                    "y": 577.47012987013
                },
                {
                    "x": 679.4741244124461,
                    "y": 577.47012987013
                }
            ]
        },
        {
            "id": "NHleLsu56",
            "type": "RECTANGLE",
            "tags": [
                "leaf"
            ],
            "boundingBox": {
                "height": 468.91482520165385,
                "width": 391.6253770327737,
                "left": 1202.8225974946438,
                "top": 128.30660939402395
            },
            "points": [
                {
                    "x": 1202.8225974946438,
                    "y": 128.30660939402395
                },
                {
                    "x": 1594.4479745274175,
                    "y": 128.30660939402395
                },
                {
                    "x": 1594.4479745274175,
                    "y": 597.2214345956778
                },
                {
                    "x": 1202.8225974946438,
                    "y": 597.2214345956778
                }
            ]
        },
        {
            "id": "xH9GVJnRk",
            "type": "RECTANGLE",
            "tags": [
                "leaf"
            ],
            "boundingBox": {
                "height": 504.22966205547385,
                "width": 405.6289838786381,
                "left": 1716.2765957446807,
                "top": 125.50020807439631
            },
            "points": [
                {
                    "x": 1716.2765957446807,
                    "y": 125.50020807439631
                },
                {
                    "x": 2121.9055796233188,
                    "y": 125.50020807439631
                },
                {
                    "x": 2121.9055796233188,
                    "y": 629.7298701298702
                },
                {
                    "x": 1716.2765957446807,
                    "y": 629.7298701298702
                }
            ]
        },
        {
            "id": "NfhyayfzG",
            "type": "RECTANGLE",
            "tags": [
                "leaf"
            ],
            "boundingBox": {
                "height": 435.60593911703535,
                "width": 381.37008558773823,
                "left": 375.8424803100297,
                "top": 813.8616456663455
            },
            "points": [
                {
                    "x": 375.8424803100297,
                    "y": 813.8616456663455
                },
                {
                    "x": 757.212565897768,
                    "y": 813.8616456663455
                },
                {
                    "x": 757.212565897768,
                    "y": 1249.4675847833807
                },
                {
                    "x": 375.8424803100297,
                    "y": 1249.4675847833807
                }
            ]
        },
        {
            "id": "WkjmsmPYs",
            "type": "RECTANGLE",
            "tags": [
                "leaf"
            ],
            "boundingBox": {
                "height": 377.1162726067878,
                "width": 253.4042336754765,
                "left": 942.9325935237514,
                "top": 832.4412209250711
            },
            "points": [
                {
                    "x": 942.9325935237514,
                    "y": 832.4412209250711
                },
                {
                    "x": 1196.3368271992279,
                    "y": 832.4412209250711
                },
                {
                    "x": 1196.3368271992279,
                    "y": 1209.5574935318589
                },
                {
                    "x": 942.9325935237514,
                    "y": 1209.5574935318589
                }
            ]
        },
        {
            "id": "dimtFNIpA",
            "type": "RECTANGLE",
            "tags": [
                "leaf"
            ],
            "boundingBox": {
                "height": 164.3041576831372,
                "width": 139.05629908784906,
                "left": 1302.1818942888408,
                "top": 1033.9073200968953
            },
            "points": [
                {
                    "x": 1302.1818942888408,
                    "y": 1033.9073200968953
                },
                {
                    "x": 1441.2381933766899,
                    "y": 1033.9073200968953
                },
                {
                    "x": 1441.2381933766899,
                    "y": 1198.2114777800325
                },
                {
                    "x": 1302.1818942888408,
                    "y": 1198.2114777800325
                }
            ]
        },
        {
            "id": "yt4N27Oxl",
            "type": "RECTANGLE",
            "tags": [
                "leaf"
            ],
            "boundingBox": {
                "height": 121.70516500101462,
                "width": 99.54106035525635,
                "left": 1531.4570152336823,
                "top": 1071.0045907949473
            },
            "points": [
                {
                    "x": 1531.4570152336823,
                    "y": 1071.0045907949473
                },
                {
                    "x": 1630.9980755889387,
                    "y": 1071.0045907949473
                },
                {
                    "x": 1630.9980755889387,
                    "y": 1192.7097557959619
                },
                {
                    "x": 1531.4570152336823,
                    "y": 1192.7097557959619
                }
            ]
        }
    ],
    "version": "2.2.0"
}