{
    "asset": {
        "format": "jpg",
        "id": "a7c0a5a03e79443a79c95663b0afa310",
        "name": "2_3_6.jpg",
        "path": "file:/Users/kaitomasuda/Desktop/Univ/LeafDetection/dataset/imgs/2_3_6.jpg",
        "size": {
            "width": 2213,
            "height": 2015
        },
        "state": 2,
        "type": 1
    },
    "regions": [
        {
            "id": "FT_i2J3zP",
            "type": "RECTANGLE",
            "tags": [
                "leaf"
            ],
            "boundingBox": {
                "height": 375.84951821859784,
                "width": 254.61732050036707,
                "left": 348.31765931041525,
                "top": 301.74815388468954
            },
            "points": [
                {
                    "x": 348.31765931041525,
                    "y": 301.74815388468954
                },
                {
                    "x": 602.9349798107824,
                    "y": 301.74815388468954
                },
                {
                    "x": 602.9349798107824,
                    "y": 677.5976721032873
                },
                {
                    "x": 348.31765931041525,
                    "y": 677.5976721032873
                }
            ]
        },
        {
            "id": "6BUyCAcHM",
            "type": "RECTANGLE",
            "tags": [
                "leaf"
            ],
            "boundingBox": {
                "height": 443.3389561640752,
                "width": 370.50303833873556,
                "left": 689.9269618401854,
                "top": 287.0919153783229
            },
            "points": [
                {
                    "x": 689.9269618401854,
                    "y": 287.0919153783229
                },
                {
                    "x": 1060.4300001789209,
                    "y": 287.0919153783229
                },
                {
                    "x": 1060.4300001789209,
                    "y": 730.4308715423981
                },
                {
                    "x": 689.9269618401854,
                    "y": 730.4308715423981
                }
            ]
        },
        {
            "id": "nYGz1g98m",
            "type": "RECTANGLE",
            "tags": [
                "leaf"
            ],
            "boundingBox": {
                "height": 473.36626840566663,
                "width": 415.2569759720606,
                "left": 1140.9548689028331,
                "top": 285.8535118598443
            },
            "points": [
                {
                    "x": 1140.9548689028331,
                    "y": 285.8535118598443
                },
                {
                    "x": 1556.2118448748938,
                    "y": 285.8535118598443
                },
                {
                    "x": 1556.2118448748938,
                    "y": 759.2197802655108
                },
                {
                    "x": 1140.9548689028331,
                    "y": 759.2197802655108
                }
            ]
        },
        {
            "id": "Q_USiMldR",
            "type": "RECTANGLE",
            "tags": [
                "leaf"
            ],
            "boundingBox": {
                "height": 534.5898972548448,
                "width": 485.49123784779937,
                "left": 1635.8592323681985,
                "top": 269.12408348182583
            },
            "points": [
                {
                    "x": 1635.8592323681985,
                    "y": 269.12408348182583
                },
                {
                    "x": 2121.350470215998,
                    "y": 269.12408348182583
                },
                {
                    "x": 2121.350470215998,
                    "y": 803.7139807366706
                },
                {
                    "x": 1635.8592323681985,
                    "y": 803.7139807366706
                }
            ]
        },
        {
            "id": "KrFzL7guw",
            "type": "RECTANGLE",
            "tags": [
                "leaf"
            ],
            "boundingBox": {
                "height": 487.7369242086039,
                "width": 464.7795834372229,
                "left": 246.6239550434951,
                "top": 945.1351583901939
            },
            "points": [
                {
                    "x": 246.6239550434951,
                    "y": 945.1351583901939
                },
                {
                    "x": 711.403538480718,
                    "y": 945.1351583901939
                },
                {
                    "x": 711.403538480718,
                    "y": 1432.8720825987978
                },
                {
                    "x": 246.6239550434951,
                    "y": 1432.8720825987978
                }
            ]
        },
        {
            "id": "yc8Uv6mSx",
            "type": "RECTANGLE",
            "tags": [
                "leaf"
            ],
            "boundingBox": {
                "height": 454.481393392984,
                "width": 359.43856840381665,
                "left": 856.5556342663775,
                "top": 1001.4498952890372
            },
            "points": [
                {
                    "x": 856.5556342663775,
                    "y": 1001.4498952890372
                },
                {
                    "x": 1215.9942026701942,
                    "y": 1001.4498952890372
                },
                {
                    "x": 1215.9942026701942,
                    "y": 1455.9312886820212
                },
                {
                    "x": 856.5556342663775,
                    "y": 1455.9312886820212
                }
            ]
        },
        {
            "id": "zF_SEHxAQ",
            "type": "RECTANGLE",
            "tags": [
                "leaf"
            ],
            "boundingBox": {
                "height": 364.1732106394582,
                "width": 269.65640042352334,
                "left": 1363.1921580790345,
                "top": 1065.0714285714287
            },
            "points": [
                {
                    "x": 1363.1921580790345,
                    "y": 1065.0714285714287
                },
                {
                    "x": 1632.8485585025578,
                    "y": 1065.0714285714287
                },
                {
                    "x": 1632.8485585025578,
                    "y": 1429.2446392108868
                },
                {
                    "x": 1363.1921580790345,
                    "y": 1429.2446392108868
                }
            ]
        },
        {
            "id": "hagwU5xbm",
            "type": "RECTANGLE",
            "tags": [
                "leaf"
            ],
            "boundingBox": {
                "height": 276.53509838550167,
                "width": 202.5143977316277,
                "left": 1700.2955082742317,
                "top": 1120.0259740259742
            },
            "points": [
                {
                    "x": 1700.2955082742317,
                    "y": 1120.0259740259742
                },
                {
                    "x": 1902.8099060058591,
                    "y": 1120.0259740259742
                },
                {
                    "x": 1902.8099060058591,
                    "y": 1396.5610724114758
                },
                {
                    "x": 1700.2955082742317,
                    "y": 1396.5610724114758
                }
            ]
        },
        {
            "id": "C97JFPagE",
            "type": "RECTANGLE",
            "tags": [
                "leaf"
            ],
            "boundingBox": {
                "height": 150.807952088195,
                "width": 110.24108352841496,
                "left": 2010.6109339215793,
                "top": 1188.7694682331828
            },
            "points": [
                {
                    "x": 2010.6109339215793,
                    "y": 1188.7694682331828
                },
                {
                    "x": 2120.8520174499945,
                    "y": 1188.7694682331828
                },
                {
                    "x": 2120.8520174499945,
                    "y": 1339.577420321378
                },
                {
                    "x": 2010.6109339215793,
                    "y": 1339.577420321378
                }
            ]
        }
    ],
    "version": "2.2.0"
}