{
    "asset": {
        "format": "jpg",
        "id": "a915f5283f3f9ca576dcb886d468a483",
        "name": "1_3_3.jpg",
        "path": "file:/Users/kaitomasuda/Desktop/Univ/LeafDetection/dataset/imgs/1_3_3.jpg",
        "size": {
            "width": 2218,
            "height": 2016
        },
        "state": 2,
        "type": 1
    },
    "regions": [
        {
            "id": "F6N2Ciz4l",
            "type": "RECTANGLE",
            "tags": [
                "leaf"
            ],
            "boundingBox": {
                "height": 247.45069771758784,
                "width": 188.54667262027138,
                "left": 392.7689672484434,
                "top": 369.7833161157025
            },
            "points": [
                {
                    "x": 392.7689672484434,
                    "y": 369.7833161157025
                },
                {
                    "x": 581.3156398687148,
                    "y": 369.7833161157025
                },
                {
                    "x": 581.3156398687148,
                    "y": 617.2340138332903
                },
                {
                    "x": 392.7689672484434,
                    "y": 617.2340138332903
                }
            ]
        },
        {
            "id": "vE1CAotfF",
            "type": "RECTANGLE",
            "tags": [
                "leaf"
            ],
            "boundingBox": {
                "height": 351.91266424005687,
                "width": 300.40030985667295,
                "left": 688.0275346569549,
                "top": 321.79439929300105
            },
            "points": [
                {
                    "x": 688.0275346569549,
                    "y": 321.79439929300105
                },
                {
                    "x": 988.4278445136279,
                    "y": 321.79439929300105
                },
                {
                    "x": 988.4278445136279,
                    "y": 673.7070635330579
                },
                {
                    "x": 688.0275346569549,
                    "y": 673.7070635330579
                }
            ]
        },
        {
            "id": "xJp7Q837c",
            "type": "RECTANGLE",
            "tags": [
                "leaf"
            ],
            "boundingBox": {
                "height": 438.1386516980889,
                "width": 426.0180195973332,
                "left": 1189.745153900376,
                "top": 281.95784639721074
            },
            "points": [
                {
                    "x": 1189.745153900376,
                    "y": 281.95784639721074
                },
                {
                    "x": 1615.7631734977092,
                    "y": 281.95784639721074
                },
                {
                    "x": 1615.7631734977092,
                    "y": 720.0964980952997
                },
                {
                    "x": 1189.745153900376,
                    "y": 720.0964980952997
                }
            ]
        },
        {
            "id": "QMiw7tSFb",
            "type": "RECTANGLE",
            "tags": [
                "leaf"
            ],
            "boundingBox": {
                "height": 529.4555764947056,
                "width": 431.2844504449601,
                "left": 1720.004711179805,
                "top": 285.12859149018595
            },
            "points": [
                {
                    "x": 1720.004711179805,
                    "y": 285.12859149018595
                },
                {
                    "x": 2151.2891616247653,
                    "y": 285.12859149018595
                },
                {
                    "x": 2151.2891616247653,
                    "y": 814.5841679848916
                },
                {
                    "x": 1720.004711179805,
                    "y": 814.5841679848916
                }
            ]
        },
        {
            "id": "kW1e4xJfn",
            "type": "RECTANGLE",
            "tags": [
                "leaf"
            ],
            "boundingBox": {
                "height": 460.9518982438017,
                "width": 419.2499841675723,
                "left": 301.33343712369305,
                "top": 849.5440986570248
            },
            "points": [
                {
                    "x": 301.33343712369305,
                    "y": 849.5440986570248
                },
                {
                    "x": 720.5834212912653,
                    "y": 849.5440986570248
                },
                {
                    "x": 720.5834212912653,
                    "y": 1310.4959969008266
                },
                {
                    "x": 301.33343712369305,
                    "y": 1310.4959969008266
                }
            ]
        },
        {
            "id": "cfeYBJe1I",
            "type": "RECTANGLE",
            "tags": [
                "leaf"
            ],
            "boundingBox": {
                "height": 518.1524244576447,
                "width": 400.1922529407014,
                "left": 808.6434583162007,
                "top": 803.1188177944216
            },
            "points": [
                {
                    "x": 808.6434583162007,
                    "y": 803.1188177944216
                },
                {
                    "x": 1208.8357112569022,
                    "y": 803.1188177944216
                },
                {
                    "x": 1208.8357112569022,
                    "y": 1321.2712422520663
                },
                {
                    "x": 808.6434583162007,
                    "y": 1321.2712422520663
                }
            ]
        },
        {
            "id": "P2GBicWTD",
            "type": "RECTANGLE",
            "tags": [
                "leaf"
            ],
            "boundingBox": {
                "height": 374.0927532605889,
                "width": 258.21491625793,
                "left": 1315.2890684658423,
                "top": 913.8363450736055
            },
            "points": [
                {
                    "x": 1315.2890684658423,
                    "y": 913.8363450736055
                },
                {
                    "x": 1573.5039847237724,
                    "y": 913.8363450736055
                },
                {
                    "x": 1573.5039847237724,
                    "y": 1287.9290983341944
                },
                {
                    "x": 1315.2890684658423,
                    "y": 1287.9290983341944
                }
            ]
        },
        {
            "id": "uSXEZc4u7",
            "type": "RECTANGLE",
            "tags": [
                "leaf"
            ],
            "boundingBox": {
                "height": 321.022686918905,
                "width": 226.17966730791824,
                "left": 1729.7426207119363,
                "top": 980.026157347624
            },
            "points": [
                {
                    "x": 1729.7426207119363,
                    "y": 980.026157347624
                },
                {
                    "x": 1955.9222880198545,
                    "y": 980.026157347624
                },
                {
                    "x": 1955.9222880198545,
                    "y": 1301.048844266529
                },
                {
                    "x": 1729.7426207119363,
                    "y": 1301.048844266529
                }
            ]
        },
        {
            "id": "4gHQ6ysUs",
            "type": "RECTANGLE",
            "tags": [
                "leaf"
            ],
            "boundingBox": {
                "height": 183.30653974044424,
                "width": 133.82627788342927,
                "left": 805.4641585959528,
                "top": 1379.6910511363637
            },
            "points": [
                {
                    "x": 805.4641585959528,
                    "y": 1379.6910511363637
                },
                {
                    "x": 939.2904364793822,
                    "y": 1379.6910511363637
                },
                {
                    "x": 939.2904364793822,
                    "y": 1562.997590876808
                },
                {
                    "x": 805.4641585959528,
                    "y": 1562.997590876808
                }
            ]
        },
        {
            "id": "XqqlchLdm",
            "type": "RECTANGLE",
            "tags": [
                "leaf"
            ],
            "boundingBox": {
                "height": 88.60035995609505,
                "width": 71.25713009941848,
                "left": 1203.38657373414,
                "top": 1512.315498288998
            },
            "points": [
                {
                    "x": 1203.38657373414,
                    "y": 1512.315498288998
                },
                {
                    "x": 1274.6437038335587,
                    "y": 1512.315498288998
                },
                {
                    "x": 1274.6437038335587,
                    "y": 1600.9158582450932
                },
                {
                    "x": 1203.38657373414,
                    "y": 1600.9158582450932
                }
            ]
        }
    ],
    "version": "2.2.0"
}