{
    "asset": {
        "format": "jpg",
        "id": "a99c8261a92b25cb2cacc8afc2e0d99a",
        "name": "3_2_4.jpg",
        "path": "file:/Users/kaitomasuda/Desktop/Univ/LeafDetection/dataset/imgs/3_2_4.jpg",
        "size": {
            "width": 2215,
            "height": 2009
        },
        "state": 2,
        "type": 1
    },
    "regions": [
        {
            "id": "CUcZ9F_jN",
            "type": "RECTANGLE",
            "tags": [
                "leaf"
            ],
            "boundingBox": {
                "height": 350.48808642953003,
                "width": 241.49050350388583,
                "left": 318.03769633329705,
                "top": 224.8109688493432
            },
            "points": [
                {
                    "x": 318.03769633329705,
                    "y": 224.8109688493432
                },
                {
                    "x": 559.5281998371829,
                    "y": 224.8109688493432
                },
                {
                    "x": 559.5281998371829,
                    "y": 575.2990552788732
                },
                {
                    "x": 318.03769633329705,
                    "y": 575.2990552788732
                }
            ]
        },
        {
            "id": "xRPyUKYP9",
            "type": "RECTANGLE",
            "tags": [
                "leaf"
            ],
            "boundingBox": {
                "height": 430.07752208746325,
                "width": 334.53263977263447,
                "left": 618.9384008533863,
                "top": 164.52977068822352
            },
            "points": [
                {
                    "x": 618.9384008533863,
                    "y": 164.52977068822352
                },
                {
                    "x": 953.4710406260208,
                    "y": 164.52977068822352
                },
                {
                    "x": 953.4710406260208,
                    "y": 594.6072927756868
                },
                {
                    "x": 618.9384008533863,
                    "y": 594.6072927756868
                }
            ]
        },
        {
            "id": "HBhsCv7Qg",
            "type": "RECTANGLE",
            "tags": [
                "leaf"
            ],
            "boundingBox": {
                "height": 484.15007185981733,
                "width": 439.46020784278363,
                "left": 1112.9383334382485,
                "top": 148.66912174041806
            },
            "points": [
                {
                    "x": 1112.9383334382485,
                    "y": 148.66912174041806
                },
                {
                    "x": 1552.3985412810323,
                    "y": 148.66912174041806
                },
                {
                    "x": 1552.3985412810323,
                    "y": 632.8191936002354
                },
                {
                    "x": 1112.9383334382485,
                    "y": 632.8191936002354
                }
            ]
        },
        {
            "id": "A9us7jAEp",
            "type": "RECTANGLE",
            "tags": [
                "leaf"
            ],
            "boundingBox": {
                "height": 527.6219075911333,
                "width": 445.9956290746815,
                "left": 1720.931293341341,
                "top": 222.49437574507405
            },
            "points": [
                {
                    "x": 1720.931293341341,
                    "y": 222.49437574507405
                },
                {
                    "x": 2166.9269224160225,
                    "y": 222.49437574507405
                },
                {
                    "x": 2166.9269224160225,
                    "y": 750.1162833362074
                },
                {
                    "x": 1720.931293341341,
                    "y": 750.1162833362074
                }
            ]
        },
        {
            "id": "5qErYGKQb",
            "type": "RECTANGLE",
            "tags": [
                "leaf"
            ],
            "boundingBox": {
                "height": 430.5656470593472,
                "width": 333.56603429707917,
                "left": 217.95587413402384,
                "top": 793.4846808201063
            },
            "points": [
                {
                    "x": 217.95587413402384,
                    "y": 793.4846808201063
                },
                {
                    "x": 551.521908431103,
                    "y": 793.4846808201063
                },
                {
                    "x": 551.521908431103,
                    "y": 1224.0503278794536
                },
                {
                    "x": 217.95587413402384,
                    "y": 1224.0503278794536
                }
            ]
        },
        {
            "id": "REbT4miuA",
            "type": "RECTANGLE",
            "tags": [
                "leaf"
            ],
            "boundingBox": {
                "height": 506.4870847969273,
                "width": 487.38937803261786,
                "left": 639.4050470544902,
                "top": 724.8874712045272
            },
            "points": [
                {
                    "x": 639.4050470544902,
                    "y": 724.8874712045272
                },
                {
                    "x": 1126.794425087108,
                    "y": 724.8874712045272
                },
                {
                    "x": 1126.794425087108,
                    "y": 1231.3745560014545
                },
                {
                    "x": 639.4050470544902,
                    "y": 1231.3745560014545
                }
            ]
        },
        {
            "id": "iCSM1UIt9",
            "type": "RECTANGLE",
            "tags": [
                "leaf"
            ],
            "boundingBox": {
                "height": 328.3082902143189,
                "width": 268.8124174855727,
                "left": 1170.423095915791,
                "top": 894.1797553298569
            },
            "points": [
                {
                    "x": 1170.423095915791,
                    "y": 894.1797553298569
                },
                {
                    "x": 1439.2355134013637,
                    "y": 894.1797553298569
                },
                {
                    "x": 1439.2355134013637,
                    "y": 1222.4880455441757
                },
                {
                    "x": 1170.423095915791,
                    "y": 1222.4880455441757
                }
            ]
        },
        {
            "id": "SS5_5IVpd",
            "type": "RECTANGLE",
            "tags": [
                "leaf"
            ],
            "boundingBox": {
                "height": 269.6231477411603,
                "width": 187.63404447442562,
                "left": 1551.1224524733911,
                "top": 865.8878060192612
            },
            "points": [
                {
                    "x": 1551.1224524733911,
                    "y": 865.8878060192612
                },
                {
                    "x": 1738.756496947817,
                    "y": 865.8878060192612
                },
                {
                    "x": 1738.756496947817,
                    "y": 1135.5109537604217
                },
                {
                    "x": 1551.1224524733911,
                    "y": 1135.5109537604217
                }
            ]
        },
        {
            "id": "2ZXwTvGOs",
            "type": "RECTANGLE",
            "tags": [
                "leaf"
            ],
            "boundingBox": {
                "height": 149.88590385451656,
                "width": 112.6882041372904,
                "left": 1850.2190151945638,
                "top": 928.9423024475917
            },
            "points": [
                {
                    "x": 1850.2190151945638,
                    "y": 928.9423024475917
                },
                {
                    "x": 1962.9072193318543,
                    "y": 928.9423024475917
                },
                {
                    "x": 1962.9072193318543,
                    "y": 1078.8282063021084
                },
                {
                    "x": 1850.2190151945638,
                    "y": 1078.8282063021084
                }
            ]
        },
        {
            "id": "RjBsM5OqG",
            "type": "RECTANGLE",
            "tags": [
                "leaf"
            ],
            "boundingBox": {
                "height": 84.45997675275161,
                "width": 48.876697925740416,
                "left": 525.4913925543063,
                "top": 1338.9724566263794
            },
            "points": [
                {
                    "x": 525.4913925543063,
                    "y": 1338.9724566263794
                },
                {
                    "x": 574.3680904800468,
                    "y": 1338.9724566263794
                },
                {
                    "x": 574.3680904800468,
                    "y": 1423.432433379131
                },
                {
                    "x": 525.4913925543063,
                    "y": 1423.432433379131
                }
            ]
        }
    ],
    "version": "2.2.0"
}