{
    "asset": {
        "format": "jpg",
        "id": "ab3e5a825bf9c5dca825710bec09abfc",
        "name": "1_3_9.jpg",
        "path": "file:/Users/kaitomasuda/Desktop/Univ/LeafDetection/dataset/imgs/1_3_9.jpg",
        "size": {
            "width": 2210,
            "height": 2011
        },
        "state": 2,
        "type": 1
    },
    "regions": [
        {
            "id": "uwQj32pPy",
            "type": "RECTANGLE",
            "tags": [
                "leaf"
            ],
            "boundingBox": {
                "height": 321.7503733989621,
                "width": 189.25200039282777,
                "left": 406.0038493450423,
                "top": 220.84401671354436
            },
            "points": [
                {
                    "x": 406.0038493450423,
                    "y": 220.84401671354436
                },
                {
                    "x": 595.25584973787,
                    "y": 220.84401671354436
                },
                {
                    "x": 595.25584973787,
                    "y": 542.5943901125065
                },
                {
                    "x": 406.0038493450423,
                    "y": 542.5943901125065
                }
            ]
        },
        {
            "id": "KyNqQDSwF",
            "type": "RECTANGLE",
            "tags": [
                "leaf"
            ],
            "boundingBox": {
                "height": 371.98431579337637,
                "width": 313.68184254581763,
                "left": 648.2722920582706,
                "top": 205.82908043979614
            },
            "points": [
                {
                    "x": 648.2722920582706,
                    "y": 205.82908043979614
                },
                {
                    "x": 961.9541346040883,
                    "y": 205.82908043979614
                },
                {
                    "x": 961.9541346040883,
                    "y": 577.8133962331725
                },
                {
                    "x": 648.2722920582706,
                    "y": 577.8133962331725
                }
            ]
        },
        {
            "id": "6niiAP-hi",
            "type": "RECTANGLE",
            "tags": [
                "leaf"
            ],
            "boundingBox": {
                "height": 483.5657767303719,
                "width": 366.93408478471565,
                "left": 1130.0936751975153,
                "top": 123.60089111328125
            },
            "points": [
                {
                    "x": 1130.0936751975153,
                    "y": 123.60089111328125
                },
                {
                    "x": 1497.027759982231,
                    "y": 123.60089111328125
                },
                {
                    "x": 1497.027759982231,
                    "y": 607.1666678436532
                },
                {
                    "x": 1130.0936751975153,
                    "y": 607.1666678436532
                }
            ]
        },
        {
            "id": "uqWMsgiQJ",
            "type": "RECTANGLE",
            "tags": [
                "leaf"
            ],
            "boundingBox": {
                "height": 486.685926516194,
                "width": 415.56262023466866,
                "left": 1669.9436434408774,
                "top": 132.7223238353887
            },
            "points": [
                {
                    "x": 1669.9436434408774,
                    "y": 132.7223238353887
                },
                {
                    "x": 2085.506263675546,
                    "y": 132.7223238353887
                },
                {
                    "x": 2085.506263675546,
                    "y": 619.4082503515828
                },
                {
                    "x": 1669.9436434408774,
                    "y": 619.4082503515828
                }
            ]
        },
        {
            "id": "OiSBlAKne",
            "type": "RECTANGLE",
            "tags": [
                "leaf"
            ],
            "boundingBox": {
                "height": 430.13966256133784,
                "width": 393.3401259802338,
                "left": 451.9432515309269,
                "top": 933.5340564822363
            },
            "points": [
                {
                    "x": 451.9432515309269,
                    "y": 933.5340564822363
                },
                {
                    "x": 845.2833775111607,
                    "y": 933.5340564822363
                },
                {
                    "x": 845.2833775111607,
                    "y": 1363.6737190435742
                },
                {
                    "x": 451.9432515309269,
                    "y": 1363.6737190435742
                }
            ]
        },
        {
            "id": "Fj66kp6gb",
            "type": "RECTANGLE",
            "tags": [
                "leaf"
            ],
            "boundingBox": {
                "height": 359.5728222555363,
                "width": 278.3270676691729,
                "left": 1017.7631578947368,
                "top": 969.2054824198576
            },
            "points": [
                {
                    "x": 1017.7631578947368,
                    "y": 969.2054824198576
                },
                {
                    "x": 1296.0902255639096,
                    "y": 969.2054824198576
                },
                {
                    "x": 1296.0902255639096,
                    "y": 1328.7783046753939
                },
                {
                    "x": 1017.7631578947368,
                    "y": 1328.7783046753939
                }
            ]
        },
        {
            "id": "vYeTzq_rq",
            "type": "RECTANGLE",
            "tags": [
                "leaf"
            ],
            "boundingBox": {
                "height": 248.4337639926879,
                "width": 198.97709896689966,
                "left": 1357.5057088522085,
                "top": 1041.9806589173877
            },
            "points": [
                {
                    "x": 1357.5057088522085,
                    "y": 1041.9806589173877
                },
                {
                    "x": 1556.4828078191083,
                    "y": 1041.9806589173877
                },
                {
                    "x": 1556.4828078191083,
                    "y": 1290.4144229100757
                },
                {
                    "x": 1357.5057088522085,
                    "y": 1290.4144229100757
                }
            ]
        },
        {
            "id": "2nlGsp-NX",
            "type": "RECTANGLE",
            "tags": [
                "leaf"
            ],
            "boundingBox": {
                "height": 155.09529529918325,
                "width": 112.91570677793115,
                "left": 1671.836127948044,
                "top": 1074.8323225541549
            },
            "points": [
                {
                    "x": 1671.836127948044,
                    "y": 1074.8323225541549
                },
                {
                    "x": 1784.751834725975,
                    "y": 1074.8323225541549
                },
                {
                    "x": 1784.751834725975,
                    "y": 1229.9276178533382
                },
                {
                    "x": 1671.836127948044,
                    "y": 1229.9276178533382
                }
            ]
        },
        {
            "id": "yQAZ_EtIw",
            "type": "RECTANGLE",
            "tags": [
                "leaf"
            ],
            "boundingBox": {
                "height": 98.52329109128843,
                "width": 63.17764396954299,
                "left": 1891.5225449182035,
                "top": 1123.0472400759863
            },
            "points": [
                {
                    "x": 1891.5225449182035,
                    "y": 1123.0472400759863
                },
                {
                    "x": 1954.7001888877467,
                    "y": 1123.0472400759863
                },
                {
                    "x": 1954.7001888877467,
                    "y": 1221.5705311672748
                },
                {
                    "x": 1891.5225449182035,
                    "y": 1221.5705311672748
                }
            ]
        },
        {
            "id": "s5mAZlsby",
            "type": "RECTANGLE",
            "tags": [
                "mark"
            ],
            "boundingBox": {
                "height": 60.037555221683725,
                "width": 53.48753506079652,
                "left": 2089.486971977062,
                "top": 43.19785056626501
            },
            "points": [
                {
                    "x": 2089.486971977062,
                    "y": 43.19785056626501
                },
                {
                    "x": 2142.974507037858,
                    "y": 43.19785056626501
                },
                {
                    "x": 2142.974507037858,
                    "y": 103.23540578794874
                },
                {
                    "x": 2089.486971977062,
                    "y": 103.23540578794874
                }
            ]
        },
        {
            "id": "MIKxaCLyo",
            "type": "RECTANGLE",
            "tags": [
                "tag"
            ],
            "boundingBox": {
                "height": 123.10865632364573,
                "width": 321.26648637585174,
                "left": 1789.312661536654,
                "top": 1773.4258332055463
            },
            "points": [
                {
                    "x": 1789.312661536654,
                    "y": 1773.4258332055463
                },
                {
                    "x": 2110.5791479125055,
                    "y": 1773.4258332055463
                },
                {
                    "x": 2110.5791479125055,
                    "y": 1896.5344895291921
                },
                {
                    "x": 1789.312661536654,
                    "y": 1896.5344895291921
                }
            ]
        },
        {
            "id": "e_N4wKFZQ",
            "type": "RECTANGLE",
            "tags": [
                "scale"
            ],
            "boundingBox": {
                "height": 1432.3568293043406,
                "width": 740.5344614588228,
                "left": 175.70035088331178,
                "top": 384.14271797621547
            },
            "points": [
                {
                    "x": 175.70035088331178,
                    "y": 384.14271797621547
                },
                {
                    "x": 916.2348123421345,
                    "y": 384.14271797621547
                },
                {
                    "x": 916.2348123421345,
                    "y": 1816.499547280556
                },
                {
                    "x": 175.70035088331178,
                    "y": 1816.499547280556
                }
            ]
        }
    ],
    "version": "2.2.0"
}