{
    "asset": {
        "format": "jpg",
        "id": "aee750aefc71de90c97ab5d379134e52",
        "name": "1_3_8.jpg",
        "path": "file:/Users/kaitomasuda/Desktop/Univ/LeafDetection/dataset/imgs/1_3_8.jpg",
        "size": {
            "width": 2213,
            "height": 2015
        },
        "state": 2,
        "type": 1
    },
    "regions": [
        {
            "id": "QLiqs0A8d",
            "type": "RECTANGLE",
            "tags": [
                "leaf"
            ],
            "boundingBox": {
                "height": 366.70540486485504,
                "width": 228.86477729969457,
                "left": 336.559367244405,
                "top": 274.0843623137671
            },
            "points": [
                {
                    "x": 336.559367244405,
                    "y": 274.0843623137671
                },
                {
                    "x": 565.4241445440996,
                    "y": 274.0843623137671
                },
                {
                    "x": 565.4241445440996,
                    "y": 640.7897671786221
                },
                {
                    "x": 336.559367244405,
                    "y": 640.7897671786221
                }
            ]
        },
        {
            "id": "BKd26Dl58",
            "type": "RECTANGLE",
            "tags": [
                "leaf"
            ],
            "boundingBox": {
                "height": 373.97605328520467,
                "width": 292.118534862547,
                "left": 664.4396738611666,
                "top": 302.466394093411
            },
            "points": [
                {
                    "x": 664.4396738611666,
                    "y": 302.466394093411
                },
                {
                    "x": 956.5582087237136,
                    "y": 302.466394093411
                },
                {
                    "x": 956.5582087237136,
                    "y": 676.4424473786157
                },
                {
                    "x": 664.4396738611666,
                    "y": 676.4424473786157
                }
            ]
        },
        {
            "id": "Alugsh-5q",
            "type": "RECTANGLE",
            "tags": [
                "leaf"
            ],
            "boundingBox": {
                "height": 458.8436517636638,
                "width": 381.5846601213728,
                "left": 1119.169234885309,
                "top": 272.6916239084291
            },
            "points": [
                {
                    "x": 1119.169234885309,
                    "y": 272.6916239084291
                },
                {
                    "x": 1500.753895006682,
                    "y": 272.6916239084291
                },
                {
                    "x": 1500.753895006682,
                    "y": 731.5352756720929
                },
                {
                    "x": 1119.169234885309,
                    "y": 731.5352756720929
                }
            ]
        },
        {
            "id": "tjkNXV1eP",
            "type": "RECTANGLE",
            "tags": [
                "leaf"
            ],
            "boundingBox": {
                "height": 509.44330420375854,
                "width": 462.03658667542885,
                "left": 1698.7290972946282,
                "top": 236.28057337989492
            },
            "points": [
                {
                    "x": 1698.7290972946282,
                    "y": 236.28057337989492
                },
                {
                    "x": 2160.765683970057,
                    "y": 236.28057337989492
                },
                {
                    "x": 2160.765683970057,
                    "y": 745.7238775836535
                },
                {
                    "x": 1698.7290972946282,
                    "y": 745.7238775836535
                }
            ]
        },
        {
            "id": "pHCbiy-UB",
            "type": "RECTANGLE",
            "tags": [
                "leaf"
            ],
            "boundingBox": {
                "height": 473.441867670737,
                "width": 357.9388915327259,
                "left": 388.3481019672595,
                "top": 1036.8768449263139
            },
            "points": [
                {
                    "x": 388.3481019672595,
                    "y": 1036.8768449263139
                },
                {
                    "x": 746.2869934999853,
                    "y": 1036.8768449263139
                },
                {
                    "x": 746.2869934999853,
                    "y": 1510.318712597051
                },
                {
                    "x": 388.3481019672595,
                    "y": 1510.318712597051
                }
            ]
        },
        {
            "id": "YYV6h958q",
            "type": "RECTANGLE",
            "tags": [
                "leaf"
            ],
            "boundingBox": {
                "height": 299.9690700562532,
                "width": 225.07365474844337,
                "left": 893.6807198201803,
                "top": 1085.5891475204594
            },
            "points": [
                {
                    "x": 893.6807198201803,
                    "y": 1085.5891475204594
                },
                {
                    "x": 1118.7543745686237,
                    "y": 1085.5891475204594
                },
                {
                    "x": 1118.7543745686237,
                    "y": 1385.5582175767127
                },
                {
                    "x": 893.6807198201803,
                    "y": 1385.5582175767127
                }
            ]
        },
        {
            "id": "Vk2Dfeowf",
            "type": "RECTANGLE",
            "tags": [
                "leaf"
            ],
            "boundingBox": {
                "height": 259.0302856697524,
                "width": 186.6688622496182,
                "left": 1215.338121686663,
                "top": 1136.2016321607857
            },
            "points": [
                {
                    "x": 1215.338121686663,
                    "y": 1136.2016321607857
                },
                {
                    "x": 1402.0069839362811,
                    "y": 1136.2016321607857
                },
                {
                    "x": 1402.0069839362811,
                    "y": 1395.2319178305381
                },
                {
                    "x": 1215.338121686663,
                    "y": 1395.2319178305381
                }
            ]
        },
        {
            "id": "oNtF8FFWt",
            "type": "RECTANGLE",
            "tags": [
                "leaf"
            ],
            "boundingBox": {
                "height": 179.70772230920713,
                "width": 141.58618967156661,
                "left": 1655.3160216826245,
                "top": 1204.544151873628
            },
            "points": [
                {
                    "x": 1655.3160216826245,
                    "y": 1204.544151873628
                },
                {
                    "x": 1796.9022113541912,
                    "y": 1204.544151873628
                },
                {
                    "x": 1796.9022113541912,
                    "y": 1384.251874182835
                },
                {
                    "x": 1655.3160216826245,
                    "y": 1384.251874182835
                }
            ]
        }
    ],
    "version": "2.2.0"
}