{
    "asset": {
        "format": "jpg",
        "id": "b0477a1b37a1e19a34547783e1bcaf79",
        "name": "1_1_6.jpg",
        "path": "file:/Users/kaitomasuda/Desktop/Univ/LeafDetection/dataset/imgs/1_1_6.jpg",
        "size": {
            "width": 2214,
            "height": 2015
        },
        "state": 2,
        "type": 1
    },
    "regions": [
        {
            "id": "e9lzqbb13",
            "type": "RECTANGLE",
            "tags": [
                "leaf"
            ],
            "boundingBox": {
                "height": 340.7578913370768,
                "width": 203.4009693818934,
                "left": 398.0508717256434,
                "top": 238.6444802119814
            },
            "points": [
                {
                    "x": 398.0508717256434,
                    "y": 238.6444802119814
                },
                {
                    "x": 601.4518411075368,
                    "y": 238.6444802119814
                },
                {
                    "x": 601.4518411075368,
                    "y": 579.4023715490582
                },
                {
                    "x": 398.0508717256434,
                    "y": 579.4023715490582
                }
            ]
        },
        {
            "id": "vF8sv0jLQ",
            "type": "RECTANGLE",
            "tags": [
                "leaf"
            ],
            "boundingBox": {
                "height": 415.1887979178593,
                "width": 299.3890869140625,
                "left": 728.5356488396139,
                "top": 149.63568742247833
            },
            "points": [
                {
                    "x": 728.5356488396139,
                    "y": 149.63568742247833
                },
                {
                    "x": 1027.9247357536765,
                    "y": 149.63568742247833
                },
                {
                    "x": 1027.9247357536765,
                    "y": 564.8244853403376
                },
                {
                    "x": 728.5356488396139,
                    "y": 564.8244853403376
                }
            ]
        },
        {
            "id": "0YpqnkMGI",
            "type": "RECTANGLE",
            "tags": [
                "leaf"
            ],
            "boundingBox": {
                "height": 496.888326666821,
                "width": 412.47712258731616,
                "left": 1117.0499224494486,
                "top": 187.51868346641803
            },
            "points": [
                {
                    "x": 1117.0499224494486,
                    "y": 187.51868346641803
                },
                {
                    "x": 1529.5270450367648,
                    "y": 187.51868346641803
                },
                {
                    "x": 1529.5270450367648,
                    "y": 684.407010133239
                },
                {
                    "x": 1117.0499224494486,
                    "y": 684.407010133239
                }
            ]
        },
        {
            "id": "94borMV0z",
            "type": "RECTANGLE",
            "tags": [
                "leaf"
            ],
            "boundingBox": {
                "height": 475.0161520640055,
                "width": 404.3656795726103,
                "left": 1659.4083467371322,
                "top": 218.74750060596685
            },
            "points": [
                {
                    "x": 1659.4083467371322,
                    "y": 218.74750060596685
                },
                {
                    "x": 2063.7740263097426,
                    "y": 218.74750060596685
                },
                {
                    "x": 2063.7740263097426,
                    "y": 693.7636526699723
                },
                {
                    "x": 1659.4083467371322,
                    "y": 693.7636526699723
                }
            ]
        },
        {
            "id": "UmaDRVyVE",
            "type": "RECTANGLE",
            "tags": [
                "leaf"
            ],
            "boundingBox": {
                "height": 353.5253588358561,
                "width": 262.8190558938419,
                "left": 437.63549086626836,
                "top": 798.6708391123805
            },
            "points": [
                {
                    "x": 437.63549086626836,
                    "y": 798.6708391123805
                },
                {
                    "x": 700.4545467601102,
                    "y": 798.6708391123805
                },
                {
                    "x": 700.4545467601102,
                    "y": 1152.1961979482364
                },
                {
                    "x": 437.63549086626836,
                    "y": 1152.1961979482364
                }
            ]
        },
        {
            "id": "E2eAk0PSd",
            "type": "RECTANGLE",
            "tags": [
                "leaf"
            ],
            "boundingBox": {
                "height": 445.2940881663355,
                "width": 401.5068905101103,
                "left": 833.8358513327206,
                "top": 742.7736865514996
            },
            "points": [
                {
                    "x": 833.8358513327206,
                    "y": 742.7736865514996
                },
                {
                    "x": 1235.342741842831,
                    "y": 742.7736865514996
                },
                {
                    "x": 1235.342741842831,
                    "y": 1188.0677747178352
                },
                {
                    "x": 833.8358513327206,
                    "y": 1188.0677747178352
                }
            ]
        },
        {
            "id": "IqclWjmxC",
            "type": "RECTANGLE",
            "tags": [
                "leaf"
            ],
            "boundingBox": {
                "height": 258.3517241203922,
                "width": 194.36727366727942,
                "left": 1364.9106789981618,
                "top": 881.2723523720928
            },
            "points": [
                {
                    "x": 1364.9106789981618,
                    "y": 881.2723523720928
                },
                {
                    "x": 1559.277952665441,
                    "y": 881.2723523720928
                },
                {
                    "x": 1559.277952665441,
                    "y": 1139.6240764924848
                },
                {
                    "x": 1364.9106789981618,
                    "y": 1139.6240764924848
                }
            ]
        },
        {
            "id": "2XyWLaOYN",
            "type": "RECTANGLE",
            "tags": [
                "leaf"
            ],
            "boundingBox": {
                "height": 148.99133704174523,
                "width": 103.84766773897059,
                "left": 1715.130003446691,
                "top": 943.0942947563083
            },
            "points": [
                {
                    "x": 1715.130003446691,
                    "y": 943.0942947563083
                },
                {
                    "x": 1818.9776711856616,
                    "y": 943.0942947563083
                },
                {
                    "x": 1818.9776711856616,
                    "y": 1092.0856317980536
                },
                {
                    "x": 1715.130003446691,
                    "y": 1092.0856317980536
                }
            ]
        },
        {
            "id": "fT8Zl03_i",
            "type": "RECTANGLE",
            "tags": [
                "leaf"
            ],
            "boundingBox": {
                "height": 121.86730483482623,
                "width": 57.819821346507354,
                "left": 1936.6419950597426,
                "top": 978.511742778208
            },
            "points": [
                {
                    "x": 1936.6419950597426,
                    "y": 978.511742778208
                },
                {
                    "x": 1994.46181640625,
                    "y": 978.511742778208
                },
                {
                    "x": 1994.46181640625,
                    "y": 1100.3790476130343
                },
                {
                    "x": 1936.6419950597426,
                    "y": 1100.3790476130343
                }
            ]
        }
    ],
    "version": "2.2.0"
}