{
    "asset": {
        "format": "jpg",
        "id": "b10f837a6a8e669d64c755ab19f5e638",
        "name": "3_1_7.jpg",
        "path": "file:/Users/kaitomasuda/Desktop/Univ/LeafDetection/dataset/imgs/3_1_7.jpg",
        "size": {
            "width": 2215,
            "height": 2016
        },
        "state": 2,
        "type": 1
    },
    "regions": [
        {
            "id": "T_Ad8dw8x",
            "type": "RECTANGLE",
            "tags": [
                "leaf"
            ],
            "boundingBox": {
                "height": 330.8150592672414,
                "width": 227.92152006036312,
                "left": 347.2059115632486,
                "top": 293.55130320581895
            },
            "points": [
                {
                    "x": 347.2059115632486,
                    "y": 293.55130320581895
                },
                {
                    "x": 575.1274316236118,
                    "y": 293.55130320581895
                },
                {
                    "x": 575.1274316236118,
                    "y": 624.3663624730603
                },
                {
                    "x": 347.2059115632486,
                    "y": 624.3663624730603
                }
            ]
        },
        {
            "id": "0R6iI5TQL",
            "type": "RECTANGLE",
            "tags": [
                "leaf"
            ],
            "boundingBox": {
                "height": 424.7992995689655,
                "width": 357.6619260568652,
                "left": 703.6680597710692,
                "top": 216.10614224137933
            },
            "points": [
                {
                    "x": 703.6680597710692,
                    "y": 216.10614224137933
                },
                {
                    "x": 1061.3299858279345,
                    "y": 216.10614224137933
                },
                {
                    "x": 1061.3299858279345,
                    "y": 640.9054418103449
                },
                {
                    "x": 703.6680597710692,
                    "y": 640.9054418103449
                }
            ]
        },
        {
            "id": "ODPtTTISQ",
            "type": "RECTANGLE",
            "tags": [
                "leaf"
            ],
            "boundingBox": {
                "height": 489.3319639008621,
                "width": 442.53243050924164,
                "left": 1110.3461161224684,
                "top": 232.0880926724138
            },
            "points": [
                {
                    "x": 1110.3461161224684,
                    "y": 232.0880926724138
                },
                {
                    "x": 1552.87854663171,
                    "y": 232.0880926724138
                },
                {
                    "x": 1552.87854663171,
                    "y": 721.4200565732759
                },
                {
                    "x": 1110.3461161224684,
                    "y": 721.4200565732759
                }
            ]
        },
        {
            "id": "z3LtGmGS6",
            "type": "RECTANGLE",
            "tags": [
                "leaf"
            ],
            "boundingBox": {
                "height": 564.238870554957,
                "width": 439.669356395974,
                "left": 1656.8616488254029,
                "top": 221.78739560883622
            },
            "points": [
                {
                    "x": 1656.8616488254029,
                    "y": 221.78739560883622
                },
                {
                    "x": 2096.5310052213767,
                    "y": 221.78739560883622
                },
                {
                    "x": 2096.5310052213767,
                    "y": 786.0262661637931
                },
                {
                    "x": 1656.8616488254029,
                    "y": 786.0262661637931
                }
            ]
        },
        {
            "id": "Vp96hYzv1",
            "type": "RECTANGLE",
            "tags": [
                "leaf"
            ],
            "boundingBox": {
                "height": 470.1411301185345,
                "width": 438.77717765781523,
                "left": 287.70409029119935,
                "top": 848.6955482219828
            },
            "points": [
                {
                    "x": 287.70409029119935,
                    "y": 848.6955482219828
                },
                {
                    "x": 726.4812679490145,
                    "y": 848.6955482219828
                },
                {
                    "x": 726.4812679490145,
                    "y": 1318.8366783405172
                },
                {
                    "x": 287.70409029119935,
                    "y": 1318.8366783405172
                }
            ]
        },
        {
            "id": "JZl-Tt-eX",
            "type": "RECTANGLE",
            "tags": [
                "leaf"
            ],
            "boundingBox": {
                "height": 405.52596309267244,
                "width": 297.5496171160442,
                "left": 790.8373140873393,
                "top": 870.862372036638
            },
            "points": [
                {
                    "x": 790.8373140873393,
                    "y": 870.862372036638
                },
                {
                    "x": 1088.3869312033835,
                    "y": 870.862372036638
                },
                {
                    "x": 1088.3869312033835,
                    "y": 1276.3883351293105
                },
                {
                    "x": 790.8373140873393,
                    "y": 1276.3883351293105
                }
            ]
        },
        {
            "id": "GduS7sGEo",
            "type": "RECTANGLE",
            "tags": [
                "leaf"
            ],
            "boundingBox": {
                "height": 315.0047144396552,
                "width": 232.80966090823713,
                "left": 1252.7541412459848,
                "top": 960.901333512931
            },
            "points": [
                {
                    "x": 1252.7541412459848,
                    "y": 960.901333512931
                },
                {
                    "x": 1485.563802154222,
                    "y": 960.901333512931
                },
                {
                    "x": 1485.563802154222,
                    "y": 1275.9060479525863
                },
                {
                    "x": 1252.7541412459848,
                    "y": 1275.9060479525863
                }
            ]
        },
        {
            "id": "2ZWBmZj0K",
            "type": "RECTANGLE",
            "tags": [
                "leaf"
            ],
            "boundingBox": {
                "height": 139.88873922413794,
                "width": 94.76878947081882,
                "left": 1626.9350345624864,
                "top": 1107.9230199353449
            },
            "points": [
                {
                    "x": 1626.9350345624864,
                    "y": 1107.9230199353449
                },
                {
                    "x": 1721.7038240333052,
                    "y": 1107.9230199353449
                },
                {
                    "x": 1721.7038240333052,
                    "y": 1247.8117591594828
                },
                {
                    "x": 1626.9350345624864,
                    "y": 1247.8117591594828
                }
            ]
        },
        {
            "id": "T2agBtvEN",
            "type": "RECTANGLE",
            "tags": [
                "leaf"
            ],
            "boundingBox": {
                "height": 102.36769261853449,
                "width": 65.9025206881533,
                "left": 1813.707047837952,
                "top": 1166.2321524784484
            },
            "points": [
                {
                    "x": 1813.707047837952,
                    "y": 1166.2321524784484
                },
                {
                    "x": 1879.6095685261052,
                    "y": 1166.2321524784484
                },
                {
                    "x": 1879.6095685261052,
                    "y": 1268.5998450969828
                },
                {
                    "x": 1813.707047837952,
                    "y": 1268.5998450969828
                }
            ]
        }
    ],
    "version": "2.2.0"
}