{
    "asset": {
        "format": "jpg",
        "id": "b13ff5eb7f799911ae573b8984b751b5",
        "name": "3_3_8.jpg",
        "path": "file:/Users/kaitomasuda/Desktop/Univ/LeafDetection/dataset/imgs/3_3_8.jpg",
        "size": {
            "width": 2218,
            "height": 2013
        },
        "state": 2,
        "type": 1
    },
    "regions": [
        {
            "id": "hpSayZlzd",
            "type": "RECTANGLE",
            "tags": [
                "leaf"
            ],
            "boundingBox": {
                "height": 336.8180539063437,
                "width": 217.7965974708052,
                "left": 385.18403971070614,
                "top": 304.77607893989546
            },
            "points": [
                {
                    "x": 385.18403971070614,
                    "y": 304.77607893989546
                },
                {
                    "x": 602.9806371815113,
                    "y": 304.77607893989546
                },
                {
                    "x": 602.9806371815113,
                    "y": 641.5941328462392
                },
                {
                    "x": 385.18403971070614,
                    "y": 641.5941328462392
                }
            ]
        },
        {
            "id": "nZ5kQt6WV",
            "type": "RECTANGLE",
            "tags": [
                "leaf"
            ],
            "boundingBox": {
                "height": 390.35093024138524,
                "width": 317.7604355230564,
                "left": 792.728228525833,
                "top": 252.85564219059276
            },
            "points": [
                {
                    "x": 792.728228525833,
                    "y": 252.85564219059276
                },
                {
                    "x": 1110.4886640488894,
                    "y": 252.85564219059276
                },
                {
                    "x": 1110.4886640488894,
                    "y": 643.206572431978
                },
                {
                    "x": 792.728228525833,
                    "y": 643.206572431978
                }
            ]
        },
        {
            "id": "nDmIj1mKT",
            "type": "RECTANGLE",
            "tags": [
                "leaf"
            ],
            "boundingBox": {
                "height": 506.7453681228257,
                "width": 446.3133685281468,
                "left": 1217.68615467457,
                "top": 147.42331735094768
            },
            "points": [
                {
                    "x": 1217.68615467457,
                    "y": 147.42331735094768
                },
                {
                    "x": 1663.9995232027168,
                    "y": 147.42331735094768
                },
                {
                    "x": 1663.9995232027168,
                    "y": 654.1686854737734
                },
                {
                    "x": 1217.68615467457,
                    "y": 654.1686854737734
                }
            ]
        },
        {
            "id": "dKlfZqF_8",
            "type": "RECTANGLE",
            "tags": [
                "leaf"
            ],
            "boundingBox": {
                "height": 487.8328372420825,
                "width": 439.0257070720819,
                "left": 1757.3980980849847,
                "top": 269.3565294262086
            },
            "points": [
                {
                    "x": 1757.3980980849847,
                    "y": 269.3565294262086
                },
                {
                    "x": 2196.4238051570665,
                    "y": 269.3565294262086
                },
                {
                    "x": 2196.4238051570665,
                    "y": 757.1893666682912
                },
                {
                    "x": 1757.3980980849847,
                    "y": 757.1893666682912
                }
            ]
        },
        {
            "id": "v90orc6X0",
            "type": "RECTANGLE",
            "tags": [
                "leaf"
            ],
            "boundingBox": {
                "height": 465.2167065523407,
                "width": 390.4139391536912,
                "left": 397.8525424651568,
                "top": 938.254717865283
            },
            "points": [
                {
                    "x": 397.8525424651568,
                    "y": 938.254717865283
                },
                {
                    "x": 788.266481618848,
                    "y": 938.254717865283
                },
                {
                    "x": 788.266481618848,
                    "y": 1403.471424417624
                },
                {
                    "x": 397.8525424651568,
                    "y": 1403.471424417624
                }
            ]
        },
        {
            "id": "U_BnuWjao",
            "type": "RECTANGLE",
            "tags": [
                "leaf"
            ],
            "boundingBox": {
                "height": 389.8578244024412,
                "width": 318.20382722329595,
                "left": 947.9242857823389,
                "top": 956.8163441604936
            },
            "points": [
                {
                    "x": 947.9242857823389,
                    "y": 956.8163441604936
                },
                {
                    "x": 1266.1281130056348,
                    "y": 956.8163441604936
                },
                {
                    "x": 1266.1281130056348,
                    "y": 1346.674168562935
                },
                {
                    "x": 947.9242857823389,
                    "y": 1346.674168562935
                }
            ]
        },
        {
            "id": "QZhOkkgBJ",
            "type": "RECTANGLE",
            "tags": [
                "leaf"
            ],
            "boundingBox": {
                "height": 239.28603452363993,
                "width": 194.88008612124347,
                "left": 1450.966792196347,
                "top": 1043.5383563197277
            },
            "points": [
                {
                    "x": 1450.966792196347,
                    "y": 1043.5383563197277
                },
                {
                    "x": 1645.8468783175904,
                    "y": 1043.5383563197277
                },
                {
                    "x": 1645.8468783175904,
                    "y": 1282.8243908433676
                },
                {
                    "x": 1450.966792196347,
                    "y": 1282.8243908433676
                }
            ]
        },
        {
            "id": "peG6YMSvY",
            "type": "RECTANGLE",
            "tags": [
                "leaf"
            ],
            "boundingBox": {
                "height": 199.65645536397102,
                "width": 162.5294729624891,
                "left": 1703.8363806960474,
                "top": 1110.4248264774021
            },
            "points": [
                {
                    "x": 1703.8363806960474,
                    "y": 1110.4248264774021
                },
                {
                    "x": 1866.3658536585365,
                    "y": 1110.4248264774021
                },
                {
                    "x": 1866.3658536585365,
                    "y": 1310.0812818413733
                },
                {
                    "x": 1703.8363806960474,
                    "y": 1310.0812818413733
                }
            ]
        },
        {
            "id": "6rW1yP05A",
            "type": "RECTANGLE",
            "tags": [
                "leaf"
            ],
            "boundingBox": {
                "height": 133.76680891802124,
                "width": 120.0714158114656,
                "left": 1958.3498203397212,
                "top": 1220.3447446036018
            },
            "points": [
                {
                    "x": 1958.3498203397212,
                    "y": 1220.3447446036018
                },
                {
                    "x": 2078.421236151187,
                    "y": 1220.3447446036018
                },
                {
                    "x": 2078.421236151187,
                    "y": 1354.1115535216231
                },
                {
                    "x": 1958.3498203397212,
                    "y": 1354.1115535216231
                }
            ]
        },
        {
            "id": "qOEwKtAUr",
            "type": "RECTANGLE",
            "tags": [
                "mark"
            ],
            "boundingBox": {
                "height": 61.821700141892094,
                "width": 55.12019204594948,
                "left": 2089.97583518211,
                "top": 38.85324992877279
            },
            "points": [
                {
                    "x": 2089.97583518211,
                    "y": 38.85324992877279
                },
                {
                    "x": 2145.0960272280595,
                    "y": 38.85324992877279
                },
                {
                    "x": 2145.0960272280595,
                    "y": 100.67495007066489
                },
                {
                    "x": 2089.97583518211,
                    "y": 100.67495007066489
                }
            ]
        },
        {
            "id": "G94AsF2ms",
            "type": "RECTANGLE",
            "tags": [
                "tag"
            ],
            "boundingBox": {
                "height": 141.29498572175655,
                "width": 319.18966621638174,
                "left": 1852.6457106959115,
                "top": 1834.7480168845968
            },
            "points": [
                {
                    "x": 1852.6457106959115,
                    "y": 1834.7480168845968
                },
                {
                    "x": 2171.835376912293,
                    "y": 1834.7480168845968
                },
                {
                    "x": 2171.835376912293,
                    "y": 1976.0430026063534
                },
                {
                    "x": 1852.6457106959115,
                    "y": 1976.0430026063534
                }
            ]
        },
        {
            "id": "Ax6X5EOhS",
            "type": "RECTANGLE",
            "tags": [
                "scale"
            ],
            "boundingBox": {
                "height": 1438.0352902696138,
                "width": 740.0561246971636,
                "left": 169.38742182396015,
                "top": 377.96645093101455
            },
            "points": [
                {
                    "x": 169.38742182396015,
                    "y": 377.96645093101455
                },
                {
                    "x": 909.4435465211237,
                    "y": 377.96645093101455
                },
                {
                    "x": 909.4435465211237,
                    "y": 1816.0017412006282
                },
                {
                    "x": 169.38742182396015,
                    "y": 1816.0017412006282
                }
            ]
        }
    ],
    "version": "2.2.0"
}