{
    "asset": {
        "format": "jpg",
        "id": "b14ecd5c528eb0bf8d9688c6aa083218",
        "name": "3_1_8.jpg",
        "path": "file:/Users/kaitomasuda/Desktop/Univ/LeafDetection/dataset/imgs/3_1_8.jpg",
        "size": {
            "width": 2213,
            "height": 2016
        },
        "state": 2,
        "type": 1
    },
    "regions": [
        {
            "id": "fWRyEvYLU",
            "type": "RECTANGLE",
            "tags": [
                "leaf"
            ],
            "boundingBox": {
                "height": 301.9178585832935,
                "width": 235.18014845366275,
                "left": 354.69686411149826,
                "top": 355.5297114005736
            },
            "points": [
                {
                    "x": 354.69686411149826,
                    "y": 355.5297114005736
                },
                {
                    "x": 589.8770125651611,
                    "y": 355.5297114005736
                },
                {
                    "x": 589.8770125651611,
                    "y": 657.4475699838671
                },
                {
                    "x": 354.69686411149826,
                    "y": 657.4475699838671
                }
            ]
        },
        {
            "id": "Ku4WP5w9l",
            "type": "RECTANGLE",
            "tags": [
                "leaf"
            ],
            "boundingBox": {
                "height": 368.41740111137665,
                "width": 332.5417230586142,
                "left": 644.849416593226,
                "top": 256.47744756811665
            },
            "points": [
                {
                    "x": 644.849416593226,
                    "y": 256.47744756811665
                },
                {
                    "x": 977.3911396518401,
                    "y": 256.47744756811665
                },
                {
                    "x": 977.3911396518401,
                    "y": 624.8948486794933
                },
                {
                    "x": 644.849416593226,
                    "y": 624.8948486794933
                }
            ]
        },
        {
            "id": "r20YLqmbO",
            "type": "RECTANGLE",
            "tags": [
                "leaf"
            ],
            "boundingBox": {
                "height": 455.4129533640057,
                "width": 413.7778677591464,
                "left": 1037.9781591967007,
                "top": 198.19346020554494
            },
            "points": [
                {
                    "x": 1037.9781591967007,
                    "y": 198.19346020554494
                },
                {
                    "x": 1451.7560269558471,
                    "y": 198.19346020554494
                },
                {
                    "x": 1451.7560269558471,
                    "y": 653.6064135695507
                },
                {
                    "x": 1037.9781591967007,
                    "y": 653.6064135695507
                }
            ]
        },
        {
            "id": "qYyo0mNtg",
            "type": "RECTANGLE",
            "tags": [
                "leaf"
            ],
            "boundingBox": {
                "height": 498.64028516371894,
                "width": 467.89843154535066,
                "left": 1529.032997051598,
                "top": 263.9223716837954
            },
            "points": [
                {
                    "x": 1529.032997051598,
                    "y": 263.9223716837954
                },
                {
                    "x": 1996.9314285969485,
                    "y": 263.9223716837954
                },
                {
                    "x": 1996.9314285969485,
                    "y": 762.5626568475143
                },
                {
                    "x": 1529.032997051598,
                    "y": 762.5626568475143
                }
            ]
        },
        {
            "id": "v-Ip04RbD",
            "type": "RECTANGLE",
            "tags": [
                "leaf"
            ],
            "boundingBox": {
                "height": 447.6984083711759,
                "width": 401.504308826832,
                "left": 286.2747968613894,
                "top": 955.5406235062142
            },
            "points": [
                {
                    "x": 286.2747968613894,
                    "y": 955.5406235062142
                },
                {
                    "x": 687.7791056882214,
                    "y": 955.5406235062142
                },
                {
                    "x": 687.7791056882214,
                    "y": 1403.23903187739
                },
                {
                    "x": 286.2747968613894,
                    "y": 1403.23903187739
                }
            ]
        },
        {
            "id": "KXpRJJEfP",
            "type": "RECTANGLE",
            "tags": [
                "leaf"
            ],
            "boundingBox": {
                "height": 429.2571402963671,
                "width": 285.0953981618848,
                "left": 827.3980744790533,
                "top": 956.632282206023
            },
            "points": [
                {
                    "x": 827.3980744790533,
                    "y": 956.632282206023
                },
                {
                    "x": 1112.493472640938,
                    "y": 956.632282206023
                },
                {
                    "x": 1112.493472640938,
                    "y": 1385.88942250239
                },
                {
                    "x": 827.3980744790533,
                    "y": 1385.88942250239
                }
            ]
        },
        {
            "id": "ZBOYPsHQX",
            "type": "RECTANGLE",
            "tags": [
                "leaf"
            ],
            "boundingBox": {
                "height": 281.8065173876673,
                "width": 211.7284218392721,
                "left": 1260.0679704087952,
                "top": 1036.1586774020077
            },
            "points": [
                {
                    "x": 1260.0679704087952,
                    "y": 1036.1586774020077
                },
                {
                    "x": 1471.7963922480674,
                    "y": 1036.1586774020077
                },
                {
                    "x": 1471.7963922480674,
                    "y": 1317.965194789675
                },
                {
                    "x": 1260.0679704087952,
                    "y": 1317.965194789675
                }
            ]
        },
        {
            "id": "8gD6vMihK",
            "type": "RECTANGLE",
            "tags": [
                "leaf"
            ],
            "boundingBox": {
                "height": 150.766065666826,
                "width": 118.67028766060541,
                "left": 1566.6419790447383,
                "top": 1132.795411089866
            },
            "points": [
                {
                    "x": 1566.6419790447383,
                    "y": 1132.795411089866
                },
                {
                    "x": 1685.3122667053435,
                    "y": 1132.795411089866
                },
                {
                    "x": 1685.3122667053435,
                    "y": 1283.5614767566922
                },
                {
                    "x": 1566.6419790447383,
                    "y": 1283.5614767566922
                }
            ]
        },
        {
            "id": "GLygZCOkP",
            "type": "RECTANGLE",
            "tags": [
                "leaf"
            ],
            "boundingBox": {
                "height": 116.8093630497132,
                "width": 78.72368661701057,
                "left": 1805.1417159768348,
                "top": 1147.2177753047324
            },
            "points": [
                {
                    "x": 1805.1417159768348,
                    "y": 1147.2177753047324
                },
                {
                    "x": 1883.8654025938454,
                    "y": 1147.2177753047324
                },
                {
                    "x": 1883.8654025938454,
                    "y": 1264.0271383544455
                },
                {
                    "x": 1805.1417159768348,
                    "y": 1264.0271383544455
                }
            ]
        },
        {
            "id": "Rke03sLIV",
            "type": "RECTANGLE",
            "tags": [
                "mark"
            ],
            "boundingBox": {
                "height": 60.86761883066443,
                "width": 59.25748988560268,
                "left": 2086.128514519137,
                "top": 40.33055426923996
            },
            "points": [
                {
                    "x": 2086.128514519137,
                    "y": 40.33055426923996
                },
                {
                    "x": 2145.386004404739,
                    "y": 40.33055426923996
                },
                {
                    "x": 2145.386004404739,
                    "y": 101.1981730999044
                },
                {
                    "x": 2086.128514519137,
                    "y": 101.1981730999044
                }
            ]
        },
        {
            "id": "7DcdHGSrf",
            "type": "RECTANGLE",
            "tags": [
                "tag"
            ],
            "boundingBox": {
                "height": 128.23201855282028,
                "width": 307.29313122686193,
                "left": 1759.8082843208979,
                "top": 1773.3489745160134
            },
            "points": [
                {
                    "x": 1759.8082843208979,
                    "y": 1773.3489745160134
                },
                {
                    "x": 2067.1014155477596,
                    "y": 1773.3489745160134
                },
                {
                    "x": 2067.1014155477596,
                    "y": 1901.5809930688335
                },
                {
                    "x": 1759.8082843208979,
                    "y": 1901.5809930688335
                }
            ]
        },
        {
            "id": "LFInR6d-1",
            "type": "RECTANGLE",
            "tags": [
                "scale"
            ],
            "boundingBox": {
                "height": 1435.5015460683555,
                "width": 740.1924592659449,
                "left": 168.75872919700703,
                "top": 383.0446866037285
            },
            "points": [
                {
                    "x": 168.75872919700703,
                    "y": 383.0446866037285
                },
                {
                    "x": 908.9511884629519,
                    "y": 383.0446866037285
                },
                {
                    "x": 908.9511884629519,
                    "y": 1818.5462326720842
                },
                {
                    "x": 168.75872919700703,
                    "y": 1818.5462326720842
                }
            ]
        }
    ],
    "version": "2.2.0"
}