{
    "asset": {
        "format": "jpg",
        "id": "b5acf980bc224e6864f21793ecc27c84",
        "name": "3_2_8.jpg",
        "path": "file:/Users/kaitomasuda/Desktop/Univ/LeafDetection/dataset/imgs/3_2_8.jpg",
        "size": {
            "width": 2213,
            "height": 2014
        },
        "state": 2,
        "type": 1
    },
    "regions": [
        {
            "id": "HXDcE5QFV",
            "type": "RECTANGLE",
            "tags": [
                "leaf"
            ],
            "boundingBox": {
                "height": 342.79983766051544,
                "width": 251.30746087795353,
                "left": 281.76451456422177,
                "top": 275.11089362951986
            },
            "points": [
                {
                    "x": 281.76451456422177,
                    "y": 275.11089362951986
                },
                {
                    "x": 533.0719754421752,
                    "y": 275.11089362951986
                },
                {
                    "x": 533.0719754421752,
                    "y": 617.9107312900353
                },
                {
                    "x": 281.76451456422177,
                    "y": 617.9107312900353
                }
            ]
        },
        {
            "id": "gpe1jAK6R",
            "type": "RECTANGLE",
            "tags": [
                "leaf"
            ],
            "boundingBox": {
                "height": 416.753119223876,
                "width": 368.8087036983477,
                "left": 683.1109270368304,
                "top": 192.13453107227312
            },
            "points": [
                {
                    "x": 683.1109270368304,
                    "y": 192.13453107227312
                },
                {
                    "x": 1051.919630735178,
                    "y": 192.13453107227312
                },
                {
                    "x": 1051.919630735178,
                    "y": 608.8876502961491
                },
                {
                    "x": 683.1109270368304,
                    "y": 608.8876502961491
                }
            ]
        },
        {
            "id": "_G9IhQtvY",
            "type": "RECTANGLE",
            "tags": [
                "leaf"
            ],
            "boundingBox": {
                "height": 527.066945744657,
                "width": 420.33468447163546,
                "left": 1203.4172999152738,
                "top": 201.8620748117966
            },
            "points": [
                {
                    "x": 1203.4172999152738,
                    "y": 201.8620748117966
                },
                {
                    "x": 1623.7519843869093,
                    "y": 201.8620748117966
                },
                {
                    "x": 1623.7519843869093,
                    "y": 728.9290205564536
                },
                {
                    "x": 1203.4172999152738,
                    "y": 728.9290205564536
                }
            ]
        },
        {
            "id": "Z2qhvRyRY",
            "type": "RECTANGLE",
            "tags": [
                "leaf"
            ],
            "boundingBox": {
                "height": 460.4236867619657,
                "width": 441.14452976133765,
                "left": 1698.5543821115527,
                "top": 213.48470929025234
            },
            "points": [
                {
                    "x": 1698.5543821115527,
                    "y": 213.48470929025234
                },
                {
                    "x": 2139.6989118728907,
                    "y": 213.48470929025234
                },
                {
                    "x": 2139.6989118728907,
                    "y": 673.9083960522181
                },
                {
                    "x": 1698.5543821115527,
                    "y": 673.9083960522181
                }
            ]
        },
        {
            "id": "mMOSgM8eu",
            "type": "RECTANGLE",
            "tags": [
                "leaf"
            ],
            "boundingBox": {
                "height": 496.1511218776192,
                "width": 455.7921815666172,
                "left": 281.74992503521753,
                "top": 916.5970482369493
            },
            "points": [
                {
                    "x": 281.74992503521753,
                    "y": 916.5970482369493
                },
                {
                    "x": 737.5421066018348,
                    "y": 916.5970482369493
                },
                {
                    "x": 737.5421066018348,
                    "y": 1412.7481701145684
                },
                {
                    "x": 281.74992503521753,
                    "y": 1412.7481701145684
                }
            ]
        },
        {
            "id": "iTT3lRrBa",
            "type": "RECTANGLE",
            "tags": [
                "leaf"
            ],
            "boundingBox": {
                "height": 453.32736966071,
                "width": 362.1671735916404,
                "left": 858.4883607871026,
                "top": 943.5743331032238
            },
            "points": [
                {
                    "x": 858.4883607871026,
                    "y": 943.5743331032238
                },
                {
                    "x": 1220.655534378743,
                    "y": 943.5743331032238
                },
                {
                    "x": 1220.655534378743,
                    "y": 1396.9017027639338
                },
                {
                    "x": 858.4883607871026,
                    "y": 1396.9017027639338
                }
            ]
        },
        {
            "id": "Je-mU9GGW",
            "type": "RECTANGLE",
            "tags": [
                "leaf"
            ],
            "boundingBox": {
                "height": 328.8229105865362,
                "width": 266.5022200208923,
                "left": 1379.2954839513693,
                "top": 1022.8245669543971
            },
            "points": [
                {
                    "x": 1379.2954839513693,
                    "y": 1022.8245669543971
                },
                {
                    "x": 1645.7977039722616,
                    "y": 1022.8245669543971
                },
                {
                    "x": 1645.7977039722616,
                    "y": 1351.6474775409333
                },
                {
                    "x": 1379.2954839513693,
                    "y": 1351.6474775409333
                }
            ]
        },
        {
            "id": "4Jha_XTO-",
            "type": "RECTANGLE",
            "tags": [
                "leaf"
            ],
            "boundingBox": {
                "height": 237.60328598314777,
                "width": 180.23104060900752,
                "left": 1769.4176070050496,
                "top": 1078.8497838279754
            },
            "points": [
                {
                    "x": 1769.4176070050496,
                    "y": 1078.8497838279754
                },
                {
                    "x": 1949.6486476140572,
                    "y": 1078.8497838279754
                },
                {
                    "x": 1949.6486476140572,
                    "y": 1316.4530698111232
                },
                {
                    "x": 1769.4176070050496,
                    "y": 1316.4530698111232
                }
            ]
        },
        {
            "id": "H-g6Ree_X",
            "type": "RECTANGLE",
            "tags": [
                "leaf"
            ],
            "boundingBox": {
                "height": 150.60337320963544,
                "width": 92.0156887998149,
                "left": 673.297821576587,
                "top": 1464.2221078689986
            },
            "points": [
                {
                    "x": 673.297821576587,
                    "y": 1464.2221078689986
                },
                {
                    "x": 765.313510376402,
                    "y": 1464.2221078689986
                },
                {
                    "x": 765.313510376402,
                    "y": 1614.8254810786339
                },
                {
                    "x": 673.297821576587,
                    "y": 1614.8254810786339
                }
            ]
        },
        {
            "id": "kArT8G_De",
            "type": "RECTANGLE",
            "tags": [
                "mark"
            ],
            "boundingBox": {
                "height": 64.41848485953963,
                "width": 54.719675735314134,
                "left": 2090.0187418336236,
                "top": 38.71636822579921
            },
            "points": [
                {
                    "x": 2090.0187418336236,
                    "y": 38.71636822579921
                },
                {
                    "x": 2144.738417568938,
                    "y": 38.71636822579921
                },
                {
                    "x": 2144.738417568938,
                    "y": 103.13485308533885
                },
                {
                    "x": 2090.0187418336236,
                    "y": 103.13485308533885
                }
            ]
        },
        {
            "id": "IB1vZe07o",
            "type": "RECTANGLE",
            "tags": [
                "tag"
            ],
            "boundingBox": {
                "height": 135.2763926772779,
                "width": 318.06114489193163,
                "left": 1791.7645297698443,
                "top": 1787.2067966972731
            },
            "points": [
                {
                    "x": 1791.7645297698443,
                    "y": 1787.2067966972731
                },
                {
                    "x": 2109.825674661776,
                    "y": 1787.2067966972731
                },
                {
                    "x": 2109.825674661776,
                    "y": 1922.483189374551
                },
                {
                    "x": 1791.7645297698443,
                    "y": 1922.483189374551
                }
            ]
        },
        {
            "id": "4OwvTKO49",
            "type": "RECTANGLE",
            "tags": [
                "scale"
            ],
            "boundingBox": {
                "height": 1429.3048696700641,
                "width": 736.0156183010195,
                "left": 168.27821599980265,
                "top": 384.4715819377095
            },
            "points": [
                {
                    "x": 168.27821599980265,
                    "y": 384.4715819377095
                },
                {
                    "x": 904.2938343008221,
                    "y": 384.4715819377095
                },
                {
                    "x": 904.2938343008221,
                    "y": 1813.7764516077737
                },
                {
                    "x": 168.27821599980265,
                    "y": 1813.7764516077737
                }
            ]
        }
    ],
    "version": "2.2.0"
}