{
    "asset": {
        "format": "jpg",
        "id": "b73d8d36e1e4d53b009e77301cdb0ca7",
        "name": "2_1_10.jpg",
        "path": "file:/Users/kaitomasuda/Desktop/Univ/LeafDetection/dataset/imgs/2_1_10.jpg",
        "size": {
            "width": 2203,
            "height": 2013
        },
        "state": 2,
        "type": 1
    },
    "regions": [
        {
            "id": "0wdqvbM7i",
            "type": "RECTANGLE",
            "tags": [
                "leaf"
            ],
            "boundingBox": {
                "height": 384.00059942551604,
                "width": 302.491527586055,
                "left": 361.21940348919173,
                "top": 147.5108484338831
            },
            "points": [
                {
                    "x": 361.21940348919173,
                    "y": 147.5108484338831
                },
                {
                    "x": 663.7109310752468,
                    "y": 147.5108484338831
                },
                {
                    "x": 663.7109310752468,
                    "y": 531.5114478593991
                },
                {
                    "x": 361.21940348919173,
                    "y": 531.5114478593991
                }
            ]
        },
        {
            "id": "UQCv-fihg",
            "type": "RECTANGLE",
            "tags": [
                "leaf"
            ],
            "boundingBox": {
                "height": 431.09584968472706,
                "width": 389.03249686104914,
                "left": 681.1665259339755,
                "top": 109.50726431387443
            },
            "points": [
                {
                    "x": 681.1665259339755,
                    "y": 109.50726431387443
                },
                {
                    "x": 1070.1990227950248,
                    "y": 109.50726431387443
                },
                {
                    "x": 1070.1990227950248,
                    "y": 540.6031139986015
                },
                {
                    "x": 681.1665259339755,
                    "y": 540.6031139986015
                }
            ]
        },
        {
            "id": "CJKn8gg6O",
            "type": "RECTANGLE",
            "tags": [
                "leaf"
            ],
            "boundingBox": {
                "height": 483.946989459756,
                "width": 468.4308866343104,
                "left": 1145.8143223353795,
                "top": 151.13216955867816
            },
            "points": [
                {
                    "x": 1145.8143223353795,
                    "y": 151.13216955867816
                },
                {
                    "x": 1614.2452089696899,
                    "y": 151.13216955867816
                },
                {
                    "x": 1614.2452089696899,
                    "y": 635.0791590184341
                },
                {
                    "x": 1145.8143223353795,
                    "y": 635.0791590184341
                }
            ]
        },
        {
            "id": "8y8_rTV3L",
            "type": "RECTANGLE",
            "tags": [
                "leaf"
            ],
            "boundingBox": {
                "height": 495.115963406033,
                "width": 452.267325265067,
                "left": 1678.1361639266624,
                "top": 160.17643455222802
            },
            "points": [
                {
                    "x": 1678.1361639266624,
                    "y": 160.17643455222802
                },
                {
                    "x": 2130.4034891917295,
                    "y": 160.17643455222802
                },
                {
                    "x": 2130.4034891917295,
                    "y": 655.2923979582611
                },
                {
                    "x": 1678.1361639266624,
                    "y": 655.2923979582611
                }
            ]
        },
        {
            "id": "LYQ_TAheb",
            "type": "RECTANGLE",
            "tags": [
                "leaf"
            ],
            "boundingBox": {
                "height": 379.77949580439815,
                "width": 304.8468601542308,
                "left": 365.79636641194054,
                "top": 797.665973427855
            },
            "points": [
                {
                    "x": 365.79636641194054,
                    "y": 797.665973427855
                },
                {
                    "x": 670.6432265661713,
                    "y": 797.665973427855
                },
                {
                    "x": 670.6432265661713,
                    "y": 1177.4454692322531
                },
                {
                    "x": 365.79636641194054,
                    "y": 1177.4454692322531
                }
            ]
        },
        {
            "id": "qkomYfk1m",
            "type": "RECTANGLE",
            "tags": [
                "leaf"
            ],
            "boundingBox": {
                "height": 464.01878940911945,
                "width": 407.8984099653431,
                "left": 765.2427239668997,
                "top": 761.770792266469
            },
            "points": [
                {
                    "x": 765.2427239668997,
                    "y": 761.770792266469
                },
                {
                    "x": 1173.1411339322428,
                    "y": 761.770792266469
                },
                {
                    "x": 1173.1411339322428,
                    "y": 1225.7895816755884
                },
                {
                    "x": 765.2427239668997,
                    "y": 1225.7895816755884
                }
            ]
        },
        {
            "id": "3FFZuZmoP",
            "type": "RECTANGLE",
            "tags": [
                "leaf"
            ],
            "boundingBox": {
                "height": 297.1417289074557,
                "width": 207.18636557213347,
                "left": 1260.2295493219133,
                "top": 820.4703485936295
            },
            "points": [
                {
                    "x": 1260.2295493219133,
                    "y": 820.4703485936295
                },
                {
                    "x": 1467.4159148940466,
                    "y": 820.4703485936295
                },
                {
                    "x": 1467.4159148940466,
                    "y": 1117.6120775010852
                },
                {
                    "x": 1260.2295493219133,
                    "y": 1117.6120775010852
                }
            ]
        },
        {
            "id": "wz-NZzmgl",
            "type": "RECTANGLE",
            "tags": [
                "leaf"
            ],
            "boundingBox": {
                "height": 215.7773463873216,
                "width": 176.40098858596687,
                "left": 1523.3792637416295,
                "top": 908.0479468828366
            },
            "points": [
                {
                    "x": 1523.3792637416295,
                    "y": 908.0479468828366
                },
                {
                    "x": 1699.7802523275964,
                    "y": 908.0479468828366
                },
                {
                    "x": 1699.7802523275964,
                    "y": 1123.8252932701582
                },
                {
                    "x": 1523.3792637416295,
                    "y": 1123.8252932701582
                }
            ]
        },
        {
            "id": "PhrZmi54e",
            "type": "RECTANGLE",
            "tags": [
                "leaf"
            ],
            "boundingBox": {
                "height": 132.27978590977045,
                "width": 97.24826715225565,
                "left": 1840.5168704843163,
                "top": 999.250531985436
            },
            "points": [
                {
                    "x": 1840.5168704843163,
                    "y": 999.250531985436
                },
                {
                    "x": 1937.765137636572,
                    "y": 999.250531985436
                },
                {
                    "x": 1937.765137636572,
                    "y": 1131.5303178952065
                },
                {
                    "x": 1840.5168704843163,
                    "y": 1131.5303178952065
                }
            ]
        }
    ],
    "version": "2.2.0"
}