{
    "asset": {
        "format": "jpg",
        "id": "b8185bd55e5a86ac8646d18b9ad53564",
        "name": "1_1_5.jpg",
        "path": "file:/Users/kaitomasuda/Desktop/Univ/LeafDetection/dataset/imgs/1_1_5.jpg",
        "size": {
            "width": 2213,
            "height": 2014
        },
        "state": 2,
        "type": 1
    },
    "regions": [
        {
            "id": "-IWrHdTqE",
            "type": "RECTANGLE",
            "tags": [
                "leaf"
            ],
            "boundingBox": {
                "height": 299.267413347617,
                "width": 202.11359001608454,
                "left": 362.11369341681984,
                "top": 339.27652310776983
            },
            "points": [
                {
                    "x": 362.11369341681984,
                    "y": 339.27652310776983
                },
                {
                    "x": 564.2272834329044,
                    "y": 339.27652310776983
                },
                {
                    "x": 564.2272834329044,
                    "y": 638.5439364553869
                },
                {
                    "x": 362.11369341681984,
                    "y": 638.5439364553869
                }
            ]
        },
        {
            "id": "IhaDwFdC8",
            "type": "RECTANGLE",
            "tags": [
                "leaf"
            ],
            "boundingBox": {
                "height": 383.89350272869245,
                "width": 324.40545710146034,
                "left": 717.0234342288347,
                "top": 236.56847754292104
            },
            "points": [
                {
                    "x": 717.0234342288347,
                    "y": 236.56847754292104
                },
                {
                    "x": 1041.428891330295,
                    "y": 236.56847754292104
                },
                {
                    "x": 1041.428891330295,
                    "y": 620.4619802716135
                },
                {
                    "x": 717.0234342288347,
                    "y": 620.4619802716135
                }
            ]
        },
        {
            "id": "DvARek50N",
            "type": "RECTANGLE",
            "tags": [
                "leaf"
            ],
            "boundingBox": {
                "height": 448.5589704842403,
                "width": 389.59627557891645,
                "left": 1125.9690875682954,
                "top": 220.70292093561986
            },
            "points": [
                {
                    "x": 1125.9690875682954,
                    "y": 220.70292093561986
                },
                {
                    "x": 1515.5653631472119,
                    "y": 220.70292093561986
                },
                {
                    "x": 1515.5653631472119,
                    "y": 669.2618914198601
                },
                {
                    "x": 1125.9690875682954,
                    "y": 669.2618914198601
                }
            ]
        },
        {
            "id": "GVENVOMkG",
            "type": "RECTANGLE",
            "tags": [
                "leaf"
            ],
            "boundingBox": {
                "height": 557.4706123615133,
                "width": 463.387131395527,
                "left": 1632.2502912134905,
                "top": 179.10161704578618
            },
            "points": [
                {
                    "x": 1632.2502912134905,
                    "y": 179.10161704578618
                },
                {
                    "x": 2095.6374226090174,
                    "y": 179.10161704578618
                },
                {
                    "x": 2095.6374226090174,
                    "y": 736.5722294072996
                },
                {
                    "x": 1632.2502912134905,
                    "y": 736.5722294072996
                }
            ]
        },
        {
            "id": "m_MCRcGiz",
            "type": "RECTANGLE",
            "tags": [
                "leaf"
            ],
            "boundingBox": {
                "height": 482.72438338707235,
                "width": 438.3525971456291,
                "left": 271.8327233009089,
                "top": 934.3702500441979
            },
            "points": [
                {
                    "x": 271.8327233009089,
                    "y": 934.3702500441979
                },
                {
                    "x": 710.185320446538,
                    "y": 934.3702500441979
                },
                {
                    "x": 710.185320446538,
                    "y": 1417.0946334312703
                },
                {
                    "x": 271.8327233009089,
                    "y": 1417.0946334312703
                }
            ]
        },
        {
            "id": "1kDAHzYWZ",
            "type": "RECTANGLE",
            "tags": [
                "leaf"
            ],
            "boundingBox": {
                "height": 433.25801139042295,
                "width": 400.9515806908701,
                "left": 790.8548995672487,
                "top": 942.375639641422
            },
            "points": [
                {
                    "x": 790.8548995672487,
                    "y": 942.375639641422
                },
                {
                    "x": 1191.8064802581189,
                    "y": 942.375639641422
                },
                {
                    "x": 1191.8064802581189,
                    "y": 1375.633651031845
                },
                {
                    "x": 790.8548995672487,
                    "y": 1375.633651031845
                }
            ]
        },
        {
            "id": "IyiOx6kyM",
            "type": "RECTANGLE",
            "tags": [
                "leaf"
            ],
            "boundingBox": {
                "height": 330.8724226677555,
                "width": 262.14435077742036,
                "left": 1218.933287696589,
                "top": 983.9072684803228
            },
            "points": [
                {
                    "x": 1218.933287696589,
                    "y": 983.9072684803228
                },
                {
                    "x": 1481.0776384740093,
                    "y": 983.9072684803228
                },
                {
                    "x": 1481.0776384740093,
                    "y": 1314.7796911480784
                },
                {
                    "x": 1218.933287696589,
                    "y": 1314.7796911480784
                }
            ]
        },
        {
            "id": "EQ5HzL3xu",
            "type": "RECTANGLE",
            "tags": [
                "leaf"
            ],
            "boundingBox": {
                "height": 207.12873743868423,
                "width": 171.6257266773897,
                "left": 1548.3799755221098,
                "top": 1039.4324557424961
            },
            "points": [
                {
                    "x": 1548.3799755221098,
                    "y": 1039.4324557424961
                },
                {
                    "x": 1720.0057021994996,
                    "y": 1039.4324557424961
                },
                {
                    "x": 1720.0057021994996,
                    "y": 1246.5611931811804
                },
                {
                    "x": 1548.3799755221098,
                    "y": 1246.5611931811804
                }
            ]
        },
        {
            "id": "kFK2TCcDb",
            "type": "RECTANGLE",
            "tags": [
                "leaf"
            ],
            "boundingBox": {
                "height": 135.1757803730581,
                "width": 104.21497986238766,
                "left": 1736.8462943282782,
                "top": 1089.8974151611328
            },
            "points": [
                {
                    "x": 1736.8462943282782,
                    "y": 1089.8974151611328
                },
                {
                    "x": 1841.0612741906657,
                    "y": 1089.8974151611328
                },
                {
                    "x": 1841.0612741906657,
                    "y": 1225.073195534191
                },
                {
                    "x": 1736.8462943282782,
                    "y": 1225.073195534191
                }
            ]
        },
        {
            "id": "IU3uFXkOZ",
            "type": "RECTANGLE",
            "tags": [
                "leaf"
            ],
            "boundingBox": {
                "height": 109.48131710359421,
                "width": 85.0486980762357,
                "left": 1899.1738530177695,
                "top": 1129.3622824131758
            },
            "points": [
                {
                    "x": 1899.1738530177695,
                    "y": 1129.3622824131758
                },
                {
                    "x": 1984.2225510940052,
                    "y": 1129.3622824131758
                },
                {
                    "x": 1984.2225510940052,
                    "y": 1238.84359951677
                },
                {
                    "x": 1899.1738530177695,
                    "y": 1238.84359951677
                }
            ]
        },
        {
            "id": "_BE_zzr49",
            "type": "RECTANGLE",
            "tags": [
                "leaf"
            ],
            "boundingBox": {
                "height": 88.9048351419383,
                "width": 68.51709143944036,
                "left": 2036.8507257199753,
                "top": 1136.7766262361374
            },
            "points": [
                {
                    "x": 2036.8507257199753,
                    "y": 1136.7766262361374
                },
                {
                    "x": 2105.3678171594156,
                    "y": 1136.7766262361374
                },
                {
                    "x": 2105.3678171594156,
                    "y": 1225.6814613780757
                },
                {
                    "x": 2036.8507257199753,
                    "y": 1225.6814613780757
                }
            ]
        }
    ],
    "version": "2.2.0"
}