{
    "asset": {
        "format": "jpg",
        "id": "b9e248782248958b467791f1e7ad750b",
        "name": "1_2_8.jpg",
        "path": "file:/Users/kaitomasuda/Desktop/Univ/LeafDetection/dataset/imgs/1_2_8.jpg",
        "size": {
            "width": 2213,
            "height": 2012
        },
        "state": 2,
        "type": 1
    },
    "regions": [
        {
            "id": "2yvsW2aSb",
            "type": "RECTANGLE",
            "tags": [
                "leaf"
            ],
            "boundingBox": {
                "height": 367.96887888002,
                "width": 240.0919028834293,
                "left": 399.0001610777432,
                "top": 274.9992166314243
            },
            "points": [
                {
                    "x": 399.0001610777432,
                    "y": 274.9992166314243
                },
                {
                    "x": 639.0920639611725,
                    "y": 274.9992166314243
                },
                {
                    "x": 639.0920639611725,
                    "y": 642.9680955114443
                },
                {
                    "x": 399.0001610777432,
                    "y": 642.9680955114443
                }
            ]
        },
        {
            "id": "9ZkeblN-5",
            "type": "RECTANGLE",
            "tags": [
                "leaf"
            ],
            "boundingBox": {
                "height": 428.16924039982564,
                "width": 358.30221167542885,
                "left": 779.6708082614986,
                "top": 271.0619173916903
            },
            "points": [
                {
                    "x": 779.6708082614986,
                    "y": 271.0619173916903
                },
                {
                    "x": 1137.9730199369274,
                    "y": 271.0619173916903
                },
                {
                    "x": 1137.9730199369274,
                    "y": 699.231157791516
                },
                {
                    "x": 779.6708082614986,
                    "y": 699.231157791516
                }
            ]
        },
        {
            "id": "kVj-GWou1",
            "type": "RECTANGLE",
            "tags": [
                "leaf"
            ],
            "boundingBox": {
                "height": 509.7829481392852,
                "width": 418.6549937312765,
                "left": 1166.7791532358729,
                "top": 235.093783039692
            },
            "points": [
                {
                    "x": 1166.7791532358729,
                    "y": 235.093783039692
                },
                {
                    "x": 1585.4341469671494,
                    "y": 235.093783039692
                },
                {
                    "x": 1585.4341469671494,
                    "y": 744.8767311789773
                },
                {
                    "x": 1166.7791532358729,
                    "y": 744.8767311789773
                }
            ]
        },
        {
            "id": "89yICEUkI",
            "type": "RECTANGLE",
            "tags": [
                "leaf"
            ],
            "boundingBox": {
                "height": 493.66952943407796,
                "width": 408.7872084997651,
                "left": 1679.669388620477,
                "top": 336.26078153247676
            },
            "points": [
                {
                    "x": 1679.669388620477,
                    "y": 336.26078153247676
                },
                {
                    "x": 2088.4565971202423,
                    "y": 336.26078153247676
                },
                {
                    "x": 2088.4565971202423,
                    "y": 829.9303109665547
                },
                {
                    "x": 1679.669388620477,
                    "y": 829.9303109665547
                }
            ]
        },
        {
            "id": "zTnQeUOiH",
            "type": "RECTANGLE",
            "tags": [
                "leaf"
            ],
            "boundingBox": {
                "height": 380.24318978806167,
                "width": 276.8496948471643,
                "left": 341.7517224075203,
                "top": 1006.086012658994
            },
            "points": [
                {
                    "x": 341.7517224075203,
                    "y": 1006.086012658994
                },
                {
                    "x": 618.6014172546846,
                    "y": 1006.086012658994
                },
                {
                    "x": 618.6014172546846,
                    "y": 1386.3292024470556
                },
                {
                    "x": 341.7517224075203,
                    "y": 1386.3292024470556
                }
            ]
        },
        {
            "id": "OSZrNXP2s",
            "type": "RECTANGLE",
            "tags": [
                "leaf"
            ],
            "boundingBox": {
                "height": 475.9511754059594,
                "width": 391.548416711334,
                "left": 724.4517322052691,
                "top": 926.6930299869252
            },
            "points": [
                {
                    "x": 724.4517322052691,
                    "y": 926.6930299869252
                },
                {
                    "x": 1116.0001489166032,
                    "y": 926.6930299869252
                },
                {
                    "x": 1116.0001489166032,
                    "y": 1402.6442053928847
                },
                {
                    "x": 724.4517322052691,
                    "y": 1402.6442053928847
                }
            ]
        },
        {
            "id": "hoYQ7Tq6J",
            "type": "RECTANGLE",
            "tags": [
                "leaf"
            ],
            "boundingBox": {
                "height": 245.98554828738375,
                "width": 199.11721067500295,
                "left": 1347.1428495708265,
                "top": 1042.0535126993477
            },
            "points": [
                {
                    "x": 1347.1428495708265,
                    "y": 1042.0535126993477
                },
                {
                    "x": 1546.2600602458294,
                    "y": 1042.0535126993477
                },
                {
                    "x": 1546.2600602458294,
                    "y": 1288.0390609867316
                },
                {
                    "x": 1347.1428495708265,
                    "y": 1288.0390609867316
                }
            ]
        },
        {
            "id": "M0NBzHKvT",
            "type": "RECTANGLE",
            "tags": [
                "leaf"
            ],
            "boundingBox": {
                "height": 143.56984389123838,
                "width": 111.79749246468222,
                "left": 1696.8787288809183,
                "top": 1113.4229605178202
            },
            "points": [
                {
                    "x": 1696.8787288809183,
                    "y": 1113.4229605178202
                },
                {
                    "x": 1808.6762213456004,
                    "y": 1113.4229605178202
                },
                {
                    "x": 1808.6762213456004,
                    "y": 1256.9928044090586
                },
                {
                    "x": 1696.8787288809183,
                    "y": 1256.9928044090586
                }
            ]
        },
        {
            "id": "08m2ghwu9",
            "type": "RECTANGLE",
            "tags": [
                "leaf"
            ],
            "boundingBox": {
                "height": 82.01319721316503,
                "width": 64.40033601459704,
                "left": 520.4988853053043,
                "top": 1535.447750879713
            },
            "points": [
                {
                    "x": 520.4988853053043,
                    "y": 1535.447750879713
                },
                {
                    "x": 584.8992213199014,
                    "y": 1535.447750879713
                },
                {
                    "x": 584.8992213199014,
                    "y": 1617.4609480928782
                },
                {
                    "x": 520.4988853053043,
                    "y": 1617.4609480928782
                }
            ]
        },
        {
            "id": "iIe8ej2Gw",
            "type": "RECTANGLE",
            "tags": [
                "mark"
            ],
            "boundingBox": {
                "height": 71.15657283057851,
                "width": 64.62934703396675,
                "left": 2085.232670375279,
                "top": 33.94024002453512
            },
            "points": [
                {
                    "x": 2085.232670375279,
                    "y": 33.94024002453512
                },
                {
                    "x": 2149.8620174092457,
                    "y": 33.94024002453512
                },
                {
                    "x": 2149.8620174092457,
                    "y": 105.09681285511363
                },
                {
                    "x": 2085.232670375279,
                    "y": 105.09681285511363
                }
            ]
        },
        {
            "id": "9Cj9xHBRu",
            "type": "RECTANGLE",
            "tags": [
                "tag"
            ],
            "boundingBox": {
                "height": 150.0530163473334,
                "width": 313.7496666011954,
                "left": 1803.4257248039532,
                "top": 1769.1641896145402
            },
            "points": [
                {
                    "x": 1803.4257248039532,
                    "y": 1769.1641896145402
                },
                {
                    "x": 2117.1753914051487,
                    "y": 1769.1641896145402
                },
                {
                    "x": 2117.1753914051487,
                    "y": 1919.2172059618736
                },
                {
                    "x": 1803.4257248039532,
                    "y": 1919.2172059618736
                }
            ]
        },
        {
            "id": "5i9ODw1Cr",
            "type": "RECTANGLE",
            "tags": [
                "scale"
            ],
            "boundingBox": {
                "height": 1437.4393706518756,
                "width": 738.5290547994744,
                "left": 171.91313894171464,
                "top": 385.74736565203705
            },
            "points": [
                {
                    "x": 171.91313894171464,
                    "y": 385.74736565203705
                },
                {
                    "x": 910.4421937411889,
                    "y": 385.74736565203705
                },
                {
                    "x": 910.4421937411889,
                    "y": 1823.1867363039125
                },
                {
                    "x": 171.91313894171464,
                    "y": 1823.1867363039125
                }
            ]
        }
    ],
    "version": "2.2.0"
}