{
    "asset": {
        "format": "jpg",
        "id": "ba3e0240558a7c3322a429520ca10279",
        "name": "1_2_5.jpg",
        "path": "file:/Users/kaitomasuda/Desktop/Univ/LeafDetection/dataset/imgs/1_2_5.jpg",
        "size": {
            "width": 2210,
            "height": 2012
        },
        "state": 2,
        "type": 1
    },
    "regions": [
        {
            "id": "mmOyc-Ynp",
            "type": "RECTANGLE",
            "tags": [
                "leaf"
            ],
            "boundingBox": {
                "height": 348.3861560663901,
                "width": 182.2614202284275,
                "left": 337.35843629765327,
                "top": 284.202190556802
            },
            "points": [
                {
                    "x": 337.35843629765327,
                    "y": 284.202190556802
                },
                {
                    "x": 519.6198565260808,
                    "y": 284.202190556802
                },
                {
                    "x": 519.6198565260808,
                    "y": 632.5883466231921
                },
                {
                    "x": 337.35843629765327,
                    "y": 632.5883466231921
                }
            ]
        },
        {
            "id": "H8a7hdRJD",
            "type": "RECTANGLE",
            "tags": [
                "leaf"
            ],
            "boundingBox": {
                "height": 417.1325983725303,
                "width": 288.245370047433,
                "left": 668.1099110079887,
                "top": 243.67842997401212
            },
            "points": [
                {
                    "x": 668.1099110079887,
                    "y": 243.67842997401212
                },
                {
                    "x": 956.3552810554216,
                    "y": 243.67842997401212
                },
                {
                    "x": 956.3552810554216,
                    "y": 660.8110283465425
                },
                {
                    "x": 668.1099110079887,
                    "y": 660.8110283465425
                }
            ]
        },
        {
            "id": "y9hmuSUnn",
            "type": "RECTANGLE",
            "tags": [
                "leaf"
            ],
            "boundingBox": {
                "height": 453.2078045301201,
                "width": 381.4492178321781,
                "left": 1098.8377621299342,
                "top": 245.17489800571408
            },
            "points": [
                {
                    "x": 1098.8377621299342,
                    "y": 245.17489800571408
                },
                {
                    "x": 1480.2869799621121,
                    "y": 245.17489800571408
                },
                {
                    "x": 1480.2869799621121,
                    "y": 698.3827025358341
                },
                {
                    "x": 1098.8377621299342,
                    "y": 698.3827025358341
                }
            ]
        },
        {
            "id": "vIQ6nV8v2",
            "type": "RECTANGLE",
            "tags": [
                "leaf"
            ],
            "boundingBox": {
                "height": 497.3822823516593,
                "width": 415.28675968485663,
                "left": 1623.896736776022,
                "top": 290.3102311063404
            },
            "points": [
                {
                    "x": 1623.896736776022,
                    "y": 290.3102311063404
                },
                {
                    "x": 2039.1834964608786,
                    "y": 290.3102311063404
                },
                {
                    "x": 2039.1834964608786,
                    "y": 787.6925134579997
                },
                {
                    "x": 1623.896736776022,
                    "y": 787.6925134579997
                }
            ]
        },
        {
            "id": "Cczczvnmr",
            "type": "RECTANGLE",
            "tags": [
                "leaf"
            ],
            "boundingBox": {
                "height": 494.8942583572763,
                "width": 427.16296203154366,
                "left": 393.4385027204241,
                "top": 852.1900826446281
            },
            "points": [
                {
                    "x": 393.4385027204241,
                    "y": 852.1900826446281
                },
                {
                    "x": 820.6014647519678,
                    "y": 852.1900826446281
                },
                {
                    "x": 820.6014647519678,
                    "y": 1347.0843410019045
                },
                {
                    "x": 393.4385027204241,
                    "y": 1347.0843410019045
                }
            ]
        },
        {
            "id": "e9gFk7Ufl",
            "type": "RECTANGLE",
            "tags": [
                "leaf"
            ],
            "boundingBox": {
                "height": 426.0828625387396,
                "width": 330.7436147130521,
                "left": 881.9647170905779,
                "top": 889.8874774018594
            },
            "points": [
                {
                    "x": 881.9647170905779,
                    "y": 889.8874774018594
                },
                {
                    "x": 1212.70833180363,
                    "y": 889.8874774018594
                },
                {
                    "x": 1212.70833180363,
                    "y": 1315.9703399405992
                },
                {
                    "x": 881.9647170905779,
                    "y": 1315.9703399405992
                }
            ]
        },
        {
            "id": "hMDXSnZmM",
            "type": "RECTANGLE",
            "tags": [
                "leaf"
            ],
            "boundingBox": {
                "height": 324.1850101691632,
                "width": 267.15775798137923,
                "left": 1377.6460644714814,
                "top": 1008.4981729806947
            },
            "points": [
                {
                    "x": 1377.6460644714814,
                    "y": 1008.4981729806947
                },
                {
                    "x": 1644.8038224528605,
                    "y": 1008.4981729806947
                },
                {
                    "x": 1644.8038224528605,
                    "y": 1332.6831831498578
                },
                {
                    "x": 1377.6460644714814,
                    "y": 1332.6831831498578
                }
            ]
        },
        {
            "id": "Nwwt8Nar8",
            "type": "RECTANGLE",
            "tags": [
                "leaf"
            ],
            "boundingBox": {
                "height": 210.50037882150696,
                "width": 142.71980228280663,
                "left": 1729.9661323719454,
                "top": 1042.8580735892303
            },
            "points": [
                {
                    "x": 1729.9661323719454,
                    "y": 1042.8580735892303
                },
                {
                    "x": 1872.685934654752,
                    "y": 1042.8580735892303
                },
                {
                    "x": 1872.685934654752,
                    "y": 1253.3584524107373
                },
                {
                    "x": 1729.9661323719454,
                    "y": 1253.3584524107373
                }
            ]
        },
        {
            "id": "5f7DCM_ZS",
            "type": "RECTANGLE",
            "tags": [
                "leaf"
            ],
            "boundingBox": {
                "height": 132.5713874249419,
                "width": 92.88843370021733,
                "left": 1971.8233197434504,
                "top": 1113.1905487312758
            },
            "points": [
                {
                    "x": 1971.8233197434504,
                    "y": 1113.1905487312758
                },
                {
                    "x": 2064.7117534436675,
                    "y": 1113.1905487312758
                },
                {
                    "x": 2064.7117534436675,
                    "y": 1245.7619361562176
                },
                {
                    "x": 1971.8233197434504,
                    "y": 1245.7619361562176
                }
            ]
        },
        {
            "id": "XOJxuG7SD",
            "type": "RECTANGLE",
            "tags": [
                "mark"
            ],
            "boundingBox": {
                "height": 61.47038029442148,
                "width": 55.12190739911301,
                "left": 2088.983932150934,
                "top": 38.51388070603047
            },
            "points": [
                {
                    "x": 2088.983932150934,
                    "y": 38.51388070603047
                },
                {
                    "x": 2144.1058395500468,
                    "y": 38.51388070603047
                },
                {
                    "x": 2144.1058395500468,
                    "y": 99.98426100045195
                },
                {
                    "x": 2088.983932150934,
                    "y": 99.98426100045195
                }
            ]
        },
        {
            "id": "7TZubt1JY",
            "type": "RECTANGLE",
            "tags": [
                "tag"
            ],
            "boundingBox": {
                "height": 121.25323788981791,
                "width": 321.7325081502584,
                "left": 1572.5090887313497,
                "top": 1776.2545251767497
            },
            "points": [
                {
                    "x": 1572.5090887313497,
                    "y": 1776.2545251767497
                },
                {
                    "x": 1894.241596881608,
                    "y": 1776.2545251767497
                },
                {
                    "x": 1894.241596881608,
                    "y": 1897.5077630665676
                },
                {
                    "x": 1572.5090887313497,
                    "y": 1897.5077630665676
                }
            ]
        },
        {
            "id": "XpXFQe85W",
            "type": "RECTANGLE",
            "tags": [
                "scale"
            ],
            "boundingBox": {
                "height": 1431.5689432443664,
                "width": 754.297570250088,
                "left": 158.75064706443843,
                "top": 383.6739277484988
            },
            "points": [
                {
                    "x": 158.75064706443843,
                    "y": 383.6739277484988
                },
                {
                    "x": 913.0482173145265,
                    "y": 383.6739277484988
                },
                {
                    "x": 913.0482173145265,
                    "y": 1815.2428709928654
                },
                {
                    "x": 158.75064706443843,
                    "y": 1815.2428709928654
                }
            ]
        }
    ],
    "version": "2.2.0"
}