{
    "asset": {
        "format": "jpg",
        "id": "bc5aa39e935e1f20fa86788d5d01956e",
        "name": "3_3_10.jpg",
        "path": "file:/Users/kaitomasuda/Desktop/Univ/LeafDetection/dataset/imgs/3_3_10.jpg",
        "size": {
            "width": 2210,
            "height": 2009
        },
        "state": 2,
        "type": 1
    },
    "regions": [
        {
            "id": "w251Umgv9",
            "type": "RECTANGLE",
            "tags": [
                "leaf"
            ],
            "boundingBox": {
                "height": 197.63946889826164,
                "width": 133.07470128926667,
                "left": 460.377813997169,
                "top": 360.9924224035036
            },
            "points": [
                {
                    "x": 460.377813997169,
                    "y": 360.9924224035036
                },
                {
                    "x": 593.4525152864356,
                    "y": 360.9924224035036
                },
                {
                    "x": 593.4525152864356,
                    "y": 558.6318913017652
                },
                {
                    "x": 460.377813997169,
                    "y": 558.6318913017652
                }
            ]
        },
        {
            "id": "rm180jYCV",
            "type": "RECTANGLE",
            "tags": [
                "leaf"
            ],
            "boundingBox": {
                "height": 330.92677061585175,
                "width": 236.49525924842118,
                "left": 704.400934624755,
                "top": 252.06144281730798
            },
            "points": [
                {
                    "x": 704.400934624755,
                    "y": 252.06144281730798
                },
                {
                    "x": 940.8961938731762,
                    "y": 252.06144281730798
                },
                {
                    "x": 940.8961938731762,
                    "y": 582.9882134331597
                },
                {
                    "x": 704.400934624755,
                    "y": 582.9882134331597
                }
            ]
        },
        {
            "id": "EuOzE4lJK",
            "type": "RECTANGLE",
            "tags": [
                "leaf"
            ],
            "boundingBox": {
                "height": 403.09006655170543,
                "width": 349.47897881165613,
                "left": 1133.4227643694196,
                "top": 206.27452169250253
            },
            "points": [
                {
                    "x": 1133.4227643694196,
                    "y": 206.27452169250253
                },
                {
                    "x": 1482.9017431810757,
                    "y": 206.27452169250253
                },
                {
                    "x": 1482.9017431810757,
                    "y": 609.364588244208
                },
                {
                    "x": 1133.4227643694196,
                    "y": 609.364588244208
                }
            ]
        },
        {
            "id": "Z1gPVLws1",
            "type": "RECTANGLE",
            "tags": [
                "leaf"
            ],
            "boundingBox": {
                "height": 519.8940719662954,
                "width": 476.3852704942019,
                "left": 1541.9092349806729,
                "top": 163.2069609777224
            },
            "points": [
                {
                    "x": 1541.9092349806729,
                    "y": 163.2069609777224
                },
                {
                    "x": 2018.2945054748748,
                    "y": 163.2069609777224
                },
                {
                    "x": 2018.2945054748748,
                    "y": 683.1010329440179
                },
                {
                    "x": 1541.9092349806729,
                    "y": 683.1010329440179
                }
            ]
        },
        {
            "id": "90Lug-olr",
            "type": "RECTANGLE",
            "tags": [
                "leaf"
            ],
            "boundingBox": {
                "height": 501.69280888933787,
                "width": 445.2139930858014,
                "left": 248.62857193896997,
                "top": 839.2350494267839
            },
            "points": [
                {
                    "x": 248.62857193896997,
                    "y": 839.2350494267839
                },
                {
                    "x": 693.8425650247714,
                    "y": 839.2350494267839
                },
                {
                    "x": 693.8425650247714,
                    "y": 1340.9278583161217
                },
                {
                    "x": 248.62857193896997,
                    "y": 1340.9278583161217
                }
            ]
        },
        {
            "id": "3dM1YkeVh",
            "type": "RECTANGLE",
            "tags": [
                "leaf"
            ],
            "boundingBox": {
                "height": 455.3296694700745,
                "width": 408.5452196074695,
                "left": 781.9444397185323,
                "top": 801.6683415087704
            },
            "points": [
                {
                    "x": 781.9444397185323,
                    "y": 801.6683415087704
                },
                {
                    "x": 1190.4896593260019,
                    "y": 801.6683415087704
                },
                {
                    "x": 1190.4896593260019,
                    "y": 1256.9980109788448
                },
                {
                    "x": 781.9444397185323,
                    "y": 1256.9980109788448
                }
            ]
        },
        {
            "id": "c6H153KyP",
            "type": "RECTANGLE",
            "tags": [
                "leaf"
            ],
            "boundingBox": {
                "height": 353.1771828370076,
                "width": 273.6730340299706,
                "left": 1286.4065604924326,
                "top": 885.2270413102774
            },
            "points": [
                {
                    "x": 1286.4065604924326,
                    "y": 885.2270413102774
                },
                {
                    "x": 1560.079594522403,
                    "y": 885.2270413102774
                },
                {
                    "x": 1560.079594522403,
                    "y": 1238.404224147285
                },
                {
                    "x": 1286.4065604924326,
                    "y": 1238.404224147285
                }
            ]
        },
        {
            "id": "JGjkPrFnB",
            "type": "RECTANGLE",
            "tags": [
                "leaf"
            ],
            "boundingBox": {
                "height": 254.64291487068965,
                "width": 195.81980422814135,
                "left": 1705.3841918519981,
                "top": 985.1446560096009
            },
            "points": [
                {
                    "x": 1705.3841918519981,
                    "y": 985.1446560096009
                },
                {
                    "x": 1901.2039960801394,
                    "y": 985.1446560096009
                },
                {
                    "x": 1901.2039960801394,
                    "y": 1239.7875708802906
                },
                {
                    "x": 1705.3841918519981,
                    "y": 1239.7875708802906
                }
            ]
        },
        {
            "id": "GHhC0-k8y",
            "type": "RECTANGLE",
            "tags": [
                "leaf"
            ],
            "boundingBox": {
                "height": 144.25306707506434,
                "width": 97.44672502790179,
                "left": 429.31533972976104,
                "top": 1476.0875758613206
            },
            "points": [
                {
                    "x": 429.31533972976104,
                    "y": 1476.0875758613206
                },
                {
                    "x": 526.7620647576628,
                    "y": 1476.0875758613206
                },
                {
                    "x": 526.7620647576628,
                    "y": 1620.340642936385
                },
                {
                    "x": 429.31533972976104,
                    "y": 1620.340642936385
                }
            ]
        },
        {
            "id": "uj3gfVuwo",
            "type": "RECTANGLE",
            "tags": [
                "leaf"
            ],
            "boundingBox": {
                "height": 99.56291040880926,
                "width": 70.9133283767966,
                "left": 802.6254963625599,
                "top": 1476.7972193458527
            },
            "points": [
                {
                    "x": 802.6254963625599,
                    "y": 1476.7972193458527
                },
                {
                    "x": 873.5388247393565,
                    "y": 1476.7972193458527
                },
                {
                    "x": 873.5388247393565,
                    "y": 1576.360129754662
                },
                {
                    "x": 802.6254963625599,
                    "y": 1576.360129754662
                }
            ]
        },
        {
            "id": "rG99mmxnW",
            "type": "RECTANGLE",
            "tags": [
                "mark"
            ],
            "boundingBox": {
                "height": 63.59014021482504,
                "width": 57.689164324504574,
                "left": 2083.937813895089,
                "top": 39.02193512313667
            },
            "points": [
                {
                    "x": 2083.937813895089,
                    "y": 39.02193512313667
                },
                {
                    "x": 2141.626978219594,
                    "y": 39.02193512313667
                },
                {
                    "x": 2141.626978219594,
                    "y": 102.61207533796171
                },
                {
                    "x": 2083.937813895089,
                    "y": 102.61207533796171
                }
            ]
        },
        {
            "id": "mQmNR2sfY",
            "type": "RECTANGLE",
            "tags": [
                "tag"
            ],
            "boundingBox": {
                "height": 142.0797398592777,
                "width": 316.20730729053247,
                "left": 1808.053937639509,
                "top": 1756.64833390393
            },
            "points": [
                {
                    "x": 1808.053937639509,
                    "y": 1756.64833390393
                },
                {
                    "x": 2124.2612449300414,
                    "y": 1756.64833390393
                },
                {
                    "x": 2124.2612449300414,
                    "y": 1898.728073763208
                },
                {
                    "x": 1808.053937639509,
                    "y": 1898.728073763208
                }
            ]
        },
        {
            "id": "otrXesmd2",
            "type": "RECTANGLE",
            "tags": [
                "scale"
            ],
            "boundingBox": {
                "height": 1435.5041196976583,
                "width": 735.0169165209196,
                "left": 175.85149040620917,
                "top": 384.4612790981015
            },
            "points": [
                {
                    "x": 175.85149040620917,
                    "y": 384.4612790981015
                },
                {
                    "x": 910.8684069271287,
                    "y": 384.4612790981015
                },
                {
                    "x": 910.8684069271287,
                    "y": 1819.96539879576
                },
                {
                    "x": 175.85149040620917,
                    "y": 1819.96539879576
                }
            ]
        }
    ],
    "version": "2.2.0"
}