{
    "asset": {
        "format": "jpg",
        "id": "bcad5e29ab0baf87ce561a78eee2733f",
        "name": "2_1_6.jpg",
        "path": "file:/Users/kaitomasuda/Desktop/Univ/LeafDetection/dataset/imgs/2_1_6.jpg",
        "size": {
            "width": 2216,
            "height": 2013
        },
        "state": 2,
        "type": 1
    },
    "regions": [
        {
            "id": "hS4dp51uz",
            "type": "RECTANGLE",
            "tags": [
                "leaf"
            ],
            "boundingBox": {
                "height": 290.76410594490005,
                "width": 228.51681357935854,
                "left": 363.2139415310738,
                "top": 360.58061625794596
            },
            "points": [
                {
                    "x": 363.2139415310738,
                    "y": 360.58061625794596
                },
                {
                    "x": 591.7307551104324,
                    "y": 360.58061625794596
                },
                {
                    "x": 591.7307551104324,
                    "y": 651.344722202846
                },
                {
                    "x": 363.2139415310738,
                    "y": 651.344722202846
                }
            ]
        },
        {
            "id": "F364qArjS",
            "type": "RECTANGLE",
            "tags": [
                "leaf"
            ],
            "boundingBox": {
                "height": 390.39492172335986,
                "width": 347.2237264303336,
                "left": 669.7610726033835,
                "top": 284.6117599202979
            },
            "points": [
                {
                    "x": 669.7610726033835,
                    "y": 284.6117599202979
                },
                {
                    "x": 1016.9847990337171,
                    "y": 284.6117599202979
                },
                {
                    "x": 1016.9847990337171,
                    "y": 675.0066816436578
                },
                {
                    "x": 669.7610726033835,
                    "y": 675.0066816436578
                }
            ]
        },
        {
            "id": "hFAGvDfDT",
            "type": "RECTANGLE",
            "tags": [
                "leaf"
            ],
            "boundingBox": {
                "height": 459.29287909276735,
                "width": 429.9258968955592,
                "left": 1122.7503028812264,
                "top": 292.1440975592003
            },
            "points": [
                {
                    "x": 1122.7503028812264,
                    "y": 292.1440975592003
                },
                {
                    "x": 1552.6761997767858,
                    "y": 292.1440975592003
                },
                {
                    "x": 1552.6761997767858,
                    "y": 751.4369766519677
                },
                {
                    "x": 1122.7503028812264,
                    "y": 751.4369766519677
                }
            ]
        },
        {
            "id": "xWwxeukJV",
            "type": "RECTANGLE",
            "tags": [
                "leaf"
            ],
            "boundingBox": {
                "height": 508.4231243252014,
                "width": 414.32796897027725,
                "left": 1643.6939431097273,
                "top": 215.41758130944294
            },
            "points": [
                {
                    "x": 1643.6939431097273,
                    "y": 215.41758130944294
                },
                {
                    "x": 2058.0219120800048,
                    "y": 215.41758130944294
                },
                {
                    "x": 2058.0219120800048,
                    "y": 723.8407056346443
                },
                {
                    "x": 1643.6939431097273,
                    "y": 723.8407056346443
                }
            ]
        },
        {
            "id": "JkJgYyqMa",
            "type": "RECTANGLE",
            "tags": [
                "leaf"
            ],
            "boundingBox": {
                "height": 466.5127154048185,
                "width": 402.6386755462876,
                "left": 264.3308784656955,
                "top": 954.5497387240392
            },
            "points": [
                {
                    "x": 264.3308784656955,
                    "y": 954.5497387240392
                },
                {
                    "x": 666.9695540119831,
                    "y": 954.5497387240392
                },
                {
                    "x": 666.9695540119831,
                    "y": 1421.0624541288578
                },
                {
                    "x": 264.3308784656955,
                    "y": 1421.0624541288578
                }
            ]
        },
        {
            "id": "Z7lxtR54q",
            "type": "RECTANGLE",
            "tags": [
                "leaf"
            ],
            "boundingBox": {
                "height": 424.1287849378882,
                "width": 304.1717979029605,
                "left": 748.2566431949012,
                "top": 977.1846537145768
            },
            "points": [
                {
                    "x": 748.2566431949012,
                    "y": 977.1846537145768
                },
                {
                    "x": 1052.4284410978619,
                    "y": 977.1846537145768
                },
                {
                    "x": 1052.4284410978619,
                    "y": 1401.313438652465
                },
                {
                    "x": 748.2566431949012,
                    "y": 1401.313438652465
                }
            ]
        },
        {
            "id": "VHwhuM6FZ",
            "type": "RECTANGLE",
            "tags": [
                "leaf"
            ],
            "boundingBox": {
                "height": 283.0847387846953,
                "width": 214.00523892739662,
                "left": 1185.5737084410243,
                "top": 1048.1383534307065
            },
            "points": [
                {
                    "x": 1185.5737084410243,
                    "y": 1048.1383534307065
                },
                {
                    "x": 1399.578947368421,
                    "y": 1048.1383534307065
                },
                {
                    "x": 1399.578947368421,
                    "y": 1331.2230922154017
                },
                {
                    "x": 1185.5737084410243,
                    "y": 1331.2230922154017
                }
            ]
        },
        {
            "id": "IQL4688xo",
            "type": "RECTANGLE",
            "tags": [
                "leaf"
            ],
            "boundingBox": {
                "height": 224.95440446367914,
                "width": 164.16366600093986,
                "left": 1471.9555498854559,
                "top": 1051.5762495905717
            },
            "points": [
                {
                    "x": 1471.9555498854559,
                    "y": 1051.5762495905717
                },
                {
                    "x": 1636.1192158863955,
                    "y": 1051.5762495905717
                },
                {
                    "x": 1636.1192158863955,
                    "y": 1276.5306540542508
                },
                {
                    "x": 1471.9555498854559,
                    "y": 1276.5306540542508
                }
            ]
        },
        {
            "id": "v3G27R2Bj",
            "type": "RECTANGLE",
            "tags": [
                "leaf"
            ],
            "boundingBox": {
                "height": 158.85445958486994,
                "width": 126.87985894913064,
                "left": 1749.6308024700422,
                "top": 1062.1580507266594
            },
            "points": [
                {
                    "x": 1749.6308024700422,
                    "y": 1062.1580507266594
                },
                {
                    "x": 1876.510661419173,
                    "y": 1062.1580507266594
                },
                {
                    "x": 1876.510661419173,
                    "y": 1221.0125103115295
                },
                {
                    "x": 1749.6308024700422,
                    "y": 1221.0125103115295
                }
            ]
        },
        {
            "id": "Wk1IyN5Qf",
            "type": "RECTANGLE",
            "tags": [
                "leaf"
            ],
            "boundingBox": {
                "height": 95.72512153957202,
                "width": 72.08168798460996,
                "left": 2006.9396642240365,
                "top": 1120.9164402173913
            },
            "points": [
                {
                    "x": 2006.9396642240365,
                    "y": 1120.9164402173913
                },
                {
                    "x": 2079.0213522086465,
                    "y": 1120.9164402173913
                },
                {
                    "x": 2079.0213522086465,
                    "y": 1216.6415617569633
                },
                {
                    "x": 2006.9396642240365,
                    "y": 1216.6415617569633
                }
            ]
        },
        {
            "id": "bWiRVDpkU",
            "type": "RECTANGLE",
            "tags": [
                "mark"
            ],
            "boundingBox": {
                "height": 69.94840444244953,
                "width": 61.285273731203006,
                "left": 2092.332675560973,
                "top": 28.889265925247475
            },
            "points": [
                {
                    "x": 2092.332675560973,
                    "y": 28.889265925247475
                },
                {
                    "x": 2153.6179492921756,
                    "y": 28.889265925247475
                },
                {
                    "x": 2153.6179492921756,
                    "y": 98.83767036769702
                },
                {
                    "x": 2092.332675560973,
                    "y": 98.83767036769702
                }
            ]
        },
        {
            "id": "HwcpkqRX2",
            "type": "RECTANGLE",
            "tags": [
                "tag"
            ],
            "boundingBox": {
                "height": 140.1834910138053,
                "width": 292.8796221510808,
                "left": 1793.6178134545348,
                "top": 1747.930701972535
            },
            "points": [
                {
                    "x": 1793.6178134545348,
                    "y": 1747.930701972535
                },
                {
                    "x": 2086.4974356056155,
                    "y": 1747.930701972535
                },
                {
                    "x": 2086.4974356056155,
                    "y": 1888.1141929863402
                },
                {
                    "x": 1793.6178134545348,
                    "y": 1888.1141929863402
                }
            ]
        },
        {
            "id": "fYvhbvp3f",
            "type": "RECTANGLE",
            "tags": [
                "scale"
            ],
            "boundingBox": {
                "height": 1433.6622227260045,
                "width": 753.3284104426104,
                "left": 159.0074921801574,
                "top": 388.79489457977485
            },
            "points": [
                {
                    "x": 159.0074921801574,
                    "y": 388.79489457977485
                },
                {
                    "x": 912.3359026227678,
                    "y": 388.79489457977485
                },
                {
                    "x": 912.3359026227678,
                    "y": 1822.4571173057793
                },
                {
                    "x": 159.0074921801574,
                    "y": 1822.4571173057793
                }
            ]
        }
    ],
    "version": "2.2.0"
}