{
    "asset": {
        "format": "jpg",
        "id": "c12b87fc6c4fa0a160f183622988f182",
        "name": "3_1_1.jpg",
        "path": "file:/Users/kaitomasuda/Desktop/Univ/LeafDetection/dataset/imgs/3_1_1.jpg",
        "size": {
            "width": 2215,
            "height": 2015
        },
        "state": 2,
        "type": 1
    },
    "regions": [
        {
            "id": "4VshXA4jG",
            "type": "RECTANGLE",
            "tags": [
                "leaf"
            ],
            "boundingBox": {
                "height": 337.56641059433014,
                "width": 219.44917822265626,
                "left": 370.29933056640624,
                "top": 415.4174198626634
            },
            "points": [
                {
                    "x": 370.29933056640624,
                    "y": 415.4174198626634
                },
                {
                    "x": 589.7485087890625,
                    "y": 415.4174198626634
                },
                {
                    "x": 589.7485087890625,
                    "y": 752.9838304569935
                },
                {
                    "x": 370.29933056640624,
                    "y": 752.9838304569935
                }
            ]
        },
        {
            "id": "eZ3bmrNwZ",
            "type": "RECTANGLE",
            "tags": [
                "leaf"
            ],
            "boundingBox": {
                "height": 412.6752030786605,
                "width": 312.388544921875,
                "left": 661.6105498046875,
                "top": 368.27969247720785
            },
            "points": [
                {
                    "x": 661.6105498046875,
                    "y": 368.27969247720785
                },
                {
                    "x": 973.9990947265625,
                    "y": 368.27969247720785
                },
                {
                    "x": 973.9990947265625,
                    "y": 780.9548955558683
                },
                {
                    "x": 661.6105498046875,
                    "y": 780.9548955558683
                }
            ]
        },
        {
            "id": "CNCCBRBam",
            "type": "RECTANGLE",
            "tags": [
                "leaf"
            ],
            "boundingBox": {
                "height": 486.6667481005087,
                "width": 396.119005859375,
                "left": 1142.4446533203125,
                "top": 362.75440772514145
            },
            "points": [
                {
                    "x": 1142.4446533203125,
                    "y": 362.75440772514145
                },
                {
                    "x": 1538.5636591796874,
                    "y": 362.75440772514145
                },
                {
                    "x": 1538.5636591796874,
                    "y": 849.4211558256502
                },
                {
                    "x": 1142.4446533203125,
                    "y": 849.4211558256502
                }
            ]
        },
        {
            "id": "8-LqPbedJ",
            "type": "RECTANGLE",
            "tags": [
                "leaf"
            ],
            "boundingBox": {
                "height": 511.2294411282129,
                "width": 446.39344921875,
                "left": 1661.14098046875,
                "top": 394.3265371205308
            },
            "points": [
                {
                    "x": 1661.14098046875,
                    "y": 394.3265371205308
                },
                {
                    "x": 2107.5344296875,
                    "y": 394.3265371205308
                },
                {
                    "x": 2107.5344296875,
                    "y": 905.5559782487437
                },
                {
                    "x": 1661.14098046875,
                    "y": 905.5559782487437
                }
            ]
        },
        {
            "id": "y_Lz7FK6P",
            "type": "RECTANGLE",
            "tags": [
                "leaf"
            ],
            "boundingBox": {
                "height": 478.60944644009504,
                "width": 367.02117382812503,
                "left": 316.5061953125,
                "top": 1018.84149910067
            },
            "points": [
                {
                    "x": 316.5061953125,
                    "y": 1018.84149910067
                },
                {
                    "x": 683.527369140625,
                    "y": 1018.84149910067
                },
                {
                    "x": 683.527369140625,
                    "y": 1497.4509455407651
                },
                {
                    "x": 316.5061953125,
                    "y": 1497.4509455407651
                }
            ]
        },
        {
            "id": "JbvVGbFM2",
            "type": "RECTANGLE",
            "tags": [
                "leaf"
            ],
            "boundingBox": {
                "height": 393.5403155915125,
                "width": 314.2617170486717,
                "left": 831.8271331255443,
                "top": 1071.113365436422
            },
            "points": [
                {
                    "x": 831.8271331255443,
                    "y": 1071.113365436422
                },
                {
                    "x": 1146.088850174216,
                    "y": 1071.113365436422
                },
                {
                    "x": 1146.088850174216,
                    "y": 1464.6536810279347
                },
                {
                    "x": 831.8271331255443,
                    "y": 1464.6536810279347
                }
            ]
        },
        {
            "id": "4rwIcrsU6",
            "type": "RECTANGLE",
            "tags": [
                "leaf"
            ],
            "boundingBox": {
                "height": 275.2698753620016,
                "width": 214.1930843977978,
                "left": 1246.5126585212734,
                "top": 1150.7292619610198
            },
            "points": [
                {
                    "x": 1246.5126585212734,
                    "y": 1150.7292619610198
                },
                {
                    "x": 1460.705742919071,
                    "y": 1150.7292619610198
                },
                {
                    "x": 1460.705742919071,
                    "y": 1425.9991373230214
                },
                {
                    "x": 1246.5126585212734,
                    "y": 1425.9991373230214
                }
            ]
        },
        {
            "id": "NoYr4dGMC",
            "type": "RECTANGLE",
            "tags": [
                "leaf"
            ],
            "boundingBox": {
                "height": 172.15967814127603,
                "width": 126.03555606217334,
                "left": 1586.7568438061437,
                "top": 1231.7698622663358
            },
            "points": [
                {
                    "x": 1586.7568438061437,
                    "y": 1231.7698622663358
                },
                {
                    "x": 1712.7923998683173,
                    "y": 1231.7698622663358
                },
                {
                    "x": 1712.7923998683173,
                    "y": 1403.929540407612
                },
                {
                    "x": 1586.7568438061437,
                    "y": 1403.929540407612
                }
            ]
        },
        {
            "id": "d98v5bXhI",
            "type": "RECTANGLE",
            "tags": [
                "leaf"
            ],
            "boundingBox": {
                "height": 117.2672338960728,
                "width": 73.1468801465184,
                "left": 1859.8049905491207,
                "top": 1255.89181483477
            },
            "points": [
                {
                    "x": 1859.8049905491207,
                    "y": 1255.89181483477
                },
                {
                    "x": 1932.9518706956392,
                    "y": 1255.89181483477
                },
                {
                    "x": 1932.9518706956392,
                    "y": 1373.1590487308429
                },
                {
                    "x": 1859.8049905491207,
                    "y": 1373.1590487308429
                }
            ]
        }
    ],
    "version": "2.2.0"
}