{
    "asset": {
        "format": "jpg",
        "id": "c228888b8c3447f6e05b9edc051530d2",
        "name": "1_1_10.jpg",
        "path": "file:/Users/kaitomasuda/Desktop/Univ/LeafDetection/dataset/imgs/1_1_10.jpg",
        "size": {
            "width": 2209,
            "height": 2004
        },
        "state": 2,
        "type": 1
    },
    "regions": [
        {
            "id": "gm_Y0V0sJ",
            "type": "RECTANGLE",
            "tags": [
                "leaf"
            ],
            "boundingBox": {
                "height": 346.2821746738225,
                "width": 221.1788180083231,
                "left": 332.9409545898437,
                "top": 288.74855784655307
            },
            "points": [
                {
                    "x": 332.9409545898437,
                    "y": 288.74855784655307
                },
                {
                    "x": 554.1197725981668,
                    "y": 288.74855784655307
                },
                {
                    "x": 554.1197725981668,
                    "y": 635.0307325203755
                },
                {
                    "x": 332.9409545898437,
                    "y": 635.0307325203755
                }
            ]
        },
        {
            "id": "qcY2IfaxK",
            "type": "RECTANGLE",
            "tags": [
                "leaf"
            ],
            "boundingBox": {
                "height": 423.2734389950975,
                "width": 352.26029316023283,
                "left": 622.9111545138888,
                "top": 242.35635129725213
            },
            "points": [
                {
                    "x": 622.9111545138888,
                    "y": 242.35635129725213
                },
                {
                    "x": 975.1714476741217,
                    "y": 242.35635129725213
                },
                {
                    "x": 975.1714476741217,
                    "y": 665.6297902923496
                },
                {
                    "x": 622.9111545138888,
                    "y": 665.6297902923496
                }
            ]
        },
        {
            "id": "kGyfMfJEu",
            "type": "RECTANGLE",
            "tags": [
                "leaf"
            ],
            "boundingBox": {
                "height": 491.01872644781724,
                "width": 423.6708371629902,
                "left": 1083.162491383272,
                "top": 227.55630246912713
            },
            "points": [
                {
                    "x": 1083.162491383272,
                    "y": 227.55630246912713
                },
                {
                    "x": 1506.8333285462622,
                    "y": 227.55630246912713
                },
                {
                    "x": 1506.8333285462622,
                    "y": 718.5750289169443
                },
                {
                    "x": 1083.162491383272,
                    "y": 718.5750289169443
                }
            ]
        },
        {
            "id": "wXNBdHDj8",
            "type": "RECTANGLE",
            "tags": [
                "leaf"
            ],
            "boundingBox": {
                "height": 529.3361082049543,
                "width": 424.36700096379695,
                "left": 1641.1531109579248,
                "top": 286.4977692266019
            },
            "points": [
                {
                    "x": 1641.1531109579248,
                    "y": 286.4977692266019
                },
                {
                    "x": 2065.5201119217218,
                    "y": 286.4977692266019
                },
                {
                    "x": 2065.5201119217218,
                    "y": 815.8338774315562
                },
                {
                    "x": 1641.1531109579248,
                    "y": 815.8338774315562
                }
            ]
        },
        {
            "id": "EnYDCCYKZ",
            "type": "RECTANGLE",
            "tags": [
                "leaf"
            ],
            "boundingBox": {
                "height": 417.250994327776,
                "width": 324.30781848383884,
                "left": 426.23818351396545,
                "top": 862.8682789211658
            },
            "points": [
                {
                    "x": 426.23818351396545,
                    "y": 862.8682789211658
                },
                {
                    "x": 750.5460019978043,
                    "y": 862.8682789211658
                },
                {
                    "x": 750.5460019978043,
                    "y": 1280.119273248942
                },
                {
                    "x": 426.23818351396545,
                    "y": 1280.119273248942
                }
            ]
        },
        {
            "id": "-ZAHGoE1v",
            "type": "RECTANGLE",
            "tags": [
                "leaf"
            ],
            "boundingBox": {
                "height": 296.7268441060091,
                "width": 240.49181179470486,
                "left": 881.5948720096762,
                "top": 919.1258775342782
            },
            "points": [
                {
                    "x": 881.5948720096762,
                    "y": 919.1258775342782
                },
                {
                    "x": 1122.0866838043812,
                    "y": 919.1258775342782
                },
                {
                    "x": 1122.0866838043812,
                    "y": 1215.8527216402872
                },
                {
                    "x": 881.5948720096762,
                    "y": 1215.8527216402872
                }
            ]
        },
        {
            "id": "7qf1N__qZ",
            "type": "RECTANGLE",
            "tags": [
                "leaf"
            ],
            "boundingBox": {
                "height": 219.70116782944208,
                "width": 152.4288534326491,
                "left": 1218.3504517399408,
                "top": 980.6216719129931
            },
            "points": [
                {
                    "x": 1218.3504517399408,
                    "y": 980.6216719129931
                },
                {
                    "x": 1370.7793051725898,
                    "y": 980.6216719129931
                },
                {
                    "x": 1370.7793051725898,
                    "y": 1200.3228397424352
                },
                {
                    "x": 1218.3504517399408,
                    "y": 1200.3228397424352
                }
            ]
        },
        {
            "id": "d3xh72Xbt",
            "type": "RECTANGLE",
            "tags": [
                "leaf"
            ],
            "boundingBox": {
                "height": 91.49314963920659,
                "width": 57.390333786509395,
                "left": 1606.3773498136234,
                "top": 1071.1254668222036
            },
            "points": [
                {
                    "x": 1606.3773498136234,
                    "y": 1071.1254668222036
                },
                {
                    "x": 1663.7676836001328,
                    "y": 1071.1254668222036
                },
                {
                    "x": 1663.7676836001328,
                    "y": 1162.6186164614103
                },
                {
                    "x": 1606.3773498136234,
                    "y": 1162.6186164614103
                }
            ]
        },
        {
            "id": "QvP3NBJDZ",
            "type": "RECTANGLE",
            "tags": [
                "mark"
            ],
            "boundingBox": {
                "height": 64.07761631506665,
                "width": 59.04209255642361,
                "left": 2085.4726951848447,
                "top": 36.666797560985906
            },
            "points": [
                {
                    "x": 2085.4726951848447,
                    "y": 36.666797560985906
                },
                {
                    "x": 2144.5147877412683,
                    "y": 36.666797560985906
                },
                {
                    "x": 2144.5147877412683,
                    "y": 100.74441387605255
                },
                {
                    "x": 2085.4726951848447,
                    "y": 100.74441387605255
                }
            ]
        },
        {
            "id": "dFoLzAGe-",
            "type": "RECTANGLE",
            "tags": [
                "tag"
            ],
            "boundingBox": {
                "height": 136.20313590541696,
                "width": 317.85746432036353,
                "left": 1605.5821368847019,
                "top": 1624.532803846024
            },
            "points": [
                {
                    "x": 1605.5821368847019,
                    "y": 1624.532803846024
                },
                {
                    "x": 1923.4396012050654,
                    "y": 1624.532803846024
                },
                {
                    "x": 1923.4396012050654,
                    "y": 1760.735939751441
                },
                {
                    "x": 1605.5821368847019,
                    "y": 1760.735939751441
                }
            ]
        },
        {
            "id": "_2alByiho",
            "type": "RECTANGLE",
            "tags": [
                "scale"
            ],
            "boundingBox": {
                "height": 1440.128608637653,
                "width": 738.7915846481822,
                "left": 170.8648570740145,
                "top": 375.2291942233655
            },
            "points": [
                {
                    "x": 170.8648570740145,
                    "y": 375.2291942233655
                },
                {
                    "x": 909.6564417221966,
                    "y": 375.2291942233655
                },
                {
                    "x": 909.6564417221966,
                    "y": 1815.3578028610186
                },
                {
                    "x": 170.8648570740145,
                    "y": 1815.3578028610186
                }
            ]
        }
    ],
    "version": "2.2.0"
}