{
    "asset": {
        "format": "jpg",
        "id": "cb4f190d31f4823f8e0857209d759a18",
        "name": "2_1_1.jpg",
        "path": "file:/Users/kaitomasuda/Desktop/Univ/LeafDetection/dataset/imgs/2_1_1.jpg",
        "size": {
            "width": 2215,
            "height": 2016
        },
        "state": 2,
        "type": 1
    },
    "regions": [
        {
            "id": "lPEuFxeM6",
            "type": "RECTANGLE",
            "tags": [
                "leaf"
            ],
            "boundingBox": {
                "height": 351.05248014591945,
                "width": 239.5155173853824,
                "left": 358.9121688039679,
                "top": 237.96630052298556
            },
            "points": [
                {
                    "x": 358.9121688039679,
                    "y": 237.96630052298556
                },
                {
                    "x": 598.4276861893503,
                    "y": 237.96630052298556
                },
                {
                    "x": 598.4276861893503,
                    "y": 589.018780668905
                },
                {
                    "x": 358.9121688039679,
                    "y": 589.018780668905
                }
            ]
        },
        {
            "id": "6utzdSxKt",
            "type": "RECTANGLE",
            "tags": [
                "leaf"
            ],
            "boundingBox": {
                "height": 408.1321204319473,
                "width": 367.7739090310003,
                "left": 654.7721105589902,
                "top": 261.92866251291326
            },
            "points": [
                {
                    "x": 654.7721105589902,
                    "y": 261.92866251291326
                },
                {
                    "x": 1022.5460195899906,
                    "y": 261.92866251291326
                },
                {
                    "x": 1022.5460195899906,
                    "y": 670.0607829448606
                },
                {
                    "x": 654.7721105589902,
                    "y": 670.0607829448606
                }
            ]
        },
        {
            "id": "chkUuKoRL",
            "type": "RECTANGLE",
            "tags": [
                "leaf"
            ],
            "boundingBox": {
                "height": 494.58907500968496,
                "width": 396.3311159521117,
                "left": 1121.9381920377114,
                "top": 152.35542032541323
            },
            "points": [
                {
                    "x": 1121.9381920377114,
                    "y": 152.35542032541323
                },
                {
                    "x": 1518.2693079898231,
                    "y": 152.35542032541323
                },
                {
                    "x": 1518.2693079898231,
                    "y": 646.9444953350982
                },
                {
                    "x": 1121.9381920377114,
                    "y": 646.9444953350982
                }
            ]
        },
        {
            "id": "6d7FVLxl4",
            "type": "RECTANGLE",
            "tags": [
                "leaf"
            ],
            "boundingBox": {
                "height": 503.4694239088327,
                "width": 408.33532806625936,
                "left": 1620.3719450298108,
                "top": 171.2565897791839
            },
            "points": [
                {
                    "x": 1620.3719450298108,
                    "y": 171.2565897791839
                },
                {
                    "x": 2028.7072730960701,
                    "y": 171.2565897791839
                },
                {
                    "x": 2028.7072730960701,
                    "y": 674.7260136880166
                },
                {
                    "x": 1620.3719450298108,
                    "y": 674.7260136880166
                }
            ]
        },
        {
            "id": "6SkB84qFB",
            "type": "RECTANGLE",
            "tags": [
                "leaf"
            ],
            "boundingBox": {
                "height": 529.9401371222883,
                "width": 445.8363566004244,
                "left": 239.63165111111516,
                "top": 793.7559421003358
            },
            "points": [
                {
                    "x": 239.63165111111516,
                    "y": 793.7559421003358
                },
                {
                    "x": 685.4680077115395,
                    "y": 793.7559421003358
                },
                {
                    "x": 685.4680077115395,
                    "y": 1323.6960792226241
                },
                {
                    "x": 239.63165111111516,
                    "y": 1323.6960792226241
                }
            ]
        },
        {
            "id": "gaL7ywA6y",
            "type": "RECTANGLE",
            "tags": [
                "leaf"
            ],
            "boundingBox": {
                "height": 406.66407460614676,
                "width": 326.1990517064144,
                "left": 770.1983608159803,
                "top": 921.8628656056302
            },
            "points": [
                {
                    "x": 770.1983608159803,
                    "y": 921.8628656056302
                },
                {
                    "x": 1096.3974125223947,
                    "y": 921.8628656056302
                },
                {
                    "x": 1096.3974125223947,
                    "y": 1328.526940211777
                },
                {
                    "x": 770.1983608159803,
                    "y": 1328.526940211777
                }
            ]
        },
        {
            "id": "-SaH0D23i",
            "type": "RECTANGLE",
            "tags": [
                "leaf"
            ],
            "boundingBox": {
                "height": 328.46041290030996,
                "width": 273.27104267321135,
                "left": 1219.8030916371738,
                "top": 925.9076502776344
            },
            "points": [
                {
                    "x": 1219.8030916371738,
                    "y": 925.9076502776344
                },
                {
                    "x": 1493.0741343103853,
                    "y": 925.9076502776344
                },
                {
                    "x": 1493.0741343103853,
                    "y": 1254.3680631779444
                },
                {
                    "x": 1219.8030916371738,
                    "y": 1254.3680631779444
                }
            ]
        },
        {
            "id": "-5B71pTpL",
            "type": "RECTANGLE",
            "tags": [
                "leaf"
            ],
            "boundingBox": {
                "height": 237.4769095428719,
                "width": 181.60519363288591,
                "left": 1574.2203515992128,
                "top": 1036.8875419679753
            },
            "points": [
                {
                    "x": 1574.2203515992128,
                    "y": 1036.8875419679753
                },
                {
                    "x": 1755.8255452320986,
                    "y": 1036.8875419679753
                },
                {
                    "x": 1755.8255452320986,
                    "y": 1274.3644515108472
                },
                {
                    "x": 1574.2203515992128,
                    "y": 1274.3644515108472
                }
            ]
        },
        {
            "id": "gCM3YK5I4",
            "type": "RECTANGLE",
            "tags": [
                "leaf"
            ],
            "boundingBox": {
                "height": 140.7257110343492,
                "width": 110.89576434372063,
                "left": 1906.5229040160214,
                "top": 1095.6304760136882
            },
            "points": [
                {
                    "x": 1906.5229040160214,
                    "y": 1095.6304760136882
                },
                {
                    "x": 2017.418668359742,
                    "y": 1095.6304760136882
                },
                {
                    "x": 2017.418668359742,
                    "y": 1236.3561870480373
                },
                {
                    "x": 1906.5229040160214,
                    "y": 1236.3561870480373
                }
            ]
        },
        {
            "id": "VD5ESh75w",
            "type": "RECTANGLE",
            "tags": [
                "mark"
            ],
            "boundingBox": {
                "height": 66.30980840005166,
                "width": 57.26536227348155,
                "left": 2093.3284489911302,
                "top": 35.375722333419425
            },
            "points": [
                {
                    "x": 2093.3284489911302,
                    "y": 35.375722333419425
                },
                {
                    "x": 2150.5938112646118,
                    "y": 35.375722333419425
                },
                {
                    "x": 2150.5938112646118,
                    "y": 101.68553073347108
                },
                {
                    "x": 2093.3284489911302,
                    "y": 101.68553073347108
                }
            ]
        },
        {
            "id": "xBGNftHw3",
            "type": "RECTANGLE",
            "tags": [
                "tag"
            ],
            "boundingBox": {
                "height": 126.41007150697315,
                "width": 312.5588025544819,
                "left": 1698.427531306905,
                "top": 1749.4858075606924
            },
            "points": [
                {
                    "x": 1698.427531306905,
                    "y": 1749.4858075606924
                },
                {
                    "x": 2010.9863338613868,
                    "y": 1749.4858075606924
                },
                {
                    "x": 2010.9863338613868,
                    "y": 1875.8958790676654
                },
                {
                    "x": 1698.427531306905,
                    "y": 1875.8958790676654
                }
            ]
        },
        {
            "id": "3qA4mNrIH",
            "type": "RECTANGLE",
            "tags": [
                "scale"
            ],
            "boundingBox": {
                "height": 1438.0873438307078,
                "width": 740.8477852039767,
                "left": 172.82985486482318,
                "top": 387.55049675555273
            },
            "points": [
                {
                    "x": 172.82985486482318,
                    "y": 387.55049675555273
                },
                {
                    "x": 913.6776400687999,
                    "y": 387.55049675555273
                },
                {
                    "x": 913.6776400687999,
                    "y": 1825.6378405862604
                },
                {
                    "x": 172.82985486482318,
                    "y": 1825.6378405862604
                }
            ]
        }
    ],
    "version": "2.2.0"
}