{
    "asset": {
        "format": "jpg",
        "id": "cc47fcb49efe9970382d62a2e594aaed",
        "name": "1_2_7.jpg",
        "path": "file:/Users/kaitomasuda/Desktop/Univ/LeafDetection/dataset/imgs/1_2_7.jpg",
        "size": {
            "width": 2213,
            "height": 2015
        },
        "state": 2,
        "type": 1
    },
    "regions": [
        {
            "id": "Dd_3lVjZ-",
            "type": "RECTANGLE",
            "tags": [
                "leaf"
            ],
            "boundingBox": {
                "height": 330.5905113535479,
                "width": 226.9245309471188,
                "left": 315.4212947071047,
                "top": 366.7282741325946
            },
            "points": [
                {
                    "x": 315.4212947071047,
                    "y": 366.7282741325946
                },
                {
                    "x": 542.3458256542235,
                    "y": 366.7282741325946
                },
                {
                    "x": 542.3458256542235,
                    "y": 697.3187854861425
                },
                {
                    "x": 315.4212947071047,
                    "y": 697.3187854861425
                }
            ]
        },
        {
            "id": "LD6B6Ey9M",
            "type": "RECTANGLE",
            "tags": [
                "leaf"
            ],
            "boundingBox": {
                "height": 416.28318219145467,
                "width": 291.16948476232085,
                "left": 620.3578454498062,
                "top": 290.0097580586583
            },
            "points": [
                {
                    "x": 620.3578454498062,
                    "y": 290.0097580586583
                },
                {
                    "x": 911.527330212127,
                    "y": 290.0097580586583
                },
                {
                    "x": 911.527330212127,
                    "y": 706.292940250113
                },
                {
                    "x": 620.3578454498062,
                    "y": 706.292940250113
                }
            ]
        },
        {
            "id": "Ty92OqGxY",
            "type": "RECTANGLE",
            "tags": [
                "leaf"
            ],
            "boundingBox": {
                "height": 456.15956203996643,
                "width": 374.19740444556214,
                "left": 1101.1215416470866,
                "top": 209.4001631303267
            },
            "points": [
                {
                    "x": 1101.1215416470866,
                    "y": 209.4001631303267
                },
                {
                    "x": 1475.3189460926487,
                    "y": 209.4001631303267
                },
                {
                    "x": 1475.3189460926487,
                    "y": 665.5597251702932
                },
                {
                    "x": 1101.1215416470866,
                    "y": 665.5597251702932
                }
            ]
        },
        {
            "id": "8a7BRsb5b",
            "type": "RECTANGLE",
            "tags": [
                "leaf"
            ],
            "boundingBox": {
                "height": 481.7037717961083,
                "width": 391.44228965357735,
                "left": 1613.3704446204624,
                "top": 276.8017395271743
            },
            "points": [
                {
                    "x": 1613.3704446204624,
                    "y": 276.8017395271743
                },
                {
                    "x": 2004.8127342740397,
                    "y": 276.8017395271743
                },
                {
                    "x": 2004.8127342740397,
                    "y": 758.5055113232826
                },
                {
                    "x": 1613.3704446204624,
                    "y": 758.5055113232826
                }
            ]
        },
        {
            "id": "RNZYpgw66",
            "type": "RECTANGLE",
            "tags": [
                "leaf"
            ],
            "boundingBox": {
                "height": 349.0693878930462,
                "width": 261.56968356254407,
                "left": 481.90672015426753,
                "top": 983.018702987797
            },
            "points": [
                {
                    "x": 481.90672015426753,
                    "y": 983.018702987797
                },
                {
                    "x": 743.4764037168115,
                    "y": 983.018702987797
                },
                {
                    "x": 743.4764037168115,
                    "y": 1332.0880908808433
                },
                {
                    "x": 481.90672015426753,
                    "y": 1332.0880908808433
                }
            ]
        },
        {
            "id": "JkyJ1Th0c",
            "type": "RECTANGLE",
            "tags": [
                "leaf"
            ],
            "boundingBox": {
                "height": 259.45692456458227,
                "width": 209.4176286969866,
                "left": 965.7470854565614,
                "top": 1028.950864933739
            },
            "points": [
                {
                    "x": 965.7470854565614,
                    "y": 1028.950864933739
                },
                {
                    "x": 1175.164714153548,
                    "y": 1028.950864933739
                },
                {
                    "x": 1175.164714153548,
                    "y": 1288.4077894983213
                },
                {
                    "x": 965.7470854565614,
                    "y": 1288.4077894983213
                }
            ]
        },
        {
            "id": "UvofmKzEF",
            "type": "RECTANGLE",
            "tags": [
                "leaf"
            ],
            "boundingBox": {
                "height": 119.41721766448218,
                "width": 92.08375675516918,
                "left": 1510.7288228658806,
                "top": 1096.9086727426072
            },
            "points": [
                {
                    "x": 1510.7288228658806,
                    "y": 1096.9086727426072
                },
                {
                    "x": 1602.8125796210497,
                    "y": 1096.9086727426072
                },
                {
                    "x": 1602.8125796210497,
                    "y": 1216.3258904070894
                },
                {
                    "x": 1510.7288228658806,
                    "y": 1216.3258904070894
                }
            ]
        },
        {
            "id": "2hV290rtf",
            "type": "RECTANGLE",
            "tags": [
                "leaf"
            ],
            "boundingBox": {
                "height": 91.46792325106534,
                "width": 65.71651464476622,
                "left": 1741.604936413299,
                "top": 1159.4220702116154
            },
            "points": [
                {
                    "x": 1741.604936413299,
                    "y": 1159.4220702116154
                },
                {
                    "x": 1807.3214510580651,
                    "y": 1159.4220702116154
                },
                {
                    "x": 1807.3214510580651,
                    "y": 1250.8899934626809
                },
                {
                    "x": 1741.604936413299,
                    "y": 1250.8899934626809
                }
            ]
        }
    ],
    "version": "2.2.0"
}