{
    "asset": {
        "format": "jpg",
        "id": "ce359537ba4a19757abd2a42420de672",
        "name": "3_2_9.jpg",
        "path": "file:/Users/kaitomasuda/Desktop/Univ/LeafDetection/dataset/imgs/3_2_9.jpg",
        "size": {
            "width": 2215,
            "height": 2013
        },
        "state": 2,
        "type": 1
    },
    "regions": [
        {
            "id": "jxuLa6trz",
            "type": "RECTANGLE",
            "tags": [
                "leaf"
            ],
            "boundingBox": {
                "height": 337.6085729489381,
                "width": 260.0912996617759,
                "left": 372.8494555111131,
                "top": 285.89139933969784
            },
            "points": [
                {
                    "x": 372.8494555111131,
                    "y": 285.89139933969784
                },
                {
                    "x": 632.940755172889,
                    "y": 285.89139933969784
                },
                {
                    "x": 632.940755172889,
                    "y": 623.499972288636
                },
                {
                    "x": 372.8494555111131,
                    "y": 623.499972288636
                }
            ]
        },
        {
            "id": "iepbcJFYr",
            "type": "RECTANGLE",
            "tags": [
                "leaf"
            ],
            "boundingBox": {
                "height": 410.62601690182737,
                "width": 335.69284897648083,
                "left": 746.5713054377858,
                "top": 247.1159938066855
            },
            "points": [
                {
                    "x": 746.5713054377858,
                    "y": 247.1159938066855
                },
                {
                    "x": 1082.2641544142666,
                    "y": 247.1159938066855
                },
                {
                    "x": 1082.2641544142666,
                    "y": 657.7420107085129
                },
                {
                    "x": 746.5713054377858,
                    "y": 657.7420107085129
                }
            ]
        },
        {
            "id": "9au8ZUp4z",
            "type": "RECTANGLE",
            "tags": [
                "leaf"
            ],
            "boundingBox": {
                "height": 486.1299222748855,
                "width": 396.49007232347014,
                "left": 1174.4595687813044,
                "top": 238.18000828534707
            },
            "points": [
                {
                    "x": 1174.4595687813044,
                    "y": 238.18000828534707
                },
                {
                    "x": 1570.9496411047746,
                    "y": 238.18000828534707
                },
                {
                    "x": 1570.9496411047746,
                    "y": 724.3099305602326
                },
                {
                    "x": 1174.4595687813044,
                    "y": 724.3099305602326
                }
            ]
        },
        {
            "id": "cqCUopod5",
            "type": "RECTANGLE",
            "tags": [
                "leaf"
            ],
            "boundingBox": {
                "height": 490.90913461268633,
                "width": 393.1729009010235,
                "left": 1665.4970345846036,
                "top": 305.40296620336073
            },
            "points": [
                {
                    "x": 1665.4970345846036,
                    "y": 305.40296620336073
                },
                {
                    "x": 2058.6699354856273,
                    "y": 305.40296620336073
                },
                {
                    "x": 2058.6699354856273,
                    "y": 796.3121008160471
                },
                {
                    "x": 1665.4970345846036,
                    "y": 796.3121008160471
                }
            ]
        },
        {
            "id": "4I4zQP_ua",
            "type": "RECTANGLE",
            "tags": [
                "leaf"
            ],
            "boundingBox": {
                "height": 426.257018692192,
                "width": 358.09506140519517,
                "left": 369.91007043924895,
                "top": 981.6560984644397
            },
            "points": [
                {
                    "x": 369.91007043924895,
                    "y": 981.6560984644397
                },
                {
                    "x": 728.0051318444441,
                    "y": 981.6560984644397
                },
                {
                    "x": 728.0051318444441,
                    "y": 1407.9131171566316
                },
                {
                    "x": 369.91007043924895,
                    "y": 1407.9131171566316
                }
            ]
        },
        {
            "id": "Kc9DcJ4xk",
            "type": "RECTANGLE",
            "tags": [
                "leaf"
            ],
            "boundingBox": {
                "height": 300.4906514485677,
                "width": 214.82618272096852,
                "left": 954.5455177652711,
                "top": 1038.4561132672188
            },
            "points": [
                {
                    "x": 954.5455177652711,
                    "y": 1038.4561132672188
                },
                {
                    "x": 1169.3717004862397,
                    "y": 1038.4561132672188
                },
                {
                    "x": 1169.3717004862397,
                    "y": 1338.9467647157867
                },
                {
                    "x": 954.5455177652711,
                    "y": 1338.9467647157867
                }
            ]
        },
        {
            "id": "wwSwbMYBI",
            "type": "RECTANGLE",
            "tags": [
                "leaf"
            ],
            "boundingBox": {
                "height": 167.04129729873833,
                "width": 125.08543752211726,
                "left": 1320.173931055368,
                "top": 1141.3745268021507
            },
            "points": [
                {
                    "x": 1320.173931055368,
                    "y": 1141.3745268021507
                },
                {
                    "x": 1445.2593685774852,
                    "y": 1141.3745268021507
                },
                {
                    "x": 1445.2593685774852,
                    "y": 1308.415824100889
                },
                {
                    "x": 1320.173931055368,
                    "y": 1308.415824100889
                }
            ]
        },
        {
            "id": "IpLrU5LXp",
            "type": "RECTANGLE",
            "tags": [
                "leaf"
            ],
            "boundingBox": {
                "height": 128.3345024722746,
                "width": 77.17298979543227,
                "left": 1657.7288616326628,
                "top": 1205.8464660644531
            },
            "points": [
                {
                    "x": 1657.7288616326628,
                    "y": 1205.8464660644531
                },
                {
                    "x": 1734.9018514280951,
                    "y": 1205.8464660644531
                },
                {
                    "x": 1734.9018514280951,
                    "y": 1334.1809685367277
                },
                {
                    "x": 1657.7288616326628,
                    "y": 1334.1809685367277
                }
            ]
        }
    ],
    "version": "2.2.0"
}