{
    "asset": {
        "format": "jpg",
        "id": "d50a03882e39f5464a5400db2c6272db",
        "name": "1_3_7.jpg",
        "path": "file:/Users/kaitomasuda/Desktop/Univ/LeafDetection/dataset/imgs/1_3_7.jpg",
        "size": {
            "width": 2213,
            "height": 2017
        },
        "state": 2,
        "type": 1
    },
    "regions": [
        {
            "id": "4LJQdrnci",
            "type": "RECTANGLE",
            "tags": [
                "leaf"
            ],
            "boundingBox": {
                "height": 361.69916262282544,
                "width": 241.75058247272236,
                "left": 365.03467863842957,
                "top": 364.21564060486475
            },
            "points": [
                {
                    "x": 365.03467863842957,
                    "y": 364.21564060486475
                },
                {
                    "x": 606.785261111152,
                    "y": 364.21564060486475
                },
                {
                    "x": 606.785261111152,
                    "y": 725.9148032276902
                },
                {
                    "x": 365.03467863842957,
                    "y": 725.9148032276902
                }
            ]
        },
        {
            "id": "gKzcG5Scx",
            "type": "RECTANGLE",
            "tags": [
                "leaf"
            ],
            "boundingBox": {
                "height": 440.7095655303641,
                "width": 346.2661846419026,
                "left": 711.0548414646236,
                "top": 232.16882701755802
            },
            "points": [
                {
                    "x": 711.0548414646236,
                    "y": 232.16882701755802
                },
                {
                    "x": 1057.3210261065262,
                    "y": 232.16882701755802
                },
                {
                    "x": 1057.3210261065262,
                    "y": 672.8783925479221
                },
                {
                    "x": 711.0548414646236,
                    "y": 672.8783925479221
                }
            ]
        },
        {
            "id": "7aGqUxCoq",
            "type": "RECTANGLE",
            "tags": [
                "leaf"
            ],
            "boundingBox": {
                "height": 514.6895507812501,
                "width": 401.0196218849125,
                "left": 1186.6767071028403,
                "top": 233.54598571148117
            },
            "points": [
                {
                    "x": 1186.6767071028403,
                    "y": 233.54598571148117
                },
                {
                    "x": 1587.6963289877526,
                    "y": 233.54598571148117
                },
                {
                    "x": 1587.6963289877526,
                    "y": 748.2355364927312
                },
                {
                    "x": 1186.6767071028403,
                    "y": 748.2355364927312
                }
            ]
        },
        {
            "id": "NlGV1gF3b",
            "type": "RECTANGLE",
            "tags": [
                "leaf"
            ],
            "boundingBox": {
                "height": 512.7837895658828,
                "width": 439.7148673839139,
                "left": 1748.0715779469426,
                "top": 248.6475188265142
            },
            "points": [
                {
                    "x": 1748.0715779469426,
                    "y": 248.6475188265142
                },
                {
                    "x": 2187.7864453308566,
                    "y": 248.6475188265142
                },
                {
                    "x": 2187.7864453308566,
                    "y": 761.431308392397
                },
                {
                    "x": 1748.0715779469426,
                    "y": 761.431308392397
                }
            ]
        },
        {
            "id": "TWFkKBuNh",
            "type": "RECTANGLE",
            "tags": [
                "leaf"
            ],
            "boundingBox": {
                "height": 438.5022533927997,
                "width": 359.7067448895677,
                "left": 296.0498060642329,
                "top": 925.8372265373309
            },
            "points": [
                {
                    "x": 296.0498060642329,
                    "y": 925.8372265373309
                },
                {
                    "x": 655.7565509538006,
                    "y": 925.8372265373309
                },
                {
                    "x": 655.7565509538006,
                    "y": 1364.3394799301307
                },
                {
                    "x": 296.0498060642329,
                    "y": 1364.3394799301307
                }
            ]
        },
        {
            "id": "gNVuebX0k",
            "type": "RECTANGLE",
            "tags": [
                "leaf"
            ],
            "boundingBox": {
                "height": 359.1725314110825,
                "width": 264.1416144120066,
                "left": 777.6437306798491,
                "top": 955.8694646776338
            },
            "points": [
                {
                    "x": 777.6437306798491,
                    "y": 955.8694646776338
                },
                {
                    "x": 1041.7853450918556,
                    "y": 955.8694646776338
                },
                {
                    "x": 1041.7853450918556,
                    "y": 1315.0419960887164
                },
                {
                    "x": 777.6437306798491,
                    "y": 1315.0419960887164
                }
            ]
        },
        {
            "id": "sl_gUmBH2",
            "type": "RECTANGLE",
            "tags": [
                "leaf"
            ],
            "boundingBox": {
                "height": 244.55906705561375,
                "width": 175.69004351393622,
                "left": 1125.7653615851152,
                "top": 1035.474846845804
            },
            "points": [
                {
                    "x": 1125.7653615851152,
                    "y": 1035.474846845804
                },
                {
                    "x": 1301.4554050990514,
                    "y": 1035.474846845804
                },
                {
                    "x": 1301.4554050990514,
                    "y": 1280.0339139014177
                },
                {
                    "x": 1125.7653615851152,
                    "y": 1280.0339139014177
                }
            ]
        },
        {
            "id": "40hp4Zzyk",
            "type": "RECTANGLE",
            "tags": [
                "leaf"
            ],
            "boundingBox": {
                "height": 165.3301158787049,
                "width": 110.32999391484081,
                "left": 1427.2515134883106,
                "top": 1162.841783031975
            },
            "points": [
                {
                    "x": 1427.2515134883106,
                    "y": 1162.841783031975
                },
                {
                    "x": 1537.5815074031516,
                    "y": 1162.841783031975
                },
                {
                    "x": 1537.5815074031516,
                    "y": 1328.1718989106798
                },
                {
                    "x": 1427.2515134883106,
                    "y": 1328.1718989106798
                }
            ]
        },
        {
            "id": "iOSZRIkFg",
            "type": "RECTANGLE",
            "tags": [
                "leaf"
            ],
            "boundingBox": {
                "height": 85.19448128926386,
                "width": 70.34446681890273,
                "left": 1711.1911559140772,
                "top": 1221.28631151337
            },
            "points": [
                {
                    "x": 1711.1911559140772,
                    "y": 1221.28631151337
                },
                {
                    "x": 1781.53562273298,
                    "y": 1221.28631151337
                },
                {
                    "x": 1781.53562273298,
                    "y": 1306.4807928026337
                },
                {
                    "x": 1711.1911559140772,
                    "y": 1306.4807928026337
                }
            ]
        },
        {
            "id": "tFTKhs72a",
            "type": "RECTANGLE",
            "tags": [
                "mark"
            ],
            "boundingBox": {
                "height": 67.01220445141351,
                "width": 66.25730563285656,
                "left": 2086.804264843016,
                "top": 40.483592051083285
            },
            "points": [
                {
                    "x": 2086.804264843016,
                    "y": 40.483592051083285
                },
                {
                    "x": 2153.0615704758725,
                    "y": 40.483592051083285
                },
                {
                    "x": 2153.0615704758725,
                    "y": 107.49579650249679
                },
                {
                    "x": 2086.804264843016,
                    "y": 107.49579650249679
                }
            ]
        },
        {
            "id": "K09K4cHGA",
            "type": "RECTANGLE",
            "tags": [
                "tag"
            ],
            "boundingBox": {
                "height": 141.6702985311292,
                "width": 320.96173646396267,
                "left": 1759.6891901690262,
                "top": 1719.6553070382975
            },
            "points": [
                {
                    "x": 1759.6891901690262,
                    "y": 1719.6553070382975
                },
                {
                    "x": 2080.650926632989,
                    "y": 1719.6553070382975
                },
                {
                    "x": 2080.650926632989,
                    "y": 1861.3256055694267
                },
                {
                    "x": 1759.6891901690262,
                    "y": 1861.3256055694267
                }
            ]
        },
        {
            "id": "3i2px6-9U",
            "type": "RECTANGLE",
            "tags": [
                "scale"
            ],
            "boundingBox": {
                "height": 1437.737812034371,
                "width": 751.0365601733215,
                "left": 162.8159173951113,
                "top": 382.57737577772633
            },
            "points": [
                {
                    "x": 162.8159173951113,
                    "y": 382.57737577772633
                },
                {
                    "x": 913.8524775684328,
                    "y": 382.57737577772633
                },
                {
                    "x": 913.8524775684328,
                    "y": 1820.3151878120975
                },
                {
                    "x": 162.8159173951113,
                    "y": 1820.3151878120975
                }
            ]
        }
    ],
    "version": "2.2.0"
}