{
    "asset": {
        "format": "jpg",
        "id": "d771058dba63f8535ac58124f52e7d17",
        "name": "1_3_4.jpg",
        "path": "file:/Users/kaitomasuda/Desktop/Univ/LeafDetection/dataset/imgs/1_3_4.jpg",
        "size": {
            "width": 2212,
            "height": 2017
        },
        "state": 2,
        "type": 1
    },
    "regions": [
        {
            "id": "8vYNzGgXc",
            "type": "RECTANGLE",
            "tags": [
                "leaf"
            ],
            "boundingBox": {
                "height": 311.69869453980755,
                "width": 205.29681396484375,
                "left": 367.8932366622122,
                "top": 352.7753621209528
            },
            "points": [
                {
                    "x": 367.8932366622122,
                    "y": 352.7753621209528
                },
                {
                    "x": 573.1900506270559,
                    "y": 352.7753621209528
                },
                {
                    "x": 573.1900506270559,
                    "y": 664.4740566607603
                },
                {
                    "x": 367.8932366622122,
                    "y": 664.4740566607603
                }
            ]
        },
        {
            "id": "yLV2d6S-d",
            "type": "RECTANGLE",
            "tags": [
                "leaf"
            ],
            "boundingBox": {
                "height": 376.22589602126294,
                "width": 285.6400596217105,
                "left": 650.8597476356908,
                "top": 320.48136514879997
            },
            "points": [
                {
                    "x": 650.8597476356908,
                    "y": 320.48136514879997
                },
                {
                    "x": 936.4998072574014,
                    "y": 320.48136514879997
                },
                {
                    "x": 936.4998072574014,
                    "y": 696.7072611700629
                },
                {
                    "x": 650.8597476356908,
                    "y": 696.7072611700629
                }
            ]
        },
        {
            "id": "w7yX4dW20",
            "type": "RECTANGLE",
            "tags": [
                "leaf"
            ],
            "boundingBox": {
                "height": 425.98459032196365,
                "width": 385.51480263157896,
                "left": 1029.136808696546,
                "top": 292.04140725676547
            },
            "points": [
                {
                    "x": 1029.136808696546,
                    "y": 292.04140725676547
                },
                {
                    "x": 1414.651611328125,
                    "y": 292.04140725676547
                },
                {
                    "x": 1414.651611328125,
                    "y": 718.0259975787291
                },
                {
                    "x": 1029.136808696546,
                    "y": 718.0259975787291
                }
            ]
        },
        {
            "id": "4SCOnuql8",
            "type": "RECTANGLE",
            "tags": [
                "leaf"
            ],
            "boundingBox": {
                "height": 508.9958733942091,
                "width": 439.50145199424344,
                "left": 1589.3958675986842,
                "top": 210.31019261940241
            },
            "points": [
                {
                    "x": 1589.3958675986842,
                    "y": 210.31019261940241
                },
                {
                    "x": 2028.8973195929277,
                    "y": 210.31019261940241
                },
                {
                    "x": 2028.8973195929277,
                    "y": 719.3060660136115
                },
                {
                    "x": 1589.3958675986842,
                    "y": 719.3060660136115
                }
            ]
        },
        {
            "id": "RYubuJOSH",
            "type": "RECTANGLE",
            "tags": [
                "leaf"
            ],
            "boundingBox": {
                "height": 515.1426386567736,
                "width": 425.27644749691615,
                "left": 271.8698248612253,
                "top": 876.4907533625967
            },
            "points": [
                {
                    "x": 271.8698248612253,
                    "y": 876.4907533625967
                },
                {
                    "x": 697.1462723581415,
                    "y": 876.4907533625967
                },
                {
                    "x": 697.1462723581415,
                    "y": 1391.6333920193704
                },
                {
                    "x": 271.8698248612253,
                    "y": 1391.6333920193704
                }
            ]
        },
        {
            "id": "JO-qvfckK",
            "type": "RECTANGLE",
            "tags": [
                "leaf"
            ],
            "boundingBox": {
                "height": 493.0905852327642,
                "width": 423.63780453330594,
                "left": 760.0379831414474,
                "top": 870.2477862485906
            },
            "points": [
                {
                    "x": 760.0379831414474,
                    "y": 870.2477862485906
                },
                {
                    "x": 1183.6757876747533,
                    "y": 870.2477862485906
                },
                {
                    "x": 1183.6757876747533,
                    "y": 1363.338371481355
                },
                {
                    "x": 760.0379831414474,
                    "y": 1363.338371481355
                }
            ]
        },
        {
            "id": "Qkf0Bmhla",
            "type": "RECTANGLE",
            "tags": [
                "leaf"
            ],
            "boundingBox": {
                "height": 423.8805872966334,
                "width": 353.0728695518092,
                "left": 1307.3609747635692,
                "top": 915.2517230790916
            },
            "points": [
                {
                    "x": 1307.3609747635692,
                    "y": 915.2517230790916
                },
                {
                    "x": 1660.4338443153783,
                    "y": 915.2517230790916
                },
                {
                    "x": 1660.4338443153783,
                    "y": 1339.132310375725
                },
                {
                    "x": 1307.3609747635692,
                    "y": 1339.132310375725
                }
            ]
        },
        {
            "id": "lhr5N8qkG",
            "type": "RECTANGLE",
            "tags": [
                "leaf"
            ],
            "boundingBox": {
                "height": 330.40614718407704,
                "width": 279.79403525904604,
                "left": 1750.2112780119244,
                "top": 972.1321465246457
            },
            "points": [
                {
                    "x": 1750.2112780119244,
                    "y": 972.1321465246457
                },
                {
                    "x": 2030.0053132709704,
                    "y": 972.1321465246457
                },
                {
                    "x": 2030.0053132709704,
                    "y": 1302.5382937087227
                },
                {
                    "x": 1750.2112780119244,
                    "y": 1302.5382937087227
                }
            ]
        },
        {
            "id": "pPY40eQtu",
            "type": "RECTANGLE",
            "tags": [
                "leaf"
            ],
            "boundingBox": {
                "height": 242.14132923244202,
                "width": 179.84518914473685,
                "left": 670.5386898643092,
                "top": 1419.5296444607766
            },
            "points": [
                {
                    "x": 670.5386898643092,
                    "y": 1419.5296444607766
                },
                {
                    "x": 850.383879009046,
                    "y": 1419.5296444607766
                },
                {
                    "x": 850.383879009046,
                    "y": 1661.6709736932185
                },
                {
                    "x": 670.5386898643092,
                    "y": 1661.6709736932185
                }
            ]
        },
        {
            "id": "WQHpP7teJ",
            "type": "RECTANGLE",
            "tags": [
                "leaf"
            ],
            "boundingBox": {
                "height": 117.4891128382732,
                "width": 93.24809827302632,
                "left": 1061.3366377981085,
                "top": 1510.44217088837
            },
            "points": [
                {
                    "x": 1061.3366377981085,
                    "y": 1510.44217088837
                },
                {
                    "x": 1154.5847360711348,
                    "y": 1510.44217088837
                },
                {
                    "x": 1154.5847360711348,
                    "y": 1627.9312837266432
                },
                {
                    "x": 1061.3366377981085,
                    "y": 1627.9312837266432
                }
            ]
        },
        {
            "id": "gOQHqWSzx",
            "type": "RECTANGLE",
            "tags": [
                "mark"
            ],
            "boundingBox": {
                "height": 63.629909806399006,
                "width": 66.68264288651316,
                "left": 2088.0468236019738,
                "top": 41.91938564654478
            },
            "points": [
                {
                    "x": 2088.0468236019738,
                    "y": 41.91938564654478
                },
                {
                    "x": 2154.7294664884867,
                    "y": 41.91938564654478
                },
                {
                    "x": 2154.7294664884867,
                    "y": 105.5492954529438
                },
                {
                    "x": 2088.0468236019738,
                    "y": 105.5492954529438
                }
            ]
        },
        {
            "id": "RgZzh3IXR",
            "type": "RECTANGLE",
            "tags": [
                "tag"
            ],
            "boundingBox": {
                "height": 112.80314349931541,
                "width": 294.1238499691612,
                "left": 1764.4756180612665,
                "top": 1744.9997990244444
            },
            "points": [
                {
                    "x": 1764.4756180612665,
                    "y": 1744.9997990244444
                },
                {
                    "x": 2058.5994680304275,
                    "y": 1744.9997990244444
                },
                {
                    "x": 2058.5994680304275,
                    "y": 1857.8029425237598
                },
                {
                    "x": 1764.4756180612665,
                    "y": 1857.8029425237598
                }
            ]
        },
        {
            "id": "EuDvNOzwK",
            "type": "RECTANGLE",
            "tags": [
                "scale"
            ],
            "boundingBox": {
                "height": 1453.032383429144,
                "width": 755.1852449115954,
                "left": 158.99074835526315,
                "top": 379.6468998545224
            },
            "points": [
                {
                    "x": 158.99074835526315,
                    "y": 379.6468998545224
                },
                {
                    "x": 914.1759932668585,
                    "y": 379.6468998545224
                },
                {
                    "x": 914.1759932668585,
                    "y": 1832.6792832836663
                },
                {
                    "x": 158.99074835526315,
                    "y": 1832.6792832836663
                }
            ]
        }
    ],
    "version": "2.2.0"
}