{
    "asset": {
        "format": "jpg",
        "id": "dfdfecb78e43019fa759b7c71608c6bc",
        "name": "2_2_9.jpg",
        "path": "file:/Users/kaitomasuda/Desktop/Univ/LeafDetection/dataset/imgs/2_2_9.jpg",
        "size": {
            "width": 2210,
            "height": 2012
        },
        "state": 2,
        "type": 1
    },
    "regions": [
        {
            "id": "Zll8ToN41",
            "type": "RECTANGLE",
            "tags": [
                "leaf"
            ],
            "boundingBox": {
                "height": 313.2610037667411,
                "width": 202.3674970766613,
                "left": 349.5879297279015,
                "top": 257.70847564300936
            },
            "points": [
                {
                    "x": 349.5879297279015,
                    "y": 257.70847564300936
                },
                {
                    "x": 551.9554268045628,
                    "y": 257.70847564300936
                },
                {
                    "x": 551.9554268045628,
                    "y": 570.9694794097504
                },
                {
                    "x": 349.5879297279015,
                    "y": 570.9694794097504
                }
            ]
        },
        {
            "id": "8PNZW0ItC",
            "type": "RECTANGLE",
            "tags": [
                "leaf"
            ],
            "boundingBox": {
                "height": 394.2341763583097,
                "width": 297.40687990301325,
                "left": 695.4171006222988,
                "top": 213.4082663796165
            },
            "points": [
                {
                    "x": 695.4171006222988,
                    "y": 213.4082663796165
                },
                {
                    "x": 992.8239805253121,
                    "y": 213.4082663796165
                },
                {
                    "x": 992.8239805253121,
                    "y": 607.6424427379262
                },
                {
                    "x": 695.4171006222988,
                    "y": 607.6424427379262
                }
            ]
        },
        {
            "id": "Mvs48ieky",
            "type": "RECTANGLE",
            "tags": [
                "leaf"
            ],
            "boundingBox": {
                "height": 441.0919519201502,
                "width": 417.8892549555352,
                "left": 1146.8056190436614,
                "top": 150.27179224584012
            },
            "points": [
                {
                    "x": 1146.8056190436614,
                    "y": 150.27179224584012
                },
                {
                    "x": 1564.6948739991965,
                    "y": 150.27179224584012
                },
                {
                    "x": 1564.6948739991965,
                    "y": 591.3637441659903
                },
                {
                    "x": 1146.8056190436614,
                    "y": 591.3637441659903
                }
            ]
        },
        {
            "id": "hMlzBEcHU",
            "type": "RECTANGLE",
            "tags": [
                "leaf"
            ],
            "boundingBox": {
                "height": 490.89129155146617,
                "width": 401.759333328716,
                "left": 1671.4165516666203,
                "top": 194.13369941216013
            },
            "points": [
                {
                    "x": 1671.4165516666203,
                    "y": 194.13369941216013
                },
                {
                    "x": 2073.175884995336,
                    "y": 194.13369941216013
                },
                {
                    "x": 2073.175884995336,
                    "y": 685.0249909636262
                },
                {
                    "x": 1671.4165516666203,
                    "y": 685.0249909636262
                }
            ]
        },
        {
            "id": "vMVq7jCgC",
            "type": "RECTANGLE",
            "tags": [
                "leaf"
            ],
            "boundingBox": {
                "height": 345.77613763189936,
                "width": 299.0346204248163,
                "left": 460.94633206126247,
                "top": 968.5563299005682
            },
            "points": [
                {
                    "x": 460.94633206126247,
                    "y": 968.5563299005682
                },
                {
                    "x": 759.9809524860788,
                    "y": 968.5563299005682
                },
                {
                    "x": 759.9809524860788,
                    "y": 1314.3324675324677
                },
                {
                    "x": 460.94633206126247,
                    "y": 1314.3324675324677
                }
            ]
        },
        {
            "id": "yPR4teJz2",
            "type": "RECTANGLE",
            "tags": [
                "leaf"
            ],
            "boundingBox": {
                "height": 457.1754419896512,
                "width": 383.6810338807162,
                "left": 882.2602357255652,
                "top": 851.8337662337663
            },
            "points": [
                {
                    "x": 882.2602357255652,
                    "y": 851.8337662337663
                },
                {
                    "x": 1265.9412696062814,
                    "y": 851.8337662337663
                },
                {
                    "x": 1265.9412696062814,
                    "y": 1309.0092082234175
                },
                {
                    "x": 882.2602357255652,
                    "y": 1309.0092082234175
                }
            ]
        },
        {
            "id": "21LZU09DJ",
            "type": "RECTANGLE",
            "tags": [
                "leaf"
            ],
            "boundingBox": {
                "height": 228.01740595829952,
                "width": 194.76172841750702,
                "left": 1298.267759498975,
                "top": 1006.7387302150975
            },
            "points": [
                {
                    "x": 1298.267759498975,
                    "y": 1006.7387302150975
                },
                {
                    "x": 1493.029487916482,
                    "y": 1006.7387302150975
                },
                {
                    "x": 1493.029487916482,
                    "y": 1234.756136173397
                },
                {
                    "x": 1298.267759498975,
                    "y": 1234.756136173397
                }
            ]
        },
        {
            "id": "NaEVBJlGS",
            "type": "RECTANGLE",
            "tags": [
                "leaf"
            ],
            "boundingBox": {
                "height": 152.1765105012174,
                "width": 101.65414147343195,
                "left": 1643.2774796722629,
                "top": 1026.2806323559255
            },
            "points": [
                {
                    "x": 1643.2774796722629,
                    "y": 1026.2806323559255
                },
                {
                    "x": 1744.9316211456946,
                    "y": 1026.2806323559255
                },
                {
                    "x": 1744.9316211456946,
                    "y": 1178.457142857143
                },
                {
                    "x": 1643.2774796722629,
                    "y": 1178.457142857143
                }
            ]
        },
        {
            "id": "ovhH5oc3w",
            "type": "RECTANGLE",
            "tags": [
                "leaf"
            ],
            "boundingBox": {
                "height": 75.18318314985797,
                "width": 56.15314168005688,
                "left": 1853.369688931368,
                "top": 1096.4818521078532
            },
            "points": [
                {
                    "x": 1853.369688931368,
                    "y": 1096.4818521078532
                },
                {
                    "x": 1909.522830611425,
                    "y": 1096.4818521078532
                },
                {
                    "x": 1909.522830611425,
                    "y": 1171.6650352577112
                },
                {
                    "x": 1853.369688931368,
                    "y": 1171.6650352577112
                }
            ]
        },
        {
            "id": "w1pBSMSLw",
            "type": "RECTANGLE",
            "tags": [
                "mark"
            ],
            "boundingBox": {
                "height": 70.20688143643467,
                "width": 61.70298907773714,
                "left": 2082.8956117021276,
                "top": 34.251038231787746
            },
            "points": [
                {
                    "x": 2082.8956117021276,
                    "y": 34.251038231787746
                },
                {
                    "x": 2144.5986007798647,
                    "y": 34.251038231787746
                },
                {
                    "x": 2144.5986007798647,
                    "y": 104.45791966822242
                },
                {
                    "x": 2082.8956117021276,
                    "y": 104.45791966822242
                }
            ]
        },
        {
            "id": "3M9Jp50_-",
            "type": "RECTANGLE",
            "tags": [
                "tag"
            ],
            "boundingBox": {
                "height": 167.18093134892453,
                "width": 320.9711703397422,
                "left": 1787.048948752401,
                "top": 1736.7952446479303
            },
            "points": [
                {
                    "x": 1787.048948752401,
                    "y": 1736.7952446479303
                },
                {
                    "x": 2108.020119092143,
                    "y": 1736.7952446479303
                },
                {
                    "x": 2108.020119092143,
                    "y": 1903.9761759968549
                },
                {
                    "x": 1787.048948752401,
                    "y": 1903.9761759968549
                }
            ]
        },
        {
            "id": "wG3_86DSM",
            "type": "RECTANGLE",
            "tags": [
                "scale"
            ],
            "boundingBox": {
                "height": 1435.094922192066,
                "width": 740.8998443387079,
                "left": 174.738080541011,
                "top": 383.77114416345376
            },
            "points": [
                {
                    "x": 174.738080541011,
                    "y": 383.77114416345376
                },
                {
                    "x": 915.6379248797189,
                    "y": 383.77114416345376
                },
                {
                    "x": 915.6379248797189,
                    "y": 1818.8660663555197
                },
                {
                    "x": 174.738080541011,
                    "y": 1818.8660663555197
                }
            ]
        }
    ],
    "version": "2.2.0"
}