{
    "asset": {
        "format": "jpg",
        "id": "e4caf303ccdeb917c6dca85fff8c9c1c",
        "name": "1_3_5.jpg",
        "path": "file:/Users/kaitomasuda/Desktop/Univ/LeafDetection/dataset/imgs/1_3_5.jpg",
        "size": {
            "width": 2210,
            "height": 2015
        },
        "state": 2,
        "type": 1
    },
    "regions": [
        {
            "id": "U1KDJomjk",
            "type": "RECTANGLE",
            "tags": [
                "leaf"
            ],
            "boundingBox": {
                "height": 340.6582242041519,
                "width": 207.53511471855907,
                "left": 365.47694270772143,
                "top": 384.7764146942454
            },
            "points": [
                {
                    "x": 365.47694270772143,
                    "y": 384.7764146942454
                },
                {
                    "x": 573.0120574262805,
                    "y": 384.7764146942454
                },
                {
                    "x": 573.0120574262805,
                    "y": 725.4346388983973
                },
                {
                    "x": 365.47694270772143,
                    "y": 725.4346388983973
                }
            ]
        },
        {
            "id": "ZTU_fhmIT",
            "type": "RECTANGLE",
            "tags": [
                "leaf"
            ],
            "boundingBox": {
                "height": 388.1600467642558,
                "width": 318.3755286654135,
                "left": 654.3767209160596,
                "top": 363.49821613744365
            },
            "points": [
                {
                    "x": 654.3767209160596,
                    "y": 363.49821613744365
                },
                {
                    "x": 972.7522495814732,
                    "y": 363.49821613744365
                },
                {
                    "x": 972.7522495814732,
                    "y": 751.6582629016995
                },
                {
                    "x": 654.3767209160596,
                    "y": 751.6582629016995
                }
            ]
        },
        {
            "id": "iXk7Iv2ii",
            "type": "RECTANGLE",
            "tags": [
                "leaf"
            ],
            "boundingBox": {
                "height": 501.17858163106075,
                "width": 421.0808454241071,
                "left": 1081.2668649773848,
                "top": 306.98520841303565
            },
            "points": [
                {
                    "x": 1081.2668649773848,
                    "y": 306.98520841303565
                },
                {
                    "x": 1502.347710401492,
                    "y": 306.98520841303565
                },
                {
                    "x": 1502.347710401492,
                    "y": 808.1637900440963
                },
                {
                    "x": 1081.2668649773848,
                    "y": 808.1637900440963
                }
            ]
        },
        {
            "id": "y8q0jYrL0",
            "type": "RECTANGLE",
            "tags": [
                "leaf"
            ],
            "boundingBox": {
                "height": 496.4635327525975,
                "width": 402.94352137056507,
                "left": 1694.2939150243772,
                "top": 293.7736130547278
            },
            "points": [
                {
                    "x": 1694.2939150243772,
                    "y": 293.7736130547278
                },
                {
                    "x": 2097.237436394942,
                    "y": 293.7736130547278
                },
                {
                    "x": 2097.237436394942,
                    "y": 790.2371458073253
                },
                {
                    "x": 1694.2939150243772,
                    "y": 790.2371458073253
                }
            ]
        },
        {
            "id": "ZA_cjG-BA",
            "type": "RECTANGLE",
            "tags": [
                "leaf"
            ],
            "boundingBox": {
                "height": 473.89030598119365,
                "width": 435.43827142930564,
                "left": 292.18753900743064,
                "top": 929.5198773256283
            },
            "points": [
                {
                    "x": 292.18753900743064,
                    "y": 929.5198773256283
                },
                {
                    "x": 727.6258104367363,
                    "y": 929.5198773256283
                },
                {
                    "x": 727.6258104367363,
                    "y": 1403.4101833068219
                },
                {
                    "x": 292.18753900743064,
                    "y": 1403.4101833068219
                }
            ]
        },
        {
            "id": "HtxjZH9b7",
            "type": "RECTANGLE",
            "tags": [
                "leaf"
            ],
            "boundingBox": {
                "height": 439.76617305794946,
                "width": 339.8429560840578,
                "left": 895.2648466870301,
                "top": 963.5892371738081
            },
            "points": [
                {
                    "x": 895.2648466870301,
                    "y": 963.5892371738081
                },
                {
                    "x": 1235.1078027710878,
                    "y": 963.5892371738081
                },
                {
                    "x": 1235.1078027710878,
                    "y": 1403.3554102317576
                },
                {
                    "x": 895.2648466870301,
                    "y": 1403.3554102317576
                }
            ]
        },
        {
            "id": "K-TLxMY-3",
            "type": "RECTANGLE",
            "tags": [
                "leaf"
            ],
            "boundingBox": {
                "height": 267.60729791700226,
                "width": 230.4495422822192,
                "left": 1388.3691291522262,
                "top": 1115.1678900964482
            },
            "points": [
                {
                    "x": 1388.3691291522262,
                    "y": 1115.1678900964482
                },
                {
                    "x": 1618.8186714344454,
                    "y": 1115.1678900964482
                },
                {
                    "x": 1618.8186714344454,
                    "y": 1382.7751880134506
                },
                {
                    "x": 1388.3691291522262,
                    "y": 1382.7751880134506
                }
            ]
        },
        {
            "id": "P3kmNP8nS",
            "type": "RECTANGLE",
            "tags": [
                "leaf"
            ],
            "boundingBox": {
                "height": 205.79943281350677,
                "width": 199.04504991115482,
                "left": 1765.3979859316257,
                "top": 1125.7385864257812
            },
            "points": [
                {
                    "x": 1765.3979859316257,
                    "y": 1125.7385864257812
                },
                {
                    "x": 1964.4430358427805,
                    "y": 1125.7385864257812
                },
                {
                    "x": 1964.4430358427805,
                    "y": 1331.5380192392881
                },
                {
                    "x": 1765.3979859316257,
                    "y": 1331.5380192392881
                }
            ]
        },
        {
            "id": "SIaWceGNr",
            "type": "RECTANGLE",
            "tags": [
                "leaf"
            ],
            "boundingBox": {
                "height": 154.92513566164627,
                "width": 122.34770351782777,
                "left": 2047.3984613633693,
                "top": 1191.6830865918976
            },
            "points": [
                {
                    "x": 2047.3984613633693,
                    "y": 1191.6830865918976
                },
                {
                    "x": 2169.746164881197,
                    "y": 1191.6830865918976
                },
                {
                    "x": 2169.746164881197,
                    "y": 1346.608222253544
                },
                {
                    "x": 2047.3984613633693,
                    "y": 1346.608222253544
                }
            ]
        }
    ],
    "version": "2.2.0"
}