{
    "asset": {
        "format": "jpg",
        "id": "e80ca4d3c7391daf73dc1b327d4b242b",
        "name": "2_1_5.jpg",
        "path": "file:/Users/kaitomasuda/Desktop/Univ/LeafDetection/dataset/imgs/2_1_5.jpg",
        "size": {
            "width": 2214,
            "height": 2017
        },
        "state": 2,
        "type": 1
    },
    "regions": [
        {
            "id": "gsx38LNEs",
            "type": "RECTANGLE",
            "tags": [
                "leaf"
            ],
            "boundingBox": {
                "height": 329.0880041378061,
                "width": 238.37052653606676,
                "left": 397.22765195459357,
                "top": 387.13351069184927
            },
            "points": [
                {
                    "x": 397.22765195459357,
                    "y": 387.13351069184927
                },
                {
                    "x": 635.5981784906603,
                    "y": 387.13351069184927
                },
                {
                    "x": 635.5981784906603,
                    "y": 716.2215148296553
                },
                {
                    "x": 397.22765195459357,
                    "y": 716.2215148296553
                }
            ]
        },
        {
            "id": "ZMfpuCfjb",
            "type": "RECTANGLE",
            "tags": [
                "leaf"
            ],
            "boundingBox": {
                "height": 421.56412793975517,
                "width": 326.0898845930745,
                "left": 801.6279595167118,
                "top": 327.69193505356
            },
            "points": [
                {
                    "x": 801.6279595167118,
                    "y": 327.69193505356
                },
                {
                    "x": 1127.7178441097863,
                    "y": 327.69193505356
                },
                {
                    "x": 1127.7178441097863,
                    "y": 749.2560629933151
                },
                {
                    "x": 801.6279595167118,
                    "y": 749.2560629933151
                }
            ]
        },
        {
            "id": "dIZVYUfZW",
            "type": "RECTANGLE",
            "tags": [
                "leaf"
            ],
            "boundingBox": {
                "height": 439.9372854960334,
                "width": 433.4871812404547,
                "left": 1214.2032351386279,
                "top": 331.9696176430614
            },
            "points": [
                {
                    "x": 1214.2032351386279,
                    "y": 331.9696176430614
                },
                {
                    "x": 1647.6904163790825,
                    "y": 331.9696176430614
                },
                {
                    "x": 1647.6904163790825,
                    "y": 771.9069031390948
                },
                {
                    "x": 1214.2032351386279,
                    "y": 771.9069031390948
                }
            ]
        },
        {
            "id": "po5mR_GdN",
            "type": "RECTANGLE",
            "tags": [
                "leaf"
            ],
            "boundingBox": {
                "height": 520.2941335776419,
                "width": 439.3435714836408,
                "left": 1714.6015037593986,
                "top": 242.72488610965695
            },
            "points": [
                {
                    "x": 1714.6015037593986,
                    "y": 242.72488610965695
                },
                {
                    "x": 2153.9450752430394,
                    "y": 242.72488610965695
                },
                {
                    "x": 2153.9450752430394,
                    "y": 763.0190196872989
                },
                {
                    "x": 1714.6015037593986,
                    "y": 763.0190196872989
                }
            ]
        },
        {
            "id": "Cg8oG5DgM",
            "type": "RECTANGLE",
            "tags": [
                "leaf"
            ],
            "boundingBox": {
                "height": 544.022992887202,
                "width": 484.0343621046024,
                "left": 223.06887817382815,
                "top": 935.756424296271
            },
            "points": [
                {
                    "x": 223.06887817382815,
                    "y": 935.756424296271
                },
                {
                    "x": 707.1032402784306,
                    "y": 935.756424296271
                },
                {
                    "x": 707.1032402784306,
                    "y": 1479.779417183473
                },
                {
                    "x": 223.06887817382815,
                    "y": 1479.779417183473
                }
            ]
        },
        {
            "id": "mibpe50Qp",
            "type": "RECTANGLE",
            "tags": [
                "leaf"
            ],
            "boundingBox": {
                "height": 449.036990702521,
                "width": 410.8038293365249,
                "left": 748.1563936391271,
                "top": 997.2674819788982
            },
            "points": [
                {
                    "x": 748.1563936391271,
                    "y": 997.2674819788982
                },
                {
                    "x": 1158.9602229756522,
                    "y": 997.2674819788982
                },
                {
                    "x": 1158.9602229756522,
                    "y": 1446.3044726814192
                },
                {
                    "x": 748.1563936391271,
                    "y": 1446.3044726814192
                }
            ]
        },
        {
            "id": "2Q_JIWloP",
            "type": "RECTANGLE",
            "tags": [
                "leaf"
            ],
            "boundingBox": {
                "height": 396.5275326443702,
                "width": 302.3051574248121,
                "left": 1236.4781434482202,
                "top": 1007.2097783354141
            },
            "points": [
                {
                    "x": 1236.4781434482202,
                    "y": 1007.2097783354141
                },
                {
                    "x": 1538.7833008730324,
                    "y": 1007.2097783354141
                },
                {
                    "x": 1538.7833008730324,
                    "y": 1403.7373109797843
                },
                {
                    "x": 1236.4781434482202,
                    "y": 1403.7373109797843
                }
            ]
        },
        {
            "id": "MIU1C1QOJ",
            "type": "RECTANGLE",
            "tags": [
                "leaf"
            ],
            "boundingBox": {
                "height": 335.81451881644654,
                "width": 245.88253577669764,
                "left": 1665.5445831987197,
                "top": 986.5675008557507
            },
            "points": [
                {
                    "x": 1665.5445831987197,
                    "y": 986.5675008557507
                },
                {
                    "x": 1911.4271189754172,
                    "y": 986.5675008557507
                },
                {
                    "x": 1911.4271189754172,
                    "y": 1322.3820196721972
                },
                {
                    "x": 1665.5445831987197,
                    "y": 1322.3820196721972
                }
            ]
        },
        {
            "id": "Cf-utyB9o",
            "type": "RECTANGLE",
            "tags": [
                "leaf"
            ],
            "boundingBox": {
                "height": 196.14288355247263,
                "width": 154.03708459380874,
                "left": 1080.1925870278726,
                "top": 1469.8107224297278
            },
            "points": [
                {
                    "x": 1080.1925870278726,
                    "y": 1469.8107224297278
                },
                {
                    "x": 1234.2296716216813,
                    "y": 1469.8107224297278
                },
                {
                    "x": 1234.2296716216813,
                    "y": 1665.9536059822005
                },
                {
                    "x": 1080.1925870278726,
                    "y": 1665.9536059822005
                }
            ]
        },
        {
            "id": "hId9wRhiN",
            "type": "RECTANGLE",
            "tags": [
                "leaf"
            ],
            "boundingBox": {
                "height": 148.5097678902223,
                "width": 126.5463922256814,
                "left": 1337.5328800516918,
                "top": 1493.6162386235503
            },
            "points": [
                {
                    "x": 1337.5328800516918,
                    "y": 1493.6162386235503
                },
                {
                    "x": 1464.0792722773733,
                    "y": 1493.6162386235503
                },
                {
                    "x": 1464.0792722773733,
                    "y": 1642.1260065137726
                },
                {
                    "x": 1337.5328800516918,
                    "y": 1642.1260065137726
                }
            ]
        },
        {
            "id": "V9K9O_5oZ",
            "type": "RECTANGLE",
            "tags": [
                "leaf"
            ],
            "boundingBox": {
                "height": 95.94040577682024,
                "width": 87.12040905486373,
                "left": 1721.9164034047524,
                "top": 1441.3392895256122
            },
            "points": [
                {
                    "x": 1721.9164034047524,
                    "y": 1441.3392895256122
                },
                {
                    "x": 1809.036812459616,
                    "y": 1441.3392895256122
                },
                {
                    "x": 1809.036812459616,
                    "y": 1537.2796953024324
                },
                {
                    "x": 1721.9164034047524,
                    "y": 1537.2796953024324
                }
            ]
        }
    ],
    "version": "2.2.0"
}