{
    "asset": {
        "format": "jpg",
        "id": "e9525793e0f90594f702fc2ca97bc1d3",
        "name": "3_1_9.jpg",
        "path": "file:/Users/kaitomasuda/Desktop/Univ/LeafDetection/dataset/imgs/3_1_9.jpg",
        "size": {
            "width": 2213,
            "height": 2013
        },
        "state": 2,
        "type": 1
    },
    "regions": [
        {
            "id": "7_BDWpK65",
            "type": "RECTANGLE",
            "tags": [
                "leaf"
            ],
            "boundingBox": {
                "height": 305.4594552928004,
                "width": 228.78193404034872,
                "left": 330.8571030885916,
                "top": 304.03522412530305
            },
            "points": [
                {
                    "x": 330.8571030885916,
                    "y": 304.03522412530305
                },
                {
                    "x": 559.6390371289403,
                    "y": 304.03522412530305
                },
                {
                    "x": 559.6390371289403,
                    "y": 609.4946794181035
                },
                {
                    "x": 330.8571030885916,
                    "y": 609.4946794181035
                }
            ]
        },
        {
            "id": "qDfRfwkGr",
            "type": "RECTANGLE",
            "tags": [
                "leaf"
            ],
            "boundingBox": {
                "height": 402.2134969426298,
                "width": 317.8743047946837,
                "left": 604.7665681739302,
                "top": 252.95814251077584
            },
            "points": [
                {
                    "x": 604.7665681739302,
                    "y": 252.95814251077584
                },
                {
                    "x": 922.640872968614,
                    "y": 252.95814251077584
                },
                {
                    "x": 922.640872968614,
                    "y": 655.1716394534056
                },
                {
                    "x": 604.7665681739302,
                    "y": 655.1716394534056
                }
            ]
        },
        {
            "id": "05NcFwiok",
            "type": "RECTANGLE",
            "tags": [
                "leaf"
            ],
            "boundingBox": {
                "height": 510.461303009384,
                "width": 456.8885140767912,
                "left": 1005.7202399383439,
                "top": 181.7578819537985
            },
            "points": [
                {
                    "x": 1005.7202399383439,
                    "y": 181.7578819537985
                },
                {
                    "x": 1462.608754015135,
                    "y": 181.7578819537985
                },
                {
                    "x": 1462.608754015135,
                    "y": 692.2191849631824
                },
                {
                    "x": 1005.7202399383439,
                    "y": 692.2191849631824
                }
            ]
        },
        {
            "id": "wwOAr9h5s",
            "type": "RECTANGLE",
            "tags": [
                "leaf"
            ],
            "boundingBox": {
                "height": 532.5475954954651,
                "width": 416.57717480809015,
                "left": 1595.6389032556622,
                "top": 217.51123888739224
            },
            "points": [
                {
                    "x": 1595.6389032556622,
                    "y": 217.51123888739224
                },
                {
                    "x": 2012.2160780637523,
                    "y": 217.51123888739224
                },
                {
                    "x": 2012.2160780637523,
                    "y": 750.0588343828574
                },
                {
                    "x": 1595.6389032556622,
                    "y": 750.0588343828574
                }
            ]
        },
        {
            "id": "aXYqgmHbt",
            "type": "RECTANGLE",
            "tags": [
                "leaf"
            ],
            "boundingBox": {
                "height": 482.1456761853448,
                "width": 499.7789055694687,
                "left": 296.9792754807954,
                "top": 867.7599718817349
            },
            "points": [
                {
                    "x": 296.9792754807954,
                    "y": 867.7599718817349
                },
                {
                    "x": 796.758181050264,
                    "y": 867.7599718817349
                },
                {
                    "x": 796.758181050264,
                    "y": 1349.9056480670797
                },
                {
                    "x": 296.9792754807954,
                    "y": 1349.9056480670797
                }
            ]
        },
        {
            "id": "nfztUaPc9",
            "type": "RECTANGLE",
            "tags": [
                "leaf"
            ],
            "boundingBox": {
                "height": 402.07097967739764,
                "width": 305.11646762542193,
                "left": 889.9998609164036,
                "top": 927.0017275755432
            },
            "points": [
                {
                    "x": 889.9998609164036,
                    "y": 927.0017275755432
                },
                {
                    "x": 1195.1163285418256,
                    "y": 927.0017275755432
                },
                {
                    "x": 1195.1163285418256,
                    "y": 1329.072707252941
                },
                {
                    "x": 889.9998609164036,
                    "y": 1329.072707252941
                }
            ]
        },
        {
            "id": "AnTXWa9u5",
            "type": "RECTANGLE",
            "tags": [
                "leaf"
            ],
            "boundingBox": {
                "height": 273.9716130399156,
                "width": 182.0039036980074,
                "left": 1374.6724857768947,
                "top": 993.2015268610811
            },
            "points": [
                {
                    "x": 1374.6724857768947,
                    "y": 993.2015268610811
                },
                {
                    "x": 1556.6763894749022,
                    "y": 993.2015268610811
                },
                {
                    "x": 1556.6763894749022,
                    "y": 1267.1731399009968
                },
                {
                    "x": 1374.6724857768947,
                    "y": 1267.1731399009968
                }
            ]
        },
        {
            "id": "BtkAEh26s",
            "type": "RECTANGLE",
            "tags": [
                "leaf"
            ],
            "boundingBox": {
                "height": 177.4294054754849,
                "width": 132.07759418554008,
                "left": 1740.8767232330003,
                "top": 1044.7715934665723
            },
            "points": [
                {
                    "x": 1740.8767232330003,
                    "y": 1044.7715934665723
                },
                {
                    "x": 1872.9543174185405,
                    "y": 1044.7715934665723
                },
                {
                    "x": 1872.9543174185405,
                    "y": 1222.2009989420574
                },
                {
                    "x": 1740.8767232330003,
                    "y": 1222.2009989420574
                }
            ]
        },
        {
            "id": "vHfKzvFHw",
            "type": "RECTANGLE",
            "tags": [
                "leaf"
            ],
            "boundingBox": {
                "height": 122.0117257655352,
                "width": 74.81039843409691,
                "left": 1926.142563238377,
                "top": 1099.051724137931
            },
            "points": [
                {
                    "x": 1926.142563238377,
                    "y": 1099.051724137931
                },
                {
                    "x": 2000.952961672474,
                    "y": 1099.051724137931
                },
                {
                    "x": 2000.952961672474,
                    "y": 1221.063449903466
                },
                {
                    "x": 1926.142563238377,
                    "y": 1221.063449903466
                }
            ]
        },
        {
            "id": "hL9Vv5z0M",
            "type": "RECTANGLE",
            "tags": [
                "mark"
            ],
            "boundingBox": {
                "height": 59.99188372732579,
                "width": 50.261868679565005,
                "left": 2092.890996527589,
                "top": 36.64965048603628
            },
            "points": [
                {
                    "x": 2092.890996527589,
                    "y": 36.64965048603628
                },
                {
                    "x": 2143.152865207154,
                    "y": 36.64965048603628
                },
                {
                    "x": 2143.152865207154,
                    "y": 96.64153421336206
                },
                {
                    "x": 2092.890996527589,
                    "y": 96.64153421336206
                }
            ]
        },
        {
            "id": "OPK5yM9Z6",
            "type": "RECTANGLE",
            "tags": [
                "tag"
            ],
            "boundingBox": {
                "height": 129.60715458310884,
                "width": 320.32252188758986,
                "left": 1794.540775950362,
                "top": 1790.9896405099453
            },
            "points": [
                {
                    "x": 1794.540775950362,
                    "y": 1790.9896405099453
                },
                {
                    "x": 2114.863297837952,
                    "y": 1790.9896405099453
                },
                {
                    "x": 2114.863297837952,
                    "y": 1920.596795093054
                },
                {
                    "x": 1794.540775950362,
                    "y": 1920.596795093054
                }
            ]
        },
        {
            "id": "nZbr6ZIDa",
            "type": "RECTANGLE",
            "tags": [
                "scale"
            ],
            "boundingBox": {
                "height": 1435.8735688308188,
                "width": 735.4167416668936,
                "left": 178.43935232129246,
                "top": 385.4125825728493
            },
            "points": [
                {
                    "x": 178.43935232129246,
                    "y": 385.4125825728493
                },
                {
                    "x": 913.856093988186,
                    "y": 385.4125825728493
                },
                {
                    "x": 913.856093988186,
                    "y": 1821.2861514036683
                },
                {
                    "x": 178.43935232129246,
                    "y": 1821.2861514036683
                }
            ]
        }
    ],
    "version": "2.2.0"
}