{
    "asset": {
        "format": "jpg",
        "id": "ed280d3d12962cc6605a78fad9cb3906",
        "name": "3_3_9.jpg",
        "path": "file:/Users/kaitomasuda/Desktop/Univ/LeafDetection/dataset/imgs/3_3_9.jpg",
        "size": {
            "width": 2215,
            "height": 2010
        },
        "state": 2,
        "type": 1
    },
    "regions": [
        {
            "id": "sR2F2oBaI",
            "type": "RECTANGLE",
            "tags": [
                "leaf"
            ],
            "boundingBox": {
                "height": 332.48602751806925,
                "width": 225.16985052554034,
                "left": 389.95747742337215,
                "top": 333.8868476150132
            },
            "points": [
                {
                    "x": 389.95747742337215,
                    "y": 333.8868476150132
                },
                {
                    "x": 615.1273279489125,
                    "y": 333.8868476150132
                },
                {
                    "x": 615.1273279489125,
                    "y": 666.3728751330824
                },
                {
                    "x": 389.95747742337215,
                    "y": 666.3728751330824
                }
            ]
        },
        {
            "id": "G2W8-gLFt",
            "type": "RECTANGLE",
            "tags": [
                "leaf"
            ],
            "boundingBox": {
                "height": 444.46922024014816,
                "width": 357.6242416328669,
                "left": 736.7813631383384,
                "top": 282.5606485612104
            },
            "points": [
                {
                    "x": 736.7813631383384,
                    "y": 282.5606485612104
                },
                {
                    "x": 1094.4056047712054,
                    "y": 282.5606485612104
                },
                {
                    "x": 1094.4056047712054,
                    "y": 727.0298688013586
                },
                {
                    "x": 736.7813631383384,
                    "y": 727.0298688013586
                }
            ]
        },
        {
            "id": "dqKS9SJhX",
            "type": "RECTANGLE",
            "tags": [
                "leaf"
            ],
            "boundingBox": {
                "height": 460.39627865957897,
                "width": 401.0729693369583,
                "left": 1166.8562651843558,
                "top": 263.58800144891137
            },
            "points": [
                {
                    "x": 1166.8562651843558,
                    "y": 263.58800144891137
                },
                {
                    "x": 1567.9292345213141,
                    "y": 263.58800144891137
                },
                {
                    "x": 1567.9292345213141,
                    "y": 723.9842801084903
                },
                {
                    "x": 1166.8562651843558,
                    "y": 723.9842801084903
                }
            ]
        },
        {
            "id": "fh_w7uXda",
            "type": "RECTANGLE",
            "tags": [
                "leaf"
            ],
            "boundingBox": {
                "height": 500.47576904296875,
                "width": 417.9037752051802,
                "left": 1706.8392029871923,
                "top": 283.15403680197335
            },
            "points": [
                {
                    "x": 1706.8392029871923,
                    "y": 283.15403680197335
                },
                {
                    "x": 2124.7429781923724,
                    "y": 283.15403680197335
                },
                {
                    "x": 2124.7429781923724,
                    "y": 783.6298058449421
                },
                {
                    "x": 1706.8392029871923,
                    "y": 783.6298058449421
                }
            ]
        },
        {
            "id": "OFybXtWqf",
            "type": "RECTANGLE",
            "tags": [
                "leaf"
            ],
            "boundingBox": {
                "height": 434.11435996731046,
                "width": 387.97457013811385,
                "left": 438.3393317564855,
                "top": 938.7948262805902
            },
            "points": [
                {
                    "x": 438.3393317564855,
                    "y": 938.7948262805902
                },
                {
                    "x": 826.3139018945993,
                    "y": 938.7948262805902
                },
                {
                    "x": 826.3139018945993,
                    "y": 1372.9091862479006
                },
                {
                    "x": 438.3393317564855,
                    "y": 1372.9091862479006
                }
            ]
        },
        {
            "id": "Zls5aCAWT",
            "type": "RECTANGLE",
            "tags": [
                "leaf"
            ],
            "boundingBox": {
                "height": 276.8688308803683,
                "width": 232.3042185713605,
                "left": 974.1833421660632,
                "top": 1089.6256401076655
            },
            "points": [
                {
                    "x": 974.1833421660632,
                    "y": 1089.6256401076655
                },
                {
                    "x": 1206.4875607374238,
                    "y": 1089.6256401076655
                },
                {
                    "x": 1206.4875607374238,
                    "y": 1366.4944709880338
                },
                {
                    "x": 974.1833421660632,
                    "y": 1366.4944709880338
                }
            ]
        },
        {
            "id": "hRSqXG6dT",
            "type": "RECTANGLE",
            "tags": [
                "leaf"
            ],
            "boundingBox": {
                "height": 217.87426617232487,
                "width": 157.31975169962706,
                "left": 1412.06080420092,
                "top": 1138.650340484795
            },
            "points": [
                {
                    "x": 1412.06080420092,
                    "y": 1138.650340484795
                },
                {
                    "x": 1569.380555900547,
                    "y": 1138.650340484795
                },
                {
                    "x": 1569.380555900547,
                    "y": 1356.5246066571196
                },
                {
                    "x": 1412.06080420092,
                    "y": 1356.5246066571196
                }
            ]
        },
        {
            "id": "oxtfTSNlg",
            "type": "RECTANGLE",
            "tags": [
                "leaf"
            ],
            "boundingBox": {
                "height": 110.17689066061361,
                "width": 85.79754128273356,
                "left": 1711.5516402081746,
                "top": 1211.0408801995861
            },
            "points": [
                {
                    "x": 1711.5516402081746,
                    "y": 1211.0408801995861
                },
                {
                    "x": 1797.349181490908,
                    "y": 1211.0408801995861
                },
                {
                    "x": 1797.349181490908,
                    "y": 1321.2177708601998
                },
                {
                    "x": 1711.5516402081746,
                    "y": 1321.2177708601998
                }
            ]
        }
    ],
    "version": "2.2.0"
}