{
    "asset": {
        "format": "jpg",
        "id": "f55c99e55dad77106e4c75a2d95bac21",
        "name": "2_2_5.jpg",
        "path": "file:/Users/kaitomasuda/Desktop/Univ/LeafDetection/dataset/imgs/2_2_5.jpg",
        "size": {
            "width": 2216,
            "height": 2017
        },
        "state": 2,
        "type": 1
    },
    "regions": [
        {
            "id": "MyDRecNtw",
            "type": "RECTANGLE",
            "tags": [
                "leaf"
            ],
            "boundingBox": {
                "height": 326.6301470471667,
                "width": 232.97693188534276,
                "left": 362.69542014119753,
                "top": 324.17718196720267
            },
            "points": [
                {
                    "x": 362.69542014119753,
                    "y": 324.17718196720267
                },
                {
                    "x": 595.6723520265402,
                    "y": 324.17718196720267
                },
                {
                    "x": 595.6723520265402,
                    "y": 650.8073290143694
                },
                {
                    "x": 362.69542014119753,
                    "y": 650.8073290143694
                }
            ]
        },
        {
            "id": "Kyfv-ooKA",
            "type": "RECTANGLE",
            "tags": [
                "leaf"
            ],
            "boundingBox": {
                "height": 370.2141843721464,
                "width": 343.1264501260527,
                "left": 685.1479269979129,
                "top": 341.63516267058134
            },
            "points": [
                {
                    "x": 685.1479269979129,
                    "y": 341.63516267058134
                },
                {
                    "x": 1028.2743771239657,
                    "y": 341.63516267058134
                },
                {
                    "x": 1028.2743771239657,
                    "y": 711.8493470427277
                },
                {
                    "x": 685.1479269979129,
                    "y": 711.8493470427277
                }
            ]
        },
        {
            "id": "D0FMCrJBW",
            "type": "RECTANGLE",
            "tags": [
                "leaf"
            ],
            "boundingBox": {
                "height": 449.8917022705078,
                "width": 404.3278035193188,
                "left": 1164.3517974059914,
                "top": 282.19306783304586
            },
            "points": [
                {
                    "x": 1164.3517974059914,
                    "y": 282.19306783304586
                },
                {
                    "x": 1568.67960092531,
                    "y": 282.19306783304586
                },
                {
                    "x": 1568.67960092531,
                    "y": 732.0847701035536
                },
                {
                    "x": 1164.3517974059914,
                    "y": 732.0847701035536
                }
            ]
        },
        {
            "id": "_1oZChhK5",
            "type": "RECTANGLE",
            "tags": [
                "leaf"
            ],
            "boundingBox": {
                "height": 511.18505229206824,
                "width": 437.98891959404546,
                "left": 1706.6616072417994,
                "top": 293.0523046716467
            },
            "points": [
                {
                    "x": 1706.6616072417994,
                    "y": 293.0523046716467
                },
                {
                    "x": 2144.650526835845,
                    "y": 293.0523046716467
                },
                {
                    "x": 2144.650526835845,
                    "y": 804.2373569637149
                },
                {
                    "x": 1706.6616072417994,
                    "y": 804.2373569637149
                }
            ]
        },
        {
            "id": "J31NU5XqY",
            "type": "RECTANGLE",
            "tags": [
                "leaf"
            ],
            "boundingBox": {
                "height": 497.0769657283634,
                "width": 455.1929446822362,
                "left": 330.3499120978317,
                "top": 922.8469520469764
            },
            "points": [
                {
                    "x": 330.3499120978317,
                    "y": 922.8469520469764
                },
                {
                    "x": 785.542856780068,
                    "y": 922.8469520469764
                },
                {
                    "x": 785.542856780068,
                    "y": 1419.9239177753398
                },
                {
                    "x": 330.3499120978317,
                    "y": 1419.9239177753398
                }
            ]
        },
        {
            "id": "6xlCprf7o",
            "type": "RECTANGLE",
            "tags": [
                "leaf"
            ],
            "boundingBox": {
                "height": 455.58240538758116,
                "width": 360.26220876274374,
                "left": 955.3026564577792,
                "top": 984.9246753246753
            },
            "points": [
                {
                    "x": 955.3026564577792,
                    "y": 984.9246753246753
                },
                {
                    "x": 1315.564865220523,
                    "y": 984.9246753246753
                },
                {
                    "x": 1315.564865220523,
                    "y": 1440.5070807122563
                },
                {
                    "x": 955.3026564577792,
                    "y": 1440.5070807122563
                }
            ]
        },
        {
            "id": "qj10BfNhD",
            "type": "RECTANGLE",
            "tags": [
                "leaf"
            ],
            "boundingBox": {
                "height": 360.066015625,
                "width": 299.2993083259456,
                "left": 1439.1677505817818,
                "top": 1031.825111844942
            },
            "points": [
                {
                    "x": 1439.1677505817818,
                    "y": 1031.825111844942
                },
                {
                    "x": 1738.4670589077275,
                    "y": 1031.825111844942
                },
                {
                    "x": 1738.4670589077275,
                    "y": 1391.8911274699421
                },
                {
                    "x": 1439.1677505817818,
                    "y": 1391.8911274699421
                }
            ]
        },
        {
            "id": "b7AnV5jew",
            "type": "RECTANGLE",
            "tags": [
                "leaf"
            ],
            "boundingBox": {
                "height": 269.78682821694906,
                "width": 222.83240929281175,
                "left": 1839.528585808215,
                "top": 1085.9385527375455
            },
            "points": [
                {
                    "x": 1839.528585808215,
                    "y": 1085.9385527375455
                },
                {
                    "x": 2062.3609951010267,
                    "y": 1085.9385527375455
                },
                {
                    "x": 2062.3609951010267,
                    "y": 1355.7253809544945
                },
                {
                    "x": 1839.528585808215,
                    "y": 1355.7253809544945
                }
            ]
        },
        {
            "id": "28NBhYuuS",
            "type": "RECTANGLE",
            "tags": [
                "leaf"
            ],
            "boundingBox": {
                "height": 156.8012661227932,
                "width": 119.98356437232195,
                "left": 565.642627472573,
                "top": 1557.49876605938
            },
            "points": [
                {
                    "x": 565.642627472573,
                    "y": 1557.49876605938
                },
                {
                    "x": 685.6261918448951,
                    "y": 1557.49876605938
                },
                {
                    "x": 685.6261918448951,
                    "y": 1714.3000321821733
                },
                {
                    "x": 565.642627472573,
                    "y": 1714.3000321821733
                }
            ]
        },
        {
            "id": "NaptyDtJ8",
            "type": "RECTANGLE",
            "tags": [
                "leaf"
            ],
            "boundingBox": {
                "height": 87.33642871410815,
                "width": 65.29933891566932,
                "left": 838.3943598321143,
                "top": 1575.2835423060824
            },
            "points": [
                {
                    "x": 838.3943598321143,
                    "y": 1575.2835423060824
                },
                {
                    "x": 903.6936987477836,
                    "y": 1575.2835423060824
                },
                {
                    "x": 903.6936987477836,
                    "y": 1662.6199710201906
                },
                {
                    "x": 838.3943598321143,
                    "y": 1662.6199710201906
                }
            ]
        },
        {
            "id": "bu50nUE-S",
            "type": "RECTANGLE",
            "tags": [
                "mark"
            ],
            "boundingBox": {
                "height": 67.27931227250532,
                "width": 55.758183039671984,
                "left": 2089.5257669363177,
                "top": 39.32226530793425
            },
            "points": [
                {
                    "x": 2089.5257669363177,
                    "y": 39.32226530793425
                },
                {
                    "x": 2145.28394997599,
                    "y": 39.32226530793425
                },
                {
                    "x": 2145.28394997599,
                    "y": 106.60157758043957
                },
                {
                    "x": 2089.5257669363177,
                    "y": 106.60157758043957
                }
            ]
        },
        {
            "id": "5anLFL0q9",
            "type": "RECTANGLE",
            "tags": [
                "tag"
            ],
            "boundingBox": {
                "height": 115.45619395862956,
                "width": 320.64896156545444,
                "left": 1726.174940898345,
                "top": 1807.2425073400716
            },
            "points": [
                {
                    "x": 1726.174940898345,
                    "y": 1807.2425073400716
                },
                {
                    "x": 2046.8239024637994,
                    "y": 1807.2425073400716
                },
                {
                    "x": 2046.8239024637994,
                    "y": 1922.698701298701
                },
                {
                    "x": 1726.174940898345,
                    "y": 1922.698701298701
                }
            ]
        },
        {
            "id": "29fOLZYg0",
            "type": "RECTANGLE",
            "tags": [
                "scale"
            ],
            "boundingBox": {
                "height": 1450.5467706061029,
                "width": 742.334589532081,
                "left": 164.98010888787306,
                "top": 376.4846138297737
            },
            "points": [
                {
                    "x": 164.98010888787306,
                    "y": 376.4846138297737
                },
                {
                    "x": 907.3146984199541,
                    "y": 376.4846138297737
                },
                {
                    "x": 907.3146984199541,
                    "y": 1827.0313844358766
                },
                {
                    "x": 164.98010888787306,
                    "y": 1827.0313844358766
                }
            ]
        }
    ],
    "version": "2.2.0"
}