{
    "asset": {
        "format": "jpg",
        "id": "f6234e1a92738b561512aeacd83bd953",
        "name": "1_2_2.jpg",
        "path": "file:/Users/kaitomasuda/Desktop/Univ/LeafDetection/dataset/imgs/1_2_2.jpg",
        "size": {
            "width": 2215,
            "height": 2015
        },
        "state": 2,
        "type": 1
    },
    "regions": [
        {
            "id": "X9iwz8gGo",
            "type": "RECTANGLE",
            "tags": [
                "leaf"
            ],
            "boundingBox": {
                "height": 336.992127599795,
                "width": 224.9632245974433,
                "left": 387.2399036149333,
                "top": 312.4706823175604
            },
            "points": [
                {
                    "x": 387.2399036149333,
                    "y": 312.4706823175604
                },
                {
                    "x": 612.2031282123766,
                    "y": 312.4706823175604
                },
                {
                    "x": 612.2031282123766,
                    "y": 649.4628099173553
                },
                {
                    "x": 387.2399036149333,
                    "y": 649.4628099173553
                }
            ]
        },
        {
            "id": "mUeq4HOir",
            "type": "RECTANGLE",
            "tags": [
                "leaf"
            ],
            "boundingBox": {
                "height": 396.88673980965103,
                "width": 320.14485065202064,
                "left": 754.6491476646939,
                "top": 243.64917849706225
            },
            "points": [
                {
                    "x": 754.6491476646939,
                    "y": 243.64917849706225
                },
                {
                    "x": 1074.7939983167146,
                    "y": 243.64917849706225
                },
                {
                    "x": 1074.7939983167146,
                    "y": 640.5359183067133
                },
                {
                    "x": 754.6491476646939,
                    "y": 640.5359183067133
                }
            ]
        },
        {
            "id": "oKu2L5OFc",
            "type": "RECTANGLE",
            "tags": [
                "leaf"
            ],
            "boundingBox": {
                "height": 497.354736328125,
                "width": 428.8028172084263,
                "left": 1205.833500453404,
                "top": 201.04144577152474
            },
            "points": [
                {
                    "x": 1205.833500453404,
                    "y": 201.04144577152474
                },
                {
                    "x": 1634.6363176618302,
                    "y": 201.04144577152474
                },
                {
                    "x": 1634.6363176618302,
                    "y": 698.3961820996498
                },
                {
                    "x": 1205.833500453404,
                    "y": 698.3961820996498
                }
            ]
        },
        {
            "id": "pGiIrSC6r",
            "type": "RECTANGLE",
            "tags": [
                "leaf"
            ],
            "boundingBox": {
                "height": 543.5878832478169,
                "width": 413.74405939776193,
                "left": 1713.2941729323306,
                "top": 187.87217794371045
            },
            "points": [
                {
                    "x": 1713.2941729323306,
                    "y": 187.87217794371045
                },
                {
                    "x": 2127.038232330093,
                    "y": 187.87217794371045
                },
                {
                    "x": 2127.038232330093,
                    "y": 731.4600611915273
                },
                {
                    "x": 1713.2941729323306,
                    "y": 731.4600611915273
                }
            ]
        },
        {
            "id": "HlM-nglIN",
            "type": "RECTANGLE",
            "tags": [
                "leaf"
            ],
            "boundingBox": {
                "height": 526.0395318023429,
                "width": 424.7373744419643,
                "left": 363.9508985935297,
                "top": 831.1315719352281
            },
            "points": [
                {
                    "x": 363.9508985935297,
                    "y": 831.1315719352281
                },
                {
                    "x": 788.6882730354939,
                    "y": 831.1315719352281
                },
                {
                    "x": 788.6882730354939,
                    "y": 1357.171103737571
                },
                {
                    "x": 363.9508985935297,
                    "y": 1357.171103737571
                }
            ]
        },
        {
            "id": "rH6fQNG8f",
            "type": "RECTANGLE",
            "tags": [
                "leaf"
            ],
            "boundingBox": {
                "height": 475.6977938817552,
                "width": 353.4195772328771,
                "left": 920.6304162964784,
                "top": 849.5744929037803
            },
            "points": [
                {
                    "x": 920.6304162964784,
                    "y": 849.5744929037803
                },
                {
                    "x": 1274.0499935293556,
                    "y": 849.5744929037803
                },
                {
                    "x": 1274.0499935293556,
                    "y": 1325.2722867855355
                },
                {
                    "x": 920.6304162964784,
                    "y": 1325.2722867855355
                }
            ]
        },
        {
            "id": "rUB0cs2Yw",
            "type": "RECTANGLE",
            "tags": [
                "leaf"
            ],
            "boundingBox": {
                "height": 344.4022785533558,
                "width": 230.4875814108024,
                "left": 1421.1794803017062,
                "top": 941.566376489056
            },
            "points": [
                {
                    "x": 1421.1794803017062,
                    "y": 941.566376489056
                },
                {
                    "x": 1651.6670617125087,
                    "y": 941.566376489056
                },
                {
                    "x": 1651.6670617125087,
                    "y": 1285.968655042412
                },
                {
                    "x": 1421.1794803017062,
                    "y": 1285.968655042412
                }
            ]
        },
        {
            "id": "sz1nj-gQ8",
            "type": "RECTANGLE",
            "tags": [
                "leaf"
            ],
            "boundingBox": {
                "height": 269.55599319836324,
                "width": 190.51369229653722,
                "left": 1730.719314231012,
                "top": 970.8110878684304
            },
            "points": [
                {
                    "x": 1730.719314231012,
                    "y": 970.8110878684304
                },
                {
                    "x": 1921.2330065275492,
                    "y": 970.8110878684304
                },
                {
                    "x": 1921.2330065275492,
                    "y": 1240.3670810667936
                },
                {
                    "x": 1730.719314231012,
                    "y": 1240.3670810667936
                }
            ]
        },
        {
            "id": "Y4uKgRFqc",
            "type": "RECTANGLE",
            "tags": [
                "mark"
            ],
            "boundingBox": {
                "height": 60.87265456018369,
                "width": 64.22779513480968,
                "left": 2083.0903843470983,
                "top": 38.733424667484506
            },
            "points": [
                {
                    "x": 2083.0903843470983,
                    "y": 38.733424667484506
                },
                {
                    "x": 2147.318179481908,
                    "y": 38.733424667484506
                },
                {
                    "x": 2147.318179481908,
                    "y": 99.60607922766819
                },
                {
                    "x": 2083.0903843470983,
                    "y": 99.60607922766819
                }
            ]
        },
        {
            "id": "hA8cANKvx",
            "type": "RECTANGLE",
            "tags": [
                "leaf"
            ],
            "boundingBox": {
                "height": 149.0446081240315,
                "width": 94.50083338228383,
                "left": 784.3427878931949,
                "top": 1422.7360238319586
            },
            "points": [
                {
                    "x": 784.3427878931949,
                    "y": 1422.7360238319586
                },
                {
                    "x": 878.8436212754787,
                    "y": 1422.7360238319586
                },
                {
                    "x": 878.8436212754787,
                    "y": 1571.7806319559902
                },
                {
                    "x": 784.3427878931949,
                    "y": 1571.7806319559902
                }
            ]
        },
        {
            "id": "eaKi6Ib2p",
            "type": "RECTANGLE",
            "tags": [
                "leaf"
            ],
            "boundingBox": {
                "height": 85.96913487458032,
                "width": 59.09707320363898,
                "left": 1143.0099831487898,
                "top": 1469.7554924074284
            },
            "points": [
                {
                    "x": 1143.0099831487898,
                    "y": 1469.7554924074284
                },
                {
                    "x": 1202.1070563524288,
                    "y": 1469.7554924074284
                },
                {
                    "x": 1202.1070563524288,
                    "y": 1555.7246272820087
                },
                {
                    "x": 1143.0099831487898,
                    "y": 1555.7246272820087
                }
            ]
        },
        {
            "id": "BsJ2CiHJr",
            "type": "RECTANGLE",
            "tags": [
                "tag"
            ],
            "boundingBox": {
                "height": 114.85886439804203,
                "width": 306.11172898371416,
                "left": 1698.8397170905778,
                "top": 1775.4873638310708
            },
            "points": [
                {
                    "x": 1698.8397170905778,
                    "y": 1775.4873638310708
                },
                {
                    "x": 2004.951446074292,
                    "y": 1775.4873638310708
                },
                {
                    "x": 2004.951446074292,
                    "y": 1890.3462282291127
                },
                {
                    "x": 1698.8397170905778,
                    "y": 1890.3462282291127
                }
            ]
        },
        {
            "id": "MUFEKg0Yv",
            "type": "RECTANGLE",
            "tags": [
                "scale"
            ],
            "boundingBox": {
                "height": 1445.128340287642,
                "width": 739.7451501143605,
                "left": 152.97810317878435,
                "top": 382.6424893465909
            },
            "points": [
                {
                    "x": 152.97810317878435,
                    "y": 382.6424893465909
                },
                {
                    "x": 892.7232532931449,
                    "y": 382.6424893465909
                },
                {
                    "x": 892.7232532931449,
                    "y": 1827.770829634233
                },
                {
                    "x": 152.97810317878435,
                    "y": 1827.770829634233
                }
            ]
        }
    ],
    "version": "2.2.0"
}