{
    "asset": {
        "format": "jpg",
        "id": "f713c5bd319454daba127a9f2215c463",
        "name": "2_2_4.jpg",
        "path": "file:/Users/kaitomasuda/Desktop/Univ/LeafDetection/dataset/imgs/2_2_4.jpg",
        "size": {
            "width": 2218,
            "height": 2011
        },
        "state": 2,
        "type": 1
    },
    "regions": [
        {
            "id": "uEEgOVvAk",
            "type": "RECTANGLE",
            "tags": [
                "leaf"
            ],
            "boundingBox": {
                "height": 305.41463354078394,
                "width": 226.43184263260932,
                "left": 357.59884246754024,
                "top": 341.7042490972845
            },
            "points": [
                {
                    "x": 357.59884246754024,
                    "y": 341.7042490972845
                },
                {
                    "x": 584.0306851001495,
                    "y": 341.7042490972845
                },
                {
                    "x": 584.0306851001495,
                    "y": 647.1188826380684
                },
                {
                    "x": 357.59884246754024,
                    "y": 647.1188826380684
                }
            ]
        },
        {
            "id": "9PRhL6X0M",
            "type": "RECTANGLE",
            "tags": [
                "leaf"
            ],
            "boundingBox": {
                "height": 392.4226554860659,
                "width": 345.8780992296007,
                "left": 692.7791991898918,
                "top": 259.41098066228
            },
            "points": [
                {
                    "x": 692.7791991898918,
                    "y": 259.41098066228
                },
                {
                    "x": 1038.6572984194925,
                    "y": 259.41098066228
                },
                {
                    "x": 1038.6572984194925,
                    "y": 651.8336361483459
                },
                {
                    "x": 692.7791991898918,
                    "y": 651.8336361483459
                }
            ]
        },
        {
            "id": "i1Tp-D87G",
            "type": "RECTANGLE",
            "tags": [
                "leaf"
            ],
            "boundingBox": {
                "height": 460.7175291775103,
                "width": 418.811026498781,
                "left": 1171.4056048742705,
                "top": 261.5322356740064
            },
            "points": [
                {
                    "x": 1171.4056048742705,
                    "y": 261.5322356740064
                },
                {
                    "x": 1590.2166313730515,
                    "y": 261.5322356740064
                },
                {
                    "x": 1590.2166313730515,
                    "y": 722.2497648515167
                },
                {
                    "x": 1171.4056048742705,
                    "y": 722.2497648515167
                }
            ]
        },
        {
            "id": "C1w3Rl9SC",
            "type": "RECTANGLE",
            "tags": [
                "leaf"
            ],
            "boundingBox": {
                "height": 502.1256496225529,
                "width": 438.5530363763759,
                "left": 1741.1365223697455,
                "top": 282.4044856303985
            },
            "points": [
                {
                    "x": 1741.1365223697455,
                    "y": 282.4044856303985
                },
                {
                    "x": 2179.6895587461213,
                    "y": 282.4044856303985
                },
                {
                    "x": 2179.6895587461213,
                    "y": 784.5301352529514
                },
                {
                    "x": 1741.1365223697455,
                    "y": 784.5301352529514
                }
            ]
        },
        {
            "id": "jwbrfzq_4",
            "type": "RECTANGLE",
            "tags": [
                "leaf"
            ],
            "boundingBox": {
                "height": 474.6501522934577,
                "width": 439.74021648289744,
                "left": 362.0160037642675,
                "top": 974.9061113777808
            },
            "points": [
                {
                    "x": 362.0160037642675,
                    "y": 974.9061113777808
                },
                {
                    "x": 801.756220247165,
                    "y": 974.9061113777808
                },
                {
                    "x": 801.756220247165,
                    "y": 1449.5562636712384
                },
                {
                    "x": 362.0160037642675,
                    "y": 1449.5562636712384
                }
            ]
        },
        {
            "id": "lkBVCLnI1",
            "type": "RECTANGLE",
            "tags": [
                "leaf"
            ],
            "boundingBox": {
                "height": 434.9370515069875,
                "width": 333.74146690999925,
                "left": 930.658952861813,
                "top": 973.1760455234732
            },
            "points": [
                {
                    "x": 930.658952861813,
                    "y": 973.1760455234732
                },
                {
                    "x": 1264.4004197718123,
                    "y": 973.1760455234732
                },
                {
                    "x": 1264.4004197718123,
                    "y": 1408.1130970304607
                },
                {
                    "x": 930.658952861813,
                    "y": 1408.1130970304607
                }
            ]
        },
        {
            "id": "Z7Ha_ediD",
            "type": "RECTANGLE",
            "tags": [
                "leaf"
            ],
            "boundingBox": {
                "height": 371.2877190899507,
                "width": 299.0440920565991,
                "left": 1342.1654373060726,
                "top": 1048.7614080834421
            },
            "points": [
                {
                    "x": 1342.1654373060726,
                    "y": 1048.7614080834421
                },
                {
                    "x": 1641.2095293626717,
                    "y": 1048.7614080834421
                },
                {
                    "x": 1641.2095293626717,
                    "y": 1420.049127173393
                },
                {
                    "x": 1342.1654373060726,
                    "y": 1420.049127173393
                }
            ]
        },
        {
            "id": "1v3ZO5Jyq",
            "type": "RECTANGLE",
            "tags": [
                "leaf"
            ],
            "boundingBox": {
                "height": 299.44877885124674,
                "width": 202.21586475417405,
                "left": 1800.5193705096594,
                "top": 1015.5795419387122
            },
            "points": [
                {
                    "x": 1800.5193705096594,
                    "y": 1015.5795419387122
                },
                {
                    "x": 2002.7352352638334,
                    "y": 1015.5795419387122
                },
                {
                    "x": 2002.7352352638334,
                    "y": 1315.028320789959
                },
                {
                    "x": 1800.5193705096594,
                    "y": 1315.028320789959
                }
            ]
        },
        {
            "id": "LpkTZBdJ8",
            "type": "RECTANGLE",
            "tags": [
                "leaf"
            ],
            "boundingBox": {
                "height": 158.9901875044563,
                "width": 114.64873041103354,
                "left": 825.490541282275,
                "top": 1473.9351335547894
            },
            "points": [
                {
                    "x": 825.490541282275,
                    "y": 1473.9351335547894
                },
                {
                    "x": 940.1392716933085,
                    "y": 1473.9351335547894
                },
                {
                    "x": 940.1392716933085,
                    "y": 1632.9253210592458
                },
                {
                    "x": 825.490541282275,
                    "y": 1632.9253210592458
                }
            ]
        },
        {
            "id": "v3LmImtcz",
            "type": "RECTANGLE",
            "tags": [
                "leaf"
            ],
            "boundingBox": {
                "height": 104.25779149181064,
                "width": 64.22934010462839,
                "left": 1317.1477648146608,
                "top": 1530.935290479598
            },
            "points": [
                {
                    "x": 1317.1477648146608,
                    "y": 1530.935290479598
                },
                {
                    "x": 1381.3771049192892,
                    "y": 1530.935290479598
                },
                {
                    "x": 1381.3771049192892,
                    "y": 1635.1930819714087
                },
                {
                    "x": 1317.1477648146608,
                    "y": 1635.1930819714087
                }
            ]
        },
        {
            "id": "H1DVtNn-u",
            "type": "RECTANGLE",
            "tags": [
                "mark"
            ],
            "boundingBox": {
                "height": 64.49816247972392,
                "width": 56.73757595486111,
                "left": 2093.5936380300677,
                "top": 40.16366043986056
            },
            "points": [
                {
                    "x": 2093.5936380300677,
                    "y": 40.16366043986056
                },
                {
                    "x": 2150.331213984929,
                    "y": 40.16366043986056
                },
                {
                    "x": 2150.331213984929,
                    "y": 104.66182291958448
                },
                {
                    "x": 2093.5936380300677,
                    "y": 104.66182291958448
                }
            ]
        },
        {
            "id": "js3MCgbmq",
            "type": "RECTANGLE",
            "tags": [
                "tag"
            ],
            "boundingBox": {
                "height": 121.02683605209013,
                "width": 322.69552330936943,
                "left": 1734.3043560632295,
                "top": 1774.6094090587314
            },
            "points": [
                {
                    "x": 1734.3043560632295,
                    "y": 1774.6094090587314
                },
                {
                    "x": 2056.999879372599,
                    "y": 1774.6094090587314
                },
                {
                    "x": 2056.999879372599,
                    "y": 1895.6362451108216
                },
                {
                    "x": 1734.3043560632295,
                    "y": 1895.6362451108216
                }
            ]
        },
        {
            "id": "CIIvSFQWG",
            "type": "RECTANGLE",
            "tags": [
                "scale"
            ],
            "boundingBox": {
                "height": 1441.973963214024,
                "width": 730.0818415071384,
                "left": 170.41371158392434,
                "top": 381.10193412213783
            },
            "points": [
                {
                    "x": 170.41371158392434,
                    "y": 381.10193412213783
                },
                {
                    "x": 900.4955530910627,
                    "y": 381.10193412213783
                },
                {
                    "x": 900.4955530910627,
                    "y": 1823.0758973361617
                },
                {
                    "x": 170.41371158392434,
                    "y": 1823.0758973361617
                }
            ]
        }
    ],
    "version": "2.2.0"
}