{
    "asset": {
        "format": "jpg",
        "id": "f7bc8711acbd3f404774700b80e5abf8",
        "name": "2_2_6.jpg",
        "path": "file:/Users/kaitomasuda/Desktop/Univ/LeafDetection/dataset/imgs/2_2_6.jpg",
        "size": {
            "width": 2209,
            "height": 2013
        },
        "state": 2,
        "type": 1
    },
    "regions": [
        {
            "id": "kutZRNOk4",
            "type": "RECTANGLE",
            "tags": [
                "leaf"
            ],
            "boundingBox": {
                "height": 368.3789662164473,
                "width": 225.33551025390625,
                "left": 312.6899583604601,
                "top": 363.4638576878648
            },
            "points": [
                {
                    "x": 312.6899583604601,
                    "y": 363.4638576878648
                },
                {
                    "x": 538.0254686143663,
                    "y": 363.4638576878648
                },
                {
                    "x": 538.0254686143663,
                    "y": 731.8428239043121
                },
                {
                    "x": 312.6899583604601,
                    "y": 731.8428239043121
                }
            ]
        },
        {
            "id": "C3YI_zVvb",
            "type": "RECTANGLE",
            "tags": [
                "leaf"
            ],
            "boundingBox": {
                "height": 413.80812387429324,
                "width": 344.48920864529083,
                "left": 650.3729705810547,
                "top": 359.46480931382234
            },
            "points": [
                {
                    "x": 650.3729705810547,
                    "y": 359.46480931382234
                },
                {
                    "x": 994.8621792263455,
                    "y": 359.46480931382234
                },
                {
                    "x": 994.8621792263455,
                    "y": 773.2729331881156
                },
                {
                    "x": 650.3729705810547,
                    "y": 773.2729331881156
                }
            ]
        },
        {
            "id": "sw-EXphDq",
            "type": "RECTANGLE",
            "tags": [
                "leaf"
            ],
            "boundingBox": {
                "height": 461.81335710458717,
                "width": 385.1199239095052,
                "left": 1100.5638902452258,
                "top": 356.3360061348644
            },
            "points": [
                {
                    "x": 1100.5638902452258,
                    "y": 356.3360061348644
                },
                {
                    "x": 1485.683814154731,
                    "y": 356.3360061348644
                },
                {
                    "x": 1485.683814154731,
                    "y": 818.1493632394516
                },
                {
                    "x": 1100.5638902452258,
                    "y": 818.1493632394516
                }
            ]
        },
        {
            "id": "qYQfwx5RE",
            "type": "RECTANGLE",
            "tags": [
                "leaf"
            ],
            "boundingBox": {
                "height": 525.7409221485894,
                "width": 470.02167426215277,
                "left": 1555.893283420139,
                "top": 373.7252931112445
            },
            "points": [
                {
                    "x": 1555.893283420139,
                    "y": 373.7252931112445
                },
                {
                    "x": 2025.9149576822917,
                    "y": 373.7252931112445
                },
                {
                    "x": 2025.9149576822917,
                    "y": 899.466215259834
                },
                {
                    "x": 1555.893283420139,
                    "y": 899.466215259834
                }
            ]
        },
        {
            "id": "z4f2OGYsB",
            "type": "RECTANGLE",
            "tags": [
                "leaf"
            ],
            "boundingBox": {
                "height": 508.05140775094236,
                "width": 357.77784220377606,
                "left": 347.82329983181427,
                "top": 1071.3156581537269
            },
            "points": [
                {
                    "x": 347.82329983181427,
                    "y": 1071.3156581537269
                },
                {
                    "x": 705.6011420355903,
                    "y": 1071.3156581537269
                },
                {
                    "x": 705.6011420355903,
                    "y": 1579.3670659046693
                },
                {
                    "x": 347.82329983181427,
                    "y": 1579.3670659046693
                }
            ]
        },
        {
            "id": "yg3n5gHHC",
            "type": "RECTANGLE",
            "tags": [
                "leaf"
            ],
            "boundingBox": {
                "height": 433.37605160961806,
                "width": 346.3534342447917,
                "left": 852.1465657552084,
                "top": 1073.256300158074
            },
            "points": [
                {
                    "x": 852.1465657552084,
                    "y": 1073.256300158074
                },
                {
                    "x": 1198.5,
                    "y": 1073.256300158074
                },
                {
                    "x": 1198.5,
                    "y": 1506.6323517676922
                },
                {
                    "x": 852.1465657552084,
                    "y": 1506.6323517676922
                }
            ]
        },
        {
            "id": "jgAGVPUcG",
            "type": "RECTANGLE",
            "tags": [
                "leaf"
            ],
            "boundingBox": {
                "height": 324.11685501276753,
                "width": 268.80435858832465,
                "left": 1263.7135518391926,
                "top": 1136.4203887820709
            },
            "points": [
                {
                    "x": 1263.7135518391926,
                    "y": 1136.4203887820709
                },
                {
                    "x": 1532.5179104275173,
                    "y": 1136.4203887820709
                },
                {
                    "x": 1532.5179104275173,
                    "y": 1460.5372437948383
                },
                {
                    "x": 1263.7135518391926,
                    "y": 1460.5372437948383
                }
            ]
        },
        {
            "id": "gTsqNVxzo",
            "type": "RECTANGLE",
            "tags": [
                "leaf"
            ],
            "boundingBox": {
                "height": 228.76994852147678,
                "width": 175.5403272840712,
                "left": 1592.1818949381511,
                "top": 1192.8443399273467
            },
            "points": [
                {
                    "x": 1592.1818949381511,
                    "y": 1192.8443399273467
                },
                {
                    "x": 1767.7222222222222,
                    "y": 1192.8443399273467
                },
                {
                    "x": 1767.7222222222222,
                    "y": 1421.6142884488236
                },
                {
                    "x": 1592.1818949381511,
                    "y": 1421.6142884488236
                }
            ]
        },
        {
            "id": "7rGk46t_s",
            "type": "RECTANGLE",
            "tags": [
                "leaf"
            ],
            "boundingBox": {
                "height": 140.80793542527968,
                "width": 129.9317830403646,
                "left": 1806.3103773328994,
                "top": 1256.9001868578248
            },
            "points": [
                {
                    "x": 1806.3103773328994,
                    "y": 1256.9001868578248
                },
                {
                    "x": 1936.242160373264,
                    "y": 1256.9001868578248
                },
                {
                    "x": 1936.242160373264,
                    "y": 1397.7081222831043
                },
                {
                    "x": 1806.3103773328994,
                    "y": 1397.7081222831043
                }
            ]
        },
        {
            "id": "c-goH7Fwz",
            "type": "RECTANGLE",
            "tags": [
                "leaf"
            ],
            "boundingBox": {
                "height": 91.23567122522495,
                "width": 64.55360243055556,
                "left": 2023.9979010687935,
                "top": 1274.1167315175098
            },
            "points": [
                {
                    "x": 2023.9979010687935,
                    "y": 1274.1167315175098
                },
                {
                    "x": 2088.551503499349,
                    "y": 1274.1167315175098
                },
                {
                    "x": 2088.551503499349,
                    "y": 1365.3524027427347
                },
                {
                    "x": 2023.9979010687935,
                    "y": 1365.3524027427347
                }
            ]
        },
        {
            "id": "HC6AU2B9c",
            "type": "RECTANGLE",
            "tags": [
                "mark"
            ],
            "boundingBox": {
                "height": 61.837725628210876,
                "width": 56.32853868272569,
                "left": 2083.5152655707466,
                "top": 40.45464903835193
            },
            "points": [
                {
                    "x": 2083.5152655707466,
                    "y": 40.45464903835193
                },
                {
                    "x": 2139.843804253472,
                    "y": 40.45464903835193
                },
                {
                    "x": 2139.843804253472,
                    "y": 102.29237466656281
                },
                {
                    "x": 2083.5152655707466,
                    "y": 102.29237466656281
                }
            ]
        },
        {
            "id": "x2R5wiGbk",
            "type": "RECTANGLE",
            "tags": [
                "tag"
            ],
            "boundingBox": {
                "height": 122.61150838057819,
                "width": 312.0075378417969,
                "left": 1767.7372029622395,
                "top": 1787.4165416673
            },
            "points": [
                {
                    "x": 1767.7372029622395,
                    "y": 1787.4165416673
                },
                {
                    "x": 2079.7447408040366,
                    "y": 1787.4165416673
                },
                {
                    "x": 2079.7447408040366,
                    "y": 1910.0280500478782
                },
                {
                    "x": 1767.7372029622395,
                    "y": 1910.0280500478782
                }
            ]
        },
        {
            "id": "c_iCNiDxY",
            "type": "RECTANGLE",
            "tags": [
                "scale"
            ],
            "boundingBox": {
                "height": 1437.9111874354026,
                "width": 740.268566555447,
                "left": 168.23841179741754,
                "top": 383.26309120979755
            },
            "points": [
                {
                    "x": 168.23841179741754,
                    "y": 383.26309120979755
                },
                {
                    "x": 908.5069783528646,
                    "y": 383.26309120979755
                },
                {
                    "x": 908.5069783528646,
                    "y": 1821.1742786452
                },
                {
                    "x": 168.23841179741754,
                    "y": 1821.1742786452
                }
            ]
        }
    ],
    "version": "2.2.0"
}