{
    "asset": {
        "format": "jpg",
        "id": "f8136c9a7db5526dee14198b7883bbaa",
        "name": "2_3_8.jpg",
        "path": "file:/Users/kaitomasuda/Desktop/Univ/LeafDetection/dataset/imgs/2_3_8.jpg",
        "size": {
            "width": 2217,
            "height": 2014
        },
        "state": 2,
        "type": 1
    },
    "regions": [
        {
            "id": "h9RKu19O1",
            "type": "RECTANGLE",
            "tags": [
                "leaf"
            ],
            "boundingBox": {
                "height": 381.6140617698005,
                "width": 239.08726620505044,
                "left": 396.2092660673967,
                "top": 343.06354823317116
            },
            "points": [
                {
                    "x": 396.2092660673967,
                    "y": 343.06354823317116
                },
                {
                    "x": 635.296532272447,
                    "y": 343.06354823317116
                },
                {
                    "x": 635.296532272447,
                    "y": 724.6776100029716
                },
                {
                    "x": 396.2092660673967,
                    "y": 724.6776100029716
                }
            ]
        },
        {
            "id": "qGVJp5kmf",
            "type": "RECTANGLE",
            "tags": [
                "leaf"
            ],
            "boundingBox": {
                "height": 455.26424270054457,
                "width": 317.47172492277537,
                "left": 792.910528304729,
                "top": 330.48733365737263
            },
            "points": [
                {
                    "x": 792.910528304729,
                    "y": 330.48733365737263
                },
                {
                    "x": 1110.3822532275044,
                    "y": 330.48733365737263
                },
                {
                    "x": 1110.3822532275044,
                    "y": 785.7515763579172
                },
                {
                    "x": 792.910528304729,
                    "y": 785.7515763579172
                }
            ]
        },
        {
            "id": "dsm_eLFl4",
            "type": "RECTANGLE",
            "tags": [
                "leaf"
            ],
            "boundingBox": {
                "height": 500.837614974678,
                "width": 407.8227588842947,
                "left": 1165.35898649608,
                "top": 269.9964209111366
            },
            "points": [
                {
                    "x": 1165.35898649608,
                    "y": 269.9964209111366
                },
                {
                    "x": 1573.1817453803747,
                    "y": 269.9964209111366
                },
                {
                    "x": 1573.1817453803747,
                    "y": 770.8340358858146
                },
                {
                    "x": 1165.35898649608,
                    "y": 770.8340358858146
                }
            ]
        },
        {
            "id": "k4Cl9kCK7",
            "type": "RECTANGLE",
            "tags": [
                "leaf"
            ],
            "boundingBox": {
                "height": 538.779898495916,
                "width": 461.20402342884256,
                "left": 1655.9460256590066,
                "top": 316.5547901247816
            },
            "points": [
                {
                    "x": 1655.9460256590066,
                    "y": 316.5547901247816
                },
                {
                    "x": 2117.1500490878493,
                    "y": 316.5547901247816
                },
                {
                    "x": 2117.1500490878493,
                    "y": 855.3346886206975
                },
                {
                    "x": 1655.9460256590066,
                    "y": 855.3346886206975
                }
            ]
        },
        {
            "id": "TOOfBZbBi",
            "type": "RECTANGLE",
            "tags": [
                "leaf"
            ],
            "boundingBox": {
                "height": 496.7902878065567,
                "width": 418.09221925126747,
                "left": 330.08440501977367,
                "top": 943.6518448332354
            },
            "points": [
                {
                    "x": 330.08440501977367,
                    "y": 943.6518448332354
                },
                {
                    "x": 748.1766242710411,
                    "y": 943.6518448332354
                },
                {
                    "x": 748.1766242710411,
                    "y": 1440.442132639792
                },
                {
                    "x": 330.08440501977367,
                    "y": 1440.442132639792
                }
            ]
        },
        {
            "id": "EqosCwci-",
            "type": "RECTANGLE",
            "tags": [
                "leaf"
            ],
            "boundingBox": {
                "height": 367.6733658769506,
                "width": 271.40642423156305,
                "left": 911.4051507178774,
                "top": 1084.3406425247888
            },
            "points": [
                {
                    "x": 911.4051507178774,
                    "y": 1084.3406425247888
                },
                {
                    "x": 1182.8115749494405,
                    "y": 1084.3406425247888
                },
                {
                    "x": 1182.8115749494405,
                    "y": 1452.0140084017394
                },
                {
                    "x": 911.4051507178774,
                    "y": 1452.0140084017394
                }
            ]
        },
        {
            "id": "cxqNT2avp",
            "type": "RECTANGLE",
            "tags": [
                "leaf"
            ],
            "boundingBox": {
                "height": 184.90352318097774,
                "width": 149.47710553974125,
                "left": 1338.5635510167333,
                "top": 1167.5660103548644
            },
            "points": [
                {
                    "x": 1338.5635510167333,
                    "y": 1167.5660103548644
                },
                {
                    "x": 1488.0406565564745,
                    "y": 1167.5660103548644
                },
                {
                    "x": 1488.0406565564745,
                    "y": 1352.4695335358422
                },
                {
                    "x": 1338.5635510167333,
                    "y": 1352.4695335358422
                }
            ]
        },
        {
            "id": "mukxtYVZh",
            "type": "RECTANGLE",
            "tags": [
                "leaf"
            ],
            "boundingBox": {
                "height": 186.23203820276944,
                "width": 126.95324577169215,
                "left": 1563.7637614798039,
                "top": 1165.6551610502684
            },
            "points": [
                {
                    "x": 1563.7637614798039,
                    "y": 1165.6551610502684
                },
                {
                    "x": 1690.717007251496,
                    "y": 1165.6551610502684
                },
                {
                    "x": 1690.717007251496,
                    "y": 1351.8871992530378
                },
                {
                    "x": 1563.7637614798039,
                    "y": 1351.8871992530378
                }
            ]
        },
        {
            "id": "fMUhEVLq4",
            "type": "RECTANGLE",
            "tags": [
                "leaf"
            ],
            "boundingBox": {
                "height": 118.69804566858339,
                "width": 80.57412957806959,
                "left": 1879.9079284667969,
                "top": 1205.0545590801264
            },
            "points": [
                {
                    "x": 1879.9079284667969,
                    "y": 1205.0545590801264
                },
                {
                    "x": 1960.4820580448666,
                    "y": 1205.0545590801264
                },
                {
                    "x": 1960.4820580448666,
                    "y": 1323.75260474871
                },
                {
                    "x": 1879.9079284667969,
                    "y": 1323.75260474871
                }
            ]
        }
    ],
    "version": "2.2.0"
}