{
    "asset": {
        "format": "jpg",
        "id": "f8a09fb220631b4dd915ac54d5e56804",
        "name": "2_2_1.jpg",
        "path": "file:/Users/kaitomasuda/Desktop/Univ/LeafDetection/dataset/imgs/2_2_1.jpg",
        "size": {
            "width": 2215,
            "height": 2016
        },
        "state": 2,
        "type": 1
    },
    "regions": [
        {
            "id": "DHF5142hT",
            "type": "RECTANGLE",
            "tags": [
                "leaf"
            ],
            "boundingBox": {
                "height": 327.7463778409091,
                "width": 227.0600225570354,
                "left": 347.7028008499326,
                "top": 301.43288352272725
            },
            "points": [
                {
                    "x": 347.7028008499326,
                    "y": 301.43288352272725
                },
                {
                    "x": 574.762823406968,
                    "y": 301.43288352272725
                },
                {
                    "x": 574.762823406968,
                    "y": 629.1792613636363
                },
                {
                    "x": 347.7028008499326,
                    "y": 629.1792613636363
                }
            ]
        },
        {
            "id": "CK3XLuW7t",
            "type": "RECTANGLE",
            "tags": [
                "leaf"
            ],
            "boundingBox": {
                "height": 440.97922585227275,
                "width": 369.5403646915517,
                "left": 649.3881696335812,
                "top": 246.1153231534091
            },
            "points": [
                {
                    "x": 649.3881696335812,
                    "y": 246.1153231534091
                },
                {
                    "x": 1018.928534325133,
                    "y": 246.1153231534091
                },
                {
                    "x": 1018.928534325133,
                    "y": 687.0945490056819
                },
                {
                    "x": 649.3881696335812,
                    "y": 687.0945490056819
                }
            ]
        },
        {
            "id": "tNB3qP9cy",
            "type": "RECTANGLE",
            "tags": [
                "leaf"
            ],
            "boundingBox": {
                "height": 463.1971768465909,
                "width": 431.0245963022218,
                "left": 1126.436270495115,
                "top": 260.6437233664773
            },
            "points": [
                {
                    "x": 1126.436270495115,
                    "y": 260.6437233664773
                },
                {
                    "x": 1557.4608667973366,
                    "y": 260.6437233664773
                },
                {
                    "x": 1557.4608667973366,
                    "y": 723.8409002130682
                },
                {
                    "x": 1126.436270495115,
                    "y": 723.8409002130682
                }
            ]
        },
        {
            "id": "C9uVxW1Ek",
            "type": "RECTANGLE",
            "tags": [
                "leaf"
            ],
            "boundingBox": {
                "height": 546.6085759943181,
                "width": 390.25803297687645,
                "left": 1660.1310632583943,
                "top": 236.54555220170454
            },
            "points": [
                {
                    "x": 1660.1310632583943,
                    "y": 236.54555220170454
                },
                {
                    "x": 2050.3890962352707,
                    "y": 236.54555220170454
                },
                {
                    "x": 2050.3890962352707,
                    "y": 783.1541281960227
                },
                {
                    "x": 1660.1310632583943,
                    "y": 783.1541281960227
                }
            ]
        },
        {
            "id": "A9DpM8517",
            "type": "RECTANGLE",
            "tags": [
                "leaf"
            ],
            "boundingBox": {
                "height": 413.2537286931818,
                "width": 284.1316291682827,
                "left": 368.4465169342979,
                "top": 910.0367897727273
            },
            "points": [
                {
                    "x": 368.4465169342979,
                    "y": 910.0367897727273
                },
                {
                    "x": 652.5781461025806,
                    "y": 910.0367897727273
                },
                {
                    "x": 652.5781461025806,
                    "y": 1323.2905184659091
                },
                {
                    "x": 368.4465169342979,
                    "y": 1323.2905184659091
                }
            ]
        },
        {
            "id": "FpoVvdxJR",
            "type": "RECTANGLE",
            "tags": [
                "leaf"
            ],
            "boundingBox": {
                "height": 353.07629616477243,
                "width": 230.8867318804946,
                "left": 776.4204890113632,
                "top": 916.3636363636364
            },
            "points": [
                {
                    "x": 776.4204890113632,
                    "y": 916.3636363636364
                },
                {
                    "x": 1007.3072208918578,
                    "y": 916.3636363636364
                },
                {
                    "x": 1007.3072208918578,
                    "y": 1269.4399325284087
                },
                {
                    "x": 776.4204890113632,
                    "y": 1269.4399325284087
                }
            ]
        },
        {
            "id": "be9mSkTbu",
            "type": "RECTANGLE",
            "tags": [
                "leaf"
            ],
            "boundingBox": {
                "height": 318.4159090909091,
                "width": 229.07680935329861,
                "left": 1163.8073514032026,
                "top": 992.290909090909
            },
            "points": [
                {
                    "x": 1163.8073514032026,
                    "y": 992.290909090909
                },
                {
                    "x": 1392.8841607565012,
                    "y": 992.290909090909
                },
                {
                    "x": 1392.8841607565012,
                    "y": 1310.706818181818
                },
                {
                    "x": 1163.8073514032026,
                    "y": 1310.706818181818
                }
            ]
        },
        {
            "id": "mnu-lYCV-",
            "type": "RECTANGLE",
            "tags": [
                "leaf"
            ],
            "boundingBox": {
                "height": 302.8939453125,
                "width": 176.14448565399675,
                "left": 1479.9905575871749,
                "top": 1030.8477272727273
            },
            "points": [
                {
                    "x": 1479.9905575871749,
                    "y": 1030.8477272727273
                },
                {
                    "x": 1656.1350432411716,
                    "y": 1030.8477272727273
                },
                {
                    "x": 1656.1350432411716,
                    "y": 1333.7416725852272
                },
                {
                    "x": 1479.9905575871749,
                    "y": 1333.7416725852272
                }
            ]
        },
        {
            "id": "B9v2NnWyr",
            "type": "RECTANGLE",
            "tags": [
                "leaf"
            ],
            "boundingBox": {
                "height": 205.51081321022727,
                "width": 133.8041878197492,
                "left": 1845.5575143079104,
                "top": 1080.8017223011361
            },
            "points": [
                {
                    "x": 1845.5575143079104,
                    "y": 1080.8017223011361
                },
                {
                    "x": 1979.3617021276596,
                    "y": 1080.8017223011361
                },
                {
                    "x": 1979.3617021276596,
                    "y": 1286.3125355113634
                },
                {
                    "x": 1845.5575143079104,
                    "y": 1286.3125355113634
                }
            ]
        },
        {
            "id": "Rb7dZF-IF",
            "type": "RECTANGLE",
            "tags": [
                "leaf"
            ],
            "boundingBox": {
                "height": 163.0177734375,
                "width": 125.92408940019901,
                "left": 502.1861445650141,
                "top": 1443.6918856534091
            },
            "points": [
                {
                    "x": 502.1861445650141,
                    "y": 1443.6918856534091
                },
                {
                    "x": 628.1102339652131,
                    "y": 1443.6918856534091
                },
                {
                    "x": 628.1102339652131,
                    "y": 1606.709659090909
                },
                {
                    "x": 502.1861445650141,
                    "y": 1606.709659090909
                }
            ]
        },
        {
            "id": "YogFrC1aK",
            "type": "RECTANGLE",
            "tags": [
                "leaf"
            ],
            "boundingBox": {
                "height": 99.26127485795455,
                "width": 59.9789724507794,
                "left": 808.3712306823008,
                "top": 1515.6636008522728
            },
            "points": [
                {
                    "x": 808.3712306823008,
                    "y": 1515.6636008522728
                },
                {
                    "x": 868.3502031330803,
                    "y": 1515.6636008522728
                },
                {
                    "x": 868.3502031330803,
                    "y": 1614.9248757102273
                },
                {
                    "x": 808.3712306823008,
                    "y": 1614.9248757102273
                }
            ]
        },
        {
            "id": "bWL_5BMKx",
            "type": "RECTANGLE",
            "tags": [
                "leaf"
            ],
            "boundingBox": {
                "height": 89.33810369318182,
                "width": 53.03891193218547,
                "left": 943.5051346727015,
                "top": 1535.961700994318
            },
            "points": [
                {
                    "x": 943.5051346727015,
                    "y": 1535.961700994318
                },
                {
                    "x": 996.544046604887,
                    "y": 1535.961700994318
                },
                {
                    "x": 996.544046604887,
                    "y": 1625.2998046875
                },
                {
                    "x": 943.5051346727015,
                    "y": 1625.2998046875
                }
            ]
        },
        {
            "id": "1Dre55h-Z",
            "type": "RECTANGLE",
            "tags": [
                "leaf"
            ],
            "boundingBox": {
                "height": 113.26273082386363,
                "width": 55.629789023252805,
                "left": 1117.694437374178,
                "top": 1538.0378373579545
            },
            "points": [
                {
                    "x": 1117.694437374178,
                    "y": 1538.0378373579545
                },
                {
                    "x": 1173.324226397431,
                    "y": 1538.0378373579545
                },
                {
                    "x": 1173.324226397431,
                    "y": 1651.300568181818
                },
                {
                    "x": 1117.694437374178,
                    "y": 1651.300568181818
                }
            ]
        }
    ],
    "version": "2.2.0"
}