{
    "asset": {
        "format": "jpg",
        "id": "f9de38acf0682635f53ab483b810160b",
        "name": "2_2_2.jpg",
        "path": "file:/Users/kaitomasuda/Desktop/Univ/LeafDetection/dataset/imgs/2_2_2.jpg",
        "size": {
            "width": 2212,
            "height": 2017
        },
        "state": 2,
        "type": 1
    },
    "regions": [
        {
            "id": "Ur9kPG87d",
            "type": "RECTANGLE",
            "tags": [
                "leaf"
            ],
            "boundingBox": {
                "height": 325.02619916270214,
                "width": 236.44837955267434,
                "left": 388.9720715822621,
                "top": 387.3572829032532
            },
            "points": [
                {
                    "x": 388.9720715822621,
                    "y": 387.3572829032532
                },
                {
                    "x": 625.4204511349365,
                    "y": 387.3572829032532
                },
                {
                    "x": 625.4204511349365,
                    "y": 712.3834820659554
                },
                {
                    "x": 388.9720715822621,
                    "y": 712.3834820659554
                }
            ]
        },
        {
            "id": "-67p4ByV3",
            "type": "RECTANGLE",
            "tags": [
                "leaf"
            ],
            "boundingBox": {
                "height": 447.3164237055797,
                "width": 390.0806358102929,
                "left": 719.5652662056276,
                "top": 255.80985447033834
            },
            "points": [
                {
                    "x": 719.5652662056276,
                    "y": 255.80985447033834
                },
                {
                    "x": 1109.6459020159205,
                    "y": 255.80985447033834
                },
                {
                    "x": 1109.6459020159205,
                    "y": 703.1262781759181
                },
                {
                    "x": 719.5652662056276,
                    "y": 703.1262781759181
                }
            ]
        },
        {
            "id": "C__ZC_5RU",
            "type": "RECTANGLE",
            "tags": [
                "leaf"
            ],
            "boundingBox": {
                "height": 388.7486737321787,
                "width": 369.9663351433215,
                "left": 1203.520139004322,
                "top": 258.2783197583546
            },
            "points": [
                {
                    "x": 1203.520139004322,
                    "y": 258.2783197583546
                },
                {
                    "x": 1573.4864741476433,
                    "y": 258.2783197583546
                },
                {
                    "x": 1573.4864741476433,
                    "y": 647.0269934905333
                },
                {
                    "x": 1203.520139004322,
                    "y": 647.0269934905333
                }
            ]
        },
        {
            "id": "uET5Iqnru",
            "type": "RECTANGLE",
            "tags": [
                "leaf"
            ],
            "boundingBox": {
                "height": 543.0925415672372,
                "width": 469.83031389673835,
                "left": 1616.0394457372931,
                "top": 192.96350584512555
            },
            "points": [
                {
                    "x": 1616.0394457372931,
                    "y": 192.96350584512555
                },
                {
                    "x": 2085.8697596340317,
                    "y": 192.96350584512555
                },
                {
                    "x": 2085.8697596340317,
                    "y": 736.0560474123627
                },
                {
                    "x": 1616.0394457372931,
                    "y": 736.0560474123627
                }
            ]
        },
        {
            "id": "oQzgv8yTQ",
            "type": "RECTANGLE",
            "tags": [
                "leaf"
            ],
            "boundingBox": {
                "height": 535.629743247026,
                "width": 450.6102534445183,
                "left": 245.0134405762873,
                "top": 878.7570365381303
            },
            "points": [
                {
                    "x": 245.0134405762873,
                    "y": 878.7570365381303
                },
                {
                    "x": 695.6236940208056,
                    "y": 878.7570365381303
                },
                {
                    "x": 695.6236940208056,
                    "y": 1414.3867797851562
                },
                {
                    "x": 245.0134405762873,
                    "y": 1414.3867797851562
                }
            ]
        },
        {
            "id": "2N9DVL1BP",
            "type": "RECTANGLE",
            "tags": [
                "leaf"
            ],
            "boundingBox": {
                "height": 479.722625059531,
                "width": 399.6614617963209,
                "left": 764.694035811909,
                "top": 955.7354068187115
            },
            "points": [
                {
                    "x": 764.694035811909,
                    "y": 955.7354068187115
                },
                {
                    "x": 1164.3554976082298,
                    "y": 955.7354068187115
                },
                {
                    "x": 1164.3554976082298,
                    "y": 1435.4580318782425
                },
                {
                    "x": 764.694035811909,
                    "y": 1435.4580318782425
                }
            ]
        },
        {
            "id": "NBpY18X9r",
            "type": "RECTANGLE",
            "tags": [
                "leaf"
            ],
            "boundingBox": {
                "height": 414.11169750248257,
                "width": 326.4494640449542,
                "left": 1258.6759370844416,
                "top": 1020.8767359791717
            },
            "points": [
                {
                    "x": 1258.6759370844416,
                    "y": 1020.8767359791717
                },
                {
                    "x": 1585.1254011293956,
                    "y": 1020.8767359791717
                },
                {
                    "x": 1585.1254011293956,
                    "y": 1434.9884334816543
                },
                {
                    "x": 1258.6759370844416,
                    "y": 1434.9884334816543
                }
            ]
        },
        {
            "id": "e5-5lbaqH",
            "type": "RECTANGLE",
            "tags": [
                "leaf"
            ],
            "boundingBox": {
                "height": 317.1053787409563,
                "width": 267.19374174654627,
                "left": 1738.7253412197103,
                "top": 1032.353075712726
            },
            "points": [
                {
                    "x": 1738.7253412197103,
                    "y": 1032.353075712726
                },
                {
                    "x": 2005.9190829662566,
                    "y": 1032.353075712726
                },
                {
                    "x": 2005.9190829662566,
                    "y": 1349.4584544536824
                },
                {
                    "x": 1738.7253412197103,
                    "y": 1349.4584544536824
                }
            ]
        },
        {
            "id": "vgJPYyUHL",
            "type": "RECTANGLE",
            "tags": [
                "leaf"
            ],
            "boundingBox": {
                "height": 179.20424089048313,
                "width": 132.51032951481236,
                "left": 972.7664266816267,
                "top": 1511.4706996418004
            },
            "points": [
                {
                    "x": 972.7664266816267,
                    "y": 1511.4706996418004
                },
                {
                    "x": 1105.2767561964392,
                    "y": 1511.4706996418004
                },
                {
                    "x": 1105.2767561964392,
                    "y": 1690.6749405322835
                },
                {
                    "x": 972.7664266816267,
                    "y": 1690.6749405322835
                }
            ]
        },
        {
            "id": "oQDSMkOGY",
            "type": "RECTANGLE",
            "tags": [
                "leaf"
            ],
            "boundingBox": {
                "height": 117.88931634608565,
                "width": 76.21237435126699,
                "left": 1290.7495336510046,
                "top": 1520.871130244432
            },
            "points": [
                {
                    "x": 1290.7495336510046,
                    "y": 1520.871130244432
                },
                {
                    "x": 1366.9619080022717,
                    "y": 1520.871130244432
                },
                {
                    "x": 1366.9619080022717,
                    "y": 1638.7604465905176
                },
                {
                    "x": 1290.7495336510046,
                    "y": 1638.7604465905176
                }
            ]
        }
    ],
    "version": "2.2.0"
}