{
    "asset": {
        "format": "jpg",
        "id": "fcc2a445f580a50779db46d113f4ccf3",
        "name": "3_2_10.jpg",
        "path": "file:/Users/kaitomasuda/Desktop/Univ/LeafDetection/dataset/imgs/3_2_10.jpg",
        "size": {
            "width": 2210,
            "height": 2013
        },
        "state": 2,
        "type": 1
    },
    "regions": [
        {
            "id": "KK96BghpF",
            "type": "RECTANGLE",
            "tags": [
                "leaf"
            ],
            "boundingBox": {
                "height": 364.9449797241911,
                "width": 236.06310163225447,
                "left": 390.22399264345603,
                "top": 154.49731398631693
            },
            "points": [
                {
                    "x": 390.22399264345603,
                    "y": 154.49731398631693
                },
                {
                    "x": 626.2870942757105,
                    "y": 154.49731398631693
                },
                {
                    "x": 626.2870942757105,
                    "y": 519.442293710508
                },
                {
                    "x": 390.22399264345603,
                    "y": 519.442293710508
                }
            ]
        },
        {
            "id": "e4hUfr9ze",
            "type": "RECTANGLE",
            "tags": [
                "leaf"
            ],
            "boundingBox": {
                "height": 430.4110482035358,
                "width": 326.2148463019926,
                "left": 731.3483942011923,
                "top": 169.53367810221977
            },
            "points": [
                {
                    "x": 731.3483942011923,
                    "y": 169.53367810221977
                },
                {
                    "x": 1057.563240503185,
                    "y": 169.53367810221977
                },
                {
                    "x": 1057.563240503185,
                    "y": 599.9447263057556
                },
                {
                    "x": 731.3483942011923,
                    "y": 599.9447263057556
                }
            ]
        },
        {
            "id": "xKbhGtb_B",
            "type": "RECTANGLE",
            "tags": [
                "leaf"
            ],
            "boundingBox": {
                "height": 494.94095583855534,
                "width": 411.2312237144763,
                "left": 1131.6734542580848,
                "top": 163.96264012411493
            },
            "points": [
                {
                    "x": 1131.6734542580848,
                    "y": 163.96264012411493
                },
                {
                    "x": 1542.904677972561,
                    "y": 163.96264012411493
                },
                {
                    "x": 1542.904677972561,
                    "y": 658.9035959626702
                },
                {
                    "x": 1131.6734542580848,
                    "y": 658.9035959626702
                }
            ]
        },
        {
            "id": "z02hY83W2",
            "type": "RECTANGLE",
            "tags": [
                "leaf"
            ],
            "boundingBox": {
                "height": 528.6840923593787,
                "width": 454.65002186206993,
                "left": 1660.4896189194524,
                "top": 171.48716505353354
            },
            "points": [
                {
                    "x": 1660.4896189194524,
                    "y": 171.48716505353354
                },
                {
                    "x": 2115.1396407815223,
                    "y": 171.48716505353354
                },
                {
                    "x": 2115.1396407815223,
                    "y": 700.1712574129123
                },
                {
                    "x": 1660.4896189194524,
                    "y": 700.1712574129123
                }
            ]
        },
        {
            "id": "RfPMeW4_a",
            "type": "RECTANGLE",
            "tags": [
                "leaf"
            ],
            "boundingBox": {
                "height": 480.0567031772825,
                "width": 433.83760246250273,
                "left": 286.6253077277739,
                "top": 842.0580032377808
            },
            "points": [
                {
                    "x": 286.6253077277739,
                    "y": 842.0580032377808
                },
                {
                    "x": 720.4629101902766,
                    "y": 842.0580032377808
                },
                {
                    "x": 720.4629101902766,
                    "y": 1322.1147064150634
                },
                {
                    "x": 286.6253077277739,
                    "y": 1322.1147064150634
                }
            ]
        },
        {
            "id": "6kGQ7isFv",
            "type": "RECTANGLE",
            "tags": [
                "leaf"
            ],
            "boundingBox": {
                "height": 376.12546529095215,
                "width": 298.12013632744447,
                "left": 911.0996429762358,
                "top": 903.7807204062351
            },
            "points": [
                {
                    "x": 911.0996429762358,
                    "y": 903.7807204062351
                },
                {
                    "x": 1209.2197793036803,
                    "y": 903.7807204062351
                },
                {
                    "x": 1209.2197793036803,
                    "y": 1279.9061856971873
                },
                {
                    "x": 911.0996429762358,
                    "y": 1279.9061856971873
                }
            ]
        },
        {
            "id": "UW2JQIZ3c",
            "type": "RECTANGLE",
            "tags": [
                "leaf"
            ],
            "boundingBox": {
                "height": 271.9769253265789,
                "width": 193.93748638937282,
                "left": 1282.2231619698662,
                "top": 1069.0160459441847
            },
            "points": [
                {
                    "x": 1282.2231619698662,
                    "y": 1069.0160459441847
                },
                {
                    "x": 1476.1606483592388,
                    "y": 1069.0160459441847
                },
                {
                    "x": 1476.1606483592388,
                    "y": 1340.9929712707635
                },
                {
                    "x": 1282.2231619698662,
                    "y": 1340.9929712707635
                }
            ]
        },
        {
            "id": "28x1Znu-7",
            "type": "RECTANGLE",
            "tags": [
                "leaf"
            ],
            "boundingBox": {
                "height": 160.02500900939592,
                "width": 109.67262613648737,
                "left": 1600.6587011888882,
                "top": 1123.1829936682152
            },
            "points": [
                {
                    "x": 1600.6587011888882,
                    "y": 1123.1829936682152
                },
                {
                    "x": 1710.3313273253757,
                    "y": 1123.1829936682152
                },
                {
                    "x": 1710.3313273253757,
                    "y": 1283.2080026776111
                },
                {
                    "x": 1600.6587011888882,
                    "y": 1283.2080026776111
                }
            ]
        },
        {
            "id": "ZxLekFdEy",
            "type": "RECTANGLE",
            "tags": [
                "leaf"
            ],
            "boundingBox": {
                "height": 98.03048805251404,
                "width": 67.13506293213742,
                "left": 1806.2566883472616,
                "top": 1181.4850237465268
            },
            "points": [
                {
                    "x": 1806.2566883472616,
                    "y": 1181.4850237465268
                },
                {
                    "x": 1873.391751279399,
                    "y": 1181.4850237465268
                },
                {
                    "x": 1873.391751279399,
                    "y": 1279.515511799041
                },
                {
                    "x": 1806.2566883472616,
                    "y": 1279.515511799041
                }
            ]
        },
        {
            "id": "Ec0V5uopY",
            "type": "RECTANGLE",
            "tags": [
                "mark"
            ],
            "boundingBox": {
                "height": 66.13148268048667,
                "width": 58.29216402166812,
                "left": 2086.2520543540395,
                "top": 38.294499180285015
            },
            "points": [
                {
                    "x": 2086.2520543540395,
                    "y": 38.294499180285015
                },
                {
                    "x": 2144.5442183757077,
                    "y": 38.294499180285015
                },
                {
                    "x": 2144.5442183757077,
                    "y": 104.42598186077169
                },
                {
                    "x": 2086.2520543540395,
                    "y": 104.42598186077169
                }
            ]
        },
        {
            "id": "YAUjx9mSi",
            "type": "RECTANGLE",
            "tags": [
                "tag"
            ],
            "boundingBox": {
                "height": 129.55103542699868,
                "width": 322.5742885044643,
                "left": 1798.1841062751798,
                "top": 1783.7526505362691
            },
            "points": [
                {
                    "x": 1798.1841062751798,
                    "y": 1783.7526505362691
                },
                {
                    "x": 2120.758394779644,
                    "y": 1783.7526505362691
                },
                {
                    "x": 2120.758394779644,
                    "y": 1913.3036859632678
                },
                {
                    "x": 1798.1841062751798,
                    "y": 1913.3036859632678
                }
            ]
        },
        {
            "id": "MqC973buD",
            "type": "RECTANGLE",
            "tags": [
                "scale"
            ],
            "boundingBox": {
                "height": 1431.516553481268,
                "width": 748.092563110777,
                "left": 165.75606289640953,
                "top": 385.65927094847933
            },
            "points": [
                {
                    "x": 165.75606289640953,
                    "y": 385.65927094847933
                },
                {
                    "x": 913.8486260071865,
                    "y": 385.65927094847933
                },
                {
                    "x": 913.8486260071865,
                    "y": 1817.1758244297473
                },
                {
                    "x": 165.75606289640953,
                    "y": 1817.1758244297473
                }
            ]
        }
    ],
    "version": "2.2.0"
}