{
    "asset": {
        "format": "jpg",
        "id": "fddc84896388641572bf9e978a38be7f",
        "name": "3_2_7.jpg",
        "path": "file:/Users/kaitomasuda/Desktop/Univ/LeafDetection/dataset/imgs/3_2_7.jpg",
        "size": {
            "width": 2213,
            "height": 2017
        },
        "state": 2,
        "type": 1
    },
    "regions": [
        {
            "id": "Yj1bOpp8X",
            "type": "RECTANGLE",
            "tags": [
                "leaf"
            ],
            "boundingBox": {
                "height": 293.80126457141415,
                "width": 194.63984770558852,
                "left": 388.85542249513423,
                "top": 336.68424558913046
            },
            "points": [
                {
                    "x": 388.85542249513423,
                    "y": 336.68424558913046
                },
                {
                    "x": 583.4952702007228,
                    "y": 336.68424558913046
                },
                {
                    "x": 583.4952702007228,
                    "y": 630.4855101605447
                },
                {
                    "x": 388.85542249513423,
                    "y": 630.4855101605447
                }
            ]
        },
        {
            "id": "RxwS3AW3B",
            "type": "RECTANGLE",
            "tags": [
                "leaf"
            ],
            "boundingBox": {
                "height": 376.33687975210626,
                "width": 311.4450288034898,
                "left": 723.0947078478877,
                "top": 299.82166507640716
            },
            "points": [
                {
                    "x": 723.0947078478877,
                    "y": 299.82166507640716
                },
                {
                    "x": 1034.5397366513776,
                    "y": 299.82166507640716
                },
                {
                    "x": 1034.5397366513776,
                    "y": 676.1585448285134
                },
                {
                    "x": 723.0947078478877,
                    "y": 676.1585448285134
                }
            ]
        },
        {
            "id": "uzOMK5X24",
            "type": "RECTANGLE",
            "tags": [
                "leaf"
            ],
            "boundingBox": {
                "height": 471.46163222712266,
                "width": 396.02899978052864,
                "left": 1333.8636906321456,
                "top": 199.8865239743293
            },
            "points": [
                {
                    "x": 1333.8636906321456,
                    "y": 199.8865239743293
                },
                {
                    "x": 1729.8926904126743,
                    "y": 199.8865239743293
                },
                {
                    "x": 1729.8926904126743,
                    "y": 671.348156201452
                },
                {
                    "x": 1333.8636906321456,
                    "y": 671.348156201452
                }
            ]
        },
        {
            "id": "JcpTvyTO0",
            "type": "RECTANGLE",
            "tags": [
                "leaf"
            ],
            "boundingBox": {
                "height": 544.3940065577199,
                "width": 448.7727355957031,
                "left": 284.4809907388189,
                "top": 880.897591877166
            },
            "points": [
                {
                    "x": 284.4809907388189,
                    "y": 880.897591877166
                },
                {
                    "x": 733.2537263345221,
                    "y": 880.897591877166
                },
                {
                    "x": 733.2537263345221,
                    "y": 1425.2915984348858
                },
                {
                    "x": 284.4809907388189,
                    "y": 1425.2915984348858
                }
            ]
        },
        {
            "id": "DaFuY1Me3",
            "type": "RECTANGLE",
            "tags": [
                "leaf"
            ],
            "boundingBox": {
                "height": 501.7904310645838,
                "width": 393.63631702383225,
                "left": 872.6778543186521,
                "top": 907.6892156363901
            },
            "points": [
                {
                    "x": 872.6778543186521,
                    "y": 907.6892156363901
                },
                {
                    "x": 1266.3141713424843,
                    "y": 907.6892156363901
                },
                {
                    "x": 1266.3141713424843,
                    "y": 1409.479646700974
                },
                {
                    "x": 872.6778543186521,
                    "y": 1409.479646700974
                }
            ]
        },
        {
            "id": "x8zGDcBVc",
            "type": "RECTANGLE",
            "tags": [
                "leaf"
            ],
            "boundingBox": {
                "height": 456.76777336747875,
                "width": 339.27243754423455,
                "left": 1346.499164009759,
                "top": 920.1424163760008
            },
            "points": [
                {
                    "x": 1346.499164009759,
                    "y": 920.1424163760008
                },
                {
                    "x": 1685.7716015539934,
                    "y": 920.1424163760008
                },
                {
                    "x": 1685.7716015539934,
                    "y": 1376.9101897434796
                },
                {
                    "x": 1346.499164009759,
                    "y": 1376.9101897434796
                }
            ]
        },
        {
            "id": "ajiYrzYot",
            "type": "RECTANGLE",
            "tags": [
                "leaf"
            ],
            "boundingBox": {
                "height": 362.63965357238885,
                "width": 258.1480674610736,
                "left": 1769.8256431872007,
                "top": 999.2784407489842
            },
            "points": [
                {
                    "x": 1769.8256431872007,
                    "y": 999.2784407489842
                },
                {
                    "x": 2027.9737106482742,
                    "y": 999.2784407489842
                },
                {
                    "x": 2027.9737106482742,
                    "y": 1361.918094321373
                },
                {
                    "x": 1769.8256431872007,
                    "y": 1361.918094321373
                }
            ]
        },
        {
            "id": "i85fLdqHK",
            "type": "RECTANGLE",
            "tags": [
                "leaf"
            ],
            "boundingBox": {
                "height": 247.24117032519717,
                "width": 184.56366009330085,
                "left": 670.9573787463252,
                "top": 1496.8081141046994
            },
            "points": [
                {
                    "x": 670.9573787463252,
                    "y": 1496.8081141046994
                },
                {
                    "x": 855.521038839626,
                    "y": 1496.8081141046994
                },
                {
                    "x": 855.521038839626,
                    "y": 1744.0492844298967
                },
                {
                    "x": 670.9573787463252,
                    "y": 1744.0492844298967
                }
            ]
        },
        {
            "id": "rRiQD7N2E",
            "type": "RECTANGLE",
            "tags": [
                "leaf"
            ],
            "boundingBox": {
                "height": 174.50510956452408,
                "width": 96.31254040654945,
                "left": 1256.5133022614057,
                "top": 1603.7724108723335
            },
            "points": [
                {
                    "x": 1256.5133022614057,
                    "y": 1603.7724108723335
                },
                {
                    "x": 1352.8258426679552,
                    "y": 1603.7724108723335
                },
                {
                    "x": 1352.8258426679552,
                    "y": 1778.2775204368577
                },
                {
                    "x": 1256.5133022614057,
                    "y": 1778.2775204368577
                }
            ]
        }
    ],
    "version": "2.2.0"
}